2025-05-24 23:38:43,776 - INFO - Starting sentiment analysis test...
2025-05-24 23:38:43,776 - INFO - 
==================================================
2025-05-24 23:38:43,776 - INFO - Testing sentiment analysis for RELIANCE.NS
2025-05-24 23:38:43,776 - INFO - ==================================================
2025-05-24 23:38:45,899 - INFO - No real news found for RELIANCE.NS
2025-05-24 23:38:45,900 - INFO - Analyzing sentiment for RELIANCE.NS with headlines: []
2025-05-24 23:38:45,900 - INFO - 
Sentiment Analysis Results:
2025-05-24 23:38:45,900 - INFO - Stock: RELIANCE.NS
2025-05-24 23:38:45,900 - INFO - Sentiment: NEUTRAL
2025-05-24 23:38:45,900 - INFO - Confidence: 0
2025-05-24 23:38:45,900 - INFO - Themes: None
2025-05-24 23:38:47,906 - INFO - 
==================================================
2025-05-24 23:38:47,908 - INFO - Testing sentiment analysis for TCS.NS
2025-05-24 23:38:47,909 - INFO - ==================================================
2025-05-24 23:38:49,252 - INFO - No real news found for TCS.NS
2025-05-24 23:38:49,252 - INFO - Analyzing sentiment for TCS.NS with headlines: []
2025-05-24 23:38:49,252 - INFO - 
Sentiment Analysis Results:
2025-05-24 23:38:49,252 - INFO - Stock: TCS.NS
2025-05-24 23:38:49,253 - INFO - Sentiment: NEUTRAL
2025-05-24 23:38:49,253 - INFO - Confidence: 0
2025-05-24 23:38:49,253 - INFO - Themes: None
2025-05-24 23:38:51,255 - INFO - 
==================================================
2025-05-24 23:38:51,255 - INFO - Testing sentiment analysis for HDFCBANK.NS
2025-05-24 23:38:51,255 - INFO - ==================================================
2025-05-24 23:38:52,292 - INFO - No real news found for HDFCBANK.NS
2025-05-24 23:38:52,293 - INFO - Analyzing sentiment for HDFCBANK.NS with headlines: []
2025-05-24 23:38:52,293 - INFO - 
Sentiment Analysis Results:
2025-05-24 23:38:52,293 - INFO - Stock: HDFCBANK.NS
2025-05-24 23:38:52,293 - INFO - Sentiment: NEUTRAL
2025-05-24 23:38:52,293 - INFO - Confidence: 0
2025-05-24 23:38:52,293 - INFO - Themes: None
2025-05-24 23:38:54,301 - INFO - 
Testing sector analysis...
2025-05-24 23:38:54,303 - INFO - Sending request to Ollama with model: llama3.2:latest
2025-05-24 23:39:02,211 - INFO - Ollama response status: 200
2025-05-24 23:39:02,214 - INFO - 
Sector Analysis Results:
2025-05-24 23:39:02,214 - INFO - Sector: Technology
2025-05-24 23:39:02,214 - INFO - Outlook: NEUTRAL
2025-05-24 23:39:02,214 - INFO - Drivers: None
2025-05-24 23:39:02,214 - INFO - Risks: None
2025-05-24 23:39:02,214 - INFO - 
Test completed. Check sentiment_analysis.log for detailed logs.
2025-05-24 23:42:26,213 - INFO - Starting sentiment analysis test...
2025-05-24 23:42:26,214 - INFO - 
==================================================
2025-05-24 23:42:26,214 - INFO - Testing sentiment analysis for RELIANCE.NS
2025-05-24 23:42:26,214 - INFO - ==================================================
2025-05-24 23:42:26,214 - ERROR - Error analyzing sentiment for RELIANCE.NS: LocalLLMAnalyzer._get_recent_headlines() takes 2 positional arguments but 3 were given
Traceback (most recent call last):
  File "/Users/asinghai/trader/market_sentiment_analysis.py", line 82, in analyze_news_sentiment
    headlines = self._get_recent_headlines(stock_code, max_headlines)
TypeError: LocalLLMAnalyzer._get_recent_headlines() takes 2 positional arguments but 3 were given
2025-05-24 23:42:26,214 - INFO - 
Sentiment Analysis Results:
2025-05-24 23:42:26,214 - INFO - Stock: RELIANCE.NS
2025-05-24 23:42:26,214 - INFO - Sentiment: NEUTRAL
2025-05-24 23:42:26,214 - INFO - Confidence: 0
2025-05-24 23:42:26,214 - INFO - Themes: None
2025-05-24 23:42:28,219 - INFO - 
==================================================
2025-05-24 23:42:28,220 - INFO - Testing sentiment analysis for TCS.NS
2025-05-24 23:42:28,220 - INFO - ==================================================
2025-05-24 23:42:28,220 - ERROR - Error analyzing sentiment for TCS.NS: LocalLLMAnalyzer._get_recent_headlines() takes 2 positional arguments but 3 were given
Traceback (most recent call last):
  File "/Users/asinghai/trader/market_sentiment_analysis.py", line 82, in analyze_news_sentiment
    headlines = self._get_recent_headlines(stock_code, max_headlines)
TypeError: LocalLLMAnalyzer._get_recent_headlines() takes 2 positional arguments but 3 were given
2025-05-24 23:42:28,221 - INFO - 
Sentiment Analysis Results:
2025-05-24 23:42:28,221 - INFO - Stock: TCS.NS
2025-05-24 23:42:28,221 - INFO - Sentiment: NEUTRAL
2025-05-24 23:42:28,221 - INFO - Confidence: 0
2025-05-24 23:42:28,222 - INFO - Themes: None
2025-05-24 23:42:30,222 - INFO - 
==================================================
2025-05-24 23:42:30,224 - INFO - Testing sentiment analysis for HDFCBANK.NS
2025-05-24 23:42:30,224 - INFO - ==================================================
2025-05-24 23:42:30,225 - ERROR - Error analyzing sentiment for HDFCBANK.NS: LocalLLMAnalyzer._get_recent_headlines() takes 2 positional arguments but 3 were given
Traceback (most recent call last):
  File "/Users/asinghai/trader/market_sentiment_analysis.py", line 82, in analyze_news_sentiment
    headlines = self._get_recent_headlines(stock_code, max_headlines)
TypeError: LocalLLMAnalyzer._get_recent_headlines() takes 2 positional arguments but 3 were given
2025-05-24 23:42:30,225 - INFO - 
Sentiment Analysis Results:
2025-05-24 23:42:30,226 - INFO - Stock: HDFCBANK.NS
2025-05-24 23:42:30,226 - INFO - Sentiment: NEUTRAL
2025-05-24 23:42:30,226 - INFO - Confidence: 0
2025-05-24 23:42:30,226 - INFO - Themes: None
2025-05-24 23:42:32,231 - INFO - 
Testing sector analysis...
2025-05-24 23:42:32,232 - INFO - Sending request to Ollama with model: llama3.2:latest
2025-05-24 23:42:38,891 - INFO - Ollama response status: 200
2025-05-24 23:42:38,892 - INFO - 
Sector Analysis Results:
2025-05-24 23:42:38,892 - INFO - Sector: Technology
2025-05-24 23:42:38,893 - INFO - Outlook: NEUTRAL
2025-05-24 23:42:38,893 - INFO - Drivers: None
2025-05-24 23:42:38,893 - INFO - Risks: None
2025-05-24 23:42:38,893 - INFO - 
Test completed. Check sentiment_analysis.log for detailed logs.
2025-05-24 23:43:32,099 - INFO - Starting sentiment analysis test...
2025-05-24 23:43:32,099 - INFO - 
==================================================
2025-05-24 23:43:32,100 - INFO - Testing sentiment analysis for RELIANCE.NS
2025-05-24 23:43:32,100 - INFO - ==================================================
2025-05-24 23:43:32,100 - ERROR - Error analyzing sentiment for RELIANCE.NS: LocalLLMAnalyzer._get_recent_headlines() takes 2 positional arguments but 3 were given
Traceback (most recent call last):
  File "/Users/asinghai/trader/market_sentiment_analysis.py", line 82, in analyze_news_sentiment
    headlines = self._get_recent_headlines(stock_code, max_headlines)
TypeError: LocalLLMAnalyzer._get_recent_headlines() takes 2 positional arguments but 3 were given
2025-05-24 23:43:32,100 - INFO - 
Sentiment Analysis Results:
2025-05-24 23:43:32,100 - INFO - Stock: RELIANCE.NS
2025-05-24 23:43:32,100 - INFO - Sentiment: NEUTRAL
2025-05-24 23:43:32,100 - INFO - Confidence: 0
2025-05-24 23:43:32,100 - INFO - Themes: None
2025-05-24 23:43:34,105 - INFO - 
==================================================
2025-05-24 23:43:34,106 - INFO - Testing sentiment analysis for TCS.NS
2025-05-24 23:43:34,106 - INFO - ==================================================
2025-05-24 23:43:34,106 - ERROR - Error analyzing sentiment for TCS.NS: LocalLLMAnalyzer._get_recent_headlines() takes 2 positional arguments but 3 were given
Traceback (most recent call last):
  File "/Users/asinghai/trader/market_sentiment_analysis.py", line 82, in analyze_news_sentiment
    headlines = self._get_recent_headlines(stock_code, max_headlines)
TypeError: LocalLLMAnalyzer._get_recent_headlines() takes 2 positional arguments but 3 were given
2025-05-24 23:43:34,107 - INFO - 
Sentiment Analysis Results:
2025-05-24 23:43:34,107 - INFO - Stock: TCS.NS
2025-05-24 23:43:34,107 - INFO - Sentiment: NEUTRAL
2025-05-24 23:43:34,108 - INFO - Confidence: 0
2025-05-24 23:43:34,108 - INFO - Themes: None
2025-05-24 23:43:35,385 - INFO - 
Test completed. Check sentiment_analysis.log for detailed logs.
2025-05-24 23:44:46,447 - INFO - Starting sentiment analysis test...
2025-05-24 23:44:46,448 - INFO - 
==================================================
2025-05-24 23:44:46,448 - INFO - Testing sentiment analysis for RELIANCE
2025-05-24 23:44:46,448 - INFO - ==================================================
2025-05-24 23:44:47,545 - INFO - No real news found for RELIANCE
2025-05-24 23:44:47,546 - INFO - Analyzing sentiment for RELIANCE with headlines: []
2025-05-24 23:44:47,546 - INFO - 
Sentiment Analysis Results:
2025-05-24 23:44:47,546 - INFO - Stock: RELIANCE
2025-05-24 23:44:47,546 - INFO - Sentiment: NEUTRAL
2025-05-24 23:44:47,546 - INFO - Confidence: 0
2025-05-24 23:44:47,546 - INFO - Themes: None
2025-05-24 23:44:49,552 - INFO - 
==================================================
2025-05-24 23:44:49,552 - INFO - Testing sentiment analysis for TCS
2025-05-24 23:44:49,553 - INFO - ==================================================
2025-05-24 23:44:50,101 - INFO - No real news found for TCS
2025-05-24 23:44:50,101 - INFO - Analyzing sentiment for TCS with headlines: []
2025-05-24 23:44:50,101 - INFO - 
Sentiment Analysis Results:
2025-05-24 23:44:50,102 - INFO - Stock: TCS
2025-05-24 23:44:50,102 - INFO - Sentiment: NEUTRAL
2025-05-24 23:44:50,102 - INFO - Confidence: 0
2025-05-24 23:44:50,102 - INFO - Themes: None
2025-05-24 23:44:52,102 - INFO - 
==================================================
2025-05-24 23:44:52,103 - INFO - Testing sentiment analysis for HDFCBANK
2025-05-24 23:44:52,103 - INFO - ==================================================
2025-05-24 23:44:53,121 - INFO - No real news found for HDFCBANK
2025-05-24 23:44:53,122 - INFO - Analyzing sentiment for HDFCBANK with headlines: []
2025-05-24 23:44:53,122 - INFO - 
Sentiment Analysis Results:
2025-05-24 23:44:53,122 - INFO - Stock: HDFCBANK
2025-05-24 23:44:53,122 - INFO - Sentiment: NEUTRAL
2025-05-24 23:44:53,122 - INFO - Confidence: 0
2025-05-24 23:44:53,122 - INFO - Themes: None
2025-05-24 23:44:55,127 - INFO - 
Testing sector analysis...
2025-05-24 23:44:55,128 - INFO - Sending request to Ollama with model: llama3.2:latest
2025-05-24 23:45:01,286 - INFO - Ollama response status: 200
2025-05-24 23:45:01,288 - INFO - 
Sector Analysis Results:
2025-05-24 23:45:01,288 - INFO - Sector: Technology
2025-05-24 23:45:01,288 - INFO - Outlook: NEUTRAL
2025-05-24 23:45:01,288 - INFO - Drivers: None
2025-05-24 23:45:01,288 - INFO - Risks: None
2025-05-24 23:45:01,289 - INFO - 
Test completed. Check sentiment_analysis.log for detailed logs.
2025-05-24 23:45:23,521 - INFO - Starting sentiment analysis test...
2025-05-24 23:45:23,522 - INFO - 
==================================================
2025-05-24 23:45:23,522 - INFO - Testing sentiment analysis for RELIANCE
2025-05-24 23:45:23,522 - INFO - ==================================================
2025-05-24 23:45:24,667 - INFO - No real news found for RELIANCE
2025-05-24 23:45:24,667 - INFO - Analyzing sentiment for RELIANCE with headlines: []
2025-05-24 23:45:24,667 - INFO - 
Sentiment Analysis Results:
2025-05-24 23:45:24,667 - INFO - Stock: RELIANCE
2025-05-24 23:45:24,667 - INFO - Sentiment: NEUTRAL
2025-05-24 23:45:24,667 - INFO - Confidence: 0
2025-05-24 23:45:24,667 - INFO - Themes: None
2025-05-24 23:45:26,673 - INFO - 
==================================================
2025-05-24 23:45:26,675 - INFO - Testing sentiment analysis for TCS
2025-05-24 23:45:26,675 - INFO - ==================================================
2025-05-24 23:45:27,131 - INFO - No real news found for TCS
2025-05-24 23:45:27,131 - INFO - Analyzing sentiment for TCS with headlines: []
2025-05-24 23:45:27,131 - INFO - 
Sentiment Analysis Results:
2025-05-24 23:45:27,131 - INFO - Stock: TCS
2025-05-24 23:45:27,131 - INFO - Sentiment: NEUTRAL
2025-05-24 23:45:27,132 - INFO - Confidence: 0
2025-05-24 23:45:27,132 - INFO - Themes: None
2025-05-24 23:45:29,137 - INFO - 
==================================================
2025-05-24 23:45:29,138 - INFO - Testing sentiment analysis for HDFCBANK
2025-05-24 23:45:29,138 - INFO - ==================================================
2025-05-24 23:45:29,465 - INFO - No real news found for HDFCBANK
2025-05-24 23:45:29,465 - INFO - Analyzing sentiment for HDFCBANK with headlines: []
2025-05-24 23:45:29,465 - INFO - 
Sentiment Analysis Results:
2025-05-24 23:45:29,465 - INFO - Stock: HDFCBANK
2025-05-24 23:45:29,465 - INFO - Sentiment: NEUTRAL
2025-05-24 23:45:29,465 - INFO - Confidence: 0
2025-05-24 23:45:29,465 - INFO - Themes: None
2025-05-24 23:45:31,470 - INFO - 
Testing sector analysis...
2025-05-24 23:45:31,471 - INFO - Sending request to Ollama with model: llama3.2:latest
2025-05-24 23:45:37,215 - INFO - Ollama response status: 200
2025-05-24 23:45:37,215 - INFO - 
Sector Analysis Results:
2025-05-24 23:45:37,215 - INFO - Sector: Technology
2025-05-24 23:45:37,215 - INFO - Outlook: NEUTRAL
2025-05-24 23:45:37,215 - INFO - Drivers: None
2025-05-24 23:45:37,215 - INFO - Risks: None
2025-05-24 23:45:37,215 - INFO - 
Test completed. Check sentiment_analysis.log for detailed logs.
2025-05-24 23:46:07,758 - INFO - Starting sentiment analysis test...
2025-05-24 23:46:07,758 - INFO - 
==================================================
2025-05-24 23:46:07,758 - INFO - Testing sentiment analysis for RELIANCE
2025-05-24 23:46:07,758 - INFO - ==================================================
2025-05-24 23:46:07,758 - INFO - Fetching news for ticker: RELIANCE
2025-05-24 23:46:08,435 - INFO - Found 0 total news items from Yahoo Finance
2025-05-24 23:46:08,435 - INFO - No relevant headlines found in 0 news items for RELIANCE
2025-05-24 23:46:09,084 - INFO - No real news found for RELIANCE
2025-05-24 23:46:09,084 - INFO - Analyzing sentiment for RELIANCE with headlines: []
2025-05-24 23:46:09,084 - INFO - 
Sentiment Analysis Results:
2025-05-24 23:46:09,084 - INFO - Stock: RELIANCE
2025-05-24 23:46:09,084 - INFO - Sentiment: NEUTRAL
2025-05-24 23:46:09,085 - INFO - Confidence: 0
2025-05-24 23:46:09,085 - INFO - Themes: None
2025-05-24 23:46:11,090 - INFO - 
==================================================
2025-05-24 23:46:11,092 - INFO - Testing sentiment analysis for TCS
2025-05-24 23:46:11,092 - INFO - ==================================================
2025-05-24 23:46:11,094 - INFO - Fetching news for ticker: TCS
2025-05-24 23:46:11,379 - INFO - Found 10 total news items from Yahoo Finance
2025-05-24 23:46:11,380 - INFO - News item 1 keys: dict_keys(['id', 'content'])
2025-05-24 23:46:11,380 - INFO - News item 2 keys: dict_keys(['id', 'content'])
2025-05-24 23:46:11,380 - INFO - News item 3 keys: dict_keys(['id', 'content'])
2025-05-24 23:46:11,380 - INFO - No relevant headlines found in 10 news items for TCS
2025-05-24 23:46:11,595 - INFO - No real news found for TCS
2025-05-24 23:46:11,595 - INFO - Analyzing sentiment for TCS with headlines: []
2025-05-24 23:46:11,595 - INFO - 
Sentiment Analysis Results:
2025-05-24 23:46:11,595 - INFO - Stock: TCS
2025-05-24 23:46:11,595 - INFO - Sentiment: NEUTRAL
2025-05-24 23:46:11,595 - INFO - Confidence: 0
2025-05-24 23:46:11,595 - INFO - Themes: None
2025-05-24 23:46:13,600 - INFO - 
==================================================
2025-05-24 23:46:13,601 - INFO - Testing sentiment analysis for HDFCBANK
2025-05-24 23:46:13,601 - INFO - ==================================================
2025-05-24 23:46:13,601 - INFO - Fetching news for ticker: HDFCBANK
2025-05-24 23:46:13,751 - INFO - Found 0 total news items from Yahoo Finance
2025-05-24 23:46:13,751 - INFO - No relevant headlines found in 0 news items for HDFCBANK
2025-05-24 23:46:13,973 - INFO - No real news found for HDFCBANK
2025-05-24 23:46:13,973 - INFO - Analyzing sentiment for HDFCBANK with headlines: []
2025-05-24 23:46:13,973 - INFO - 
Sentiment Analysis Results:
2025-05-24 23:46:13,973 - INFO - Stock: HDFCBANK
2025-05-24 23:46:13,973 - INFO - Sentiment: NEUTRAL
2025-05-24 23:46:13,973 - INFO - Confidence: 0
2025-05-24 23:46:13,973 - INFO - Themes: None
2025-05-24 23:46:15,979 - INFO - 
Testing sector analysis...
2025-05-24 23:46:15,979 - INFO - Sending request to Ollama with model: llama3.2:latest
2025-05-24 23:46:21,377 - INFO - Ollama response status: 200
2025-05-24 23:46:21,378 - INFO - 
Sector Analysis Results:
2025-05-24 23:46:21,378 - INFO - Sector: Technology
2025-05-24 23:46:21,378 - INFO - Outlook: NEUTRAL
2025-05-24 23:46:21,378 - INFO - Drivers: None
2025-05-24 23:46:21,378 - INFO - Risks: None
2025-05-24 23:46:21,378 - INFO - 
Test completed. Check sentiment_analysis.log for detailed logs.
2025-05-24 23:47:00,211 - INFO - Starting sentiment analysis test...
2025-05-24 23:47:00,211 - INFO - 
==================================================
2025-05-24 23:47:00,211 - INFO - Testing sentiment analysis for RELIANCE
2025-05-24 23:47:00,211 - INFO - ==================================================
2025-05-24 23:47:00,212 - INFO - Ticker object type: <class 'yfinance.ticker.Ticker'>
2025-05-24 23:47:00,212 - INFO - Ticker string representation: yfinance.Ticker object <RELIANCE>
2025-05-24 23:47:00,212 - INFO - Ticker attributes/methods: actions, analyst_price_targets, balance_sheet, balancesheet, basic_info, calendar, capital_gains, cash_flow, cashflow, dividends, earnings, earnings_dates, earnings_estimate, earnings_history, eps_revisions, eps_trend, fast_info, financials, funds_data, get_actions, get_analyst_price_targets, get_balance_sheet, get_balancesheet, get_calendar, get_capital_gains, get_cash_flow, get_cashflow, get_dividends, get_earnings, get_earnings_dates, get_earnings_estimate, get_earnings_history, get_eps_revisions, get_eps_trend, get_fast_info, get_financials, get_funds_data, get_growth_estimates, get_history_metadata, get_income_stmt, get_incomestmt, get_info, get_insider_purchases, get_insider_roster_holders, get_insider_transactions, get_institutional_holders, get_isin, get_major_holders, get_mutualfund_holders, get_news, get_recommendations, get_recommendations_summary, get_revenue_estimate, get_sec_filings, get_shares, get_shares_full, get_splits, get_sustainability, get_upgrades_downgrades, growth_estimates, history, history_metadata, income_stmt, incomestmt, info, insider_purchases, insider_roster_holders, insider_transactions, institutional_holders, isin, live, major_holders, mutualfund_holders, news, option_chain, options, quarterly_balance_sheet, quarterly_balancesheet, quarterly_cash_flow, quarterly_cashflow, quarterly_earnings, quarterly_financials, quarterly_income_stmt, quarterly_incomestmt, recommendations, recommendations_summary, revenue_estimate, sec_filings, session, shares, splits, sustainability, ticker, ttm_cash_flow, ttm_cashflow, ttm_financials, ttm_income_stmt, ttm_incomestmt, upgrades_downgrades, ws
2025-05-24 23:47:02,004 - INFO - Ticker info keys: ['maxAge', 'priceHint', 'tradeable', 'quoteType', 'symbol', 'language', 'region', 'typeDisp', 'triggerable', 'customPriceAlertConfidence', 'esgPopulated', 'earningsTimestampStart', 'earningsTimestampEnd', 'epsForward', 'cryptoTradeable', 'hasPrePostMarketData', 'corporateActions', 'trailingPegRatio']
2025-05-24 23:47:02,006 - INFO - Fetching news for ticker: RELIANCE
2025-05-24 23:47:02,530 - INFO - Found 0 total news items from Yahoo Finance
2025-05-24 23:47:02,531 - INFO - No relevant headlines found in 0 news items for RELIANCE
2025-05-24 23:47:03,086 - INFO - No real news found for RELIANCE
2025-05-24 23:47:03,088 - INFO - Analyzing sentiment for RELIANCE with headlines: []
2025-05-24 23:47:03,088 - INFO - 
Sentiment Analysis Results:
2025-05-24 23:47:03,088 - INFO - Stock: RELIANCE
2025-05-24 23:47:03,088 - INFO - Sentiment: NEUTRAL
2025-05-24 23:47:03,088 - INFO - Confidence: 0
2025-05-24 23:47:03,088 - INFO - Themes: None
2025-05-24 23:47:05,093 - INFO - 
==================================================
2025-05-24 23:47:05,094 - INFO - Testing sentiment analysis for TCS
2025-05-24 23:47:05,094 - INFO - ==================================================
2025-05-24 23:47:05,094 - INFO - Ticker object type: <class 'yfinance.ticker.Ticker'>
2025-05-24 23:47:05,094 - INFO - Ticker string representation: yfinance.Ticker object <TCS>
2025-05-24 23:47:05,094 - INFO - Ticker attributes/methods: actions, analyst_price_targets, balance_sheet, balancesheet, basic_info, calendar, capital_gains, cash_flow, cashflow, dividends, earnings, earnings_dates, earnings_estimate, earnings_history, eps_revisions, eps_trend, fast_info, financials, funds_data, get_actions, get_analyst_price_targets, get_balance_sheet, get_balancesheet, get_calendar, get_capital_gains, get_cash_flow, get_cashflow, get_dividends, get_earnings, get_earnings_dates, get_earnings_estimate, get_earnings_history, get_eps_revisions, get_eps_trend, get_fast_info, get_financials, get_funds_data, get_growth_estimates, get_history_metadata, get_income_stmt, get_incomestmt, get_info, get_insider_purchases, get_insider_roster_holders, get_insider_transactions, get_institutional_holders, get_isin, get_major_holders, get_mutualfund_holders, get_news, get_recommendations, get_recommendations_summary, get_revenue_estimate, get_sec_filings, get_shares, get_shares_full, get_splits, get_sustainability, get_upgrades_downgrades, growth_estimates, history, history_metadata, income_stmt, incomestmt, info, insider_purchases, insider_roster_holders, insider_transactions, institutional_holders, isin, live, major_holders, mutualfund_holders, news, option_chain, options, quarterly_balance_sheet, quarterly_balancesheet, quarterly_cash_flow, quarterly_cashflow, quarterly_earnings, quarterly_financials, quarterly_income_stmt, quarterly_incomestmt, recommendations, recommendations_summary, revenue_estimate, sec_filings, session, shares, splits, sustainability, ticker, ttm_cash_flow, ttm_cashflow, ttm_financials, ttm_income_stmt, ttm_incomestmt, upgrades_downgrades, ws
2025-05-24 23:47:05,434 - INFO - Ticker info keys: ['quoteType', 'symbol', 'underlyingSymbol', 'uuid', 'maxAge', 'trailingPegRatio']
2025-05-24 23:47:05,434 - INFO - Fetching news for ticker: TCS
2025-05-24 23:47:05,675 - INFO - Found 10 total news items from Yahoo Finance
2025-05-24 23:47:05,675 - INFO - News item 1 keys: dict_keys(['id', 'content'])
2025-05-24 23:47:05,676 - INFO - News item 2 keys: dict_keys(['id', 'content'])
2025-05-24 23:47:05,676 - INFO - News item 3 keys: dict_keys(['id', 'content'])
2025-05-24 23:47:05,676 - INFO - No relevant headlines found in 10 news items for TCS
2025-05-24 23:47:05,825 - INFO - No real news found for TCS
2025-05-24 23:47:05,825 - INFO - Analyzing sentiment for TCS with headlines: []
2025-05-24 23:47:05,825 - INFO - 
Sentiment Analysis Results:
2025-05-24 23:47:05,825 - INFO - Stock: TCS
2025-05-24 23:47:05,825 - INFO - Sentiment: NEUTRAL
2025-05-24 23:47:05,825 - INFO - Confidence: 0
2025-05-24 23:47:05,825 - INFO - Themes: None
2025-05-24 23:47:07,831 - INFO - 
==================================================
2025-05-24 23:47:07,831 - INFO - Testing sentiment analysis for HDFCBANK
2025-05-24 23:47:07,831 - INFO - ==================================================
2025-05-24 23:47:07,831 - INFO - Ticker object type: <class 'yfinance.ticker.Ticker'>
2025-05-24 23:47:07,831 - INFO - Ticker string representation: yfinance.Ticker object <HDFCBANK>
2025-05-24 23:47:07,831 - INFO - Ticker attributes/methods: actions, analyst_price_targets, balance_sheet, balancesheet, basic_info, calendar, capital_gains, cash_flow, cashflow, dividends, earnings, earnings_dates, earnings_estimate, earnings_history, eps_revisions, eps_trend, fast_info, financials, funds_data, get_actions, get_analyst_price_targets, get_balance_sheet, get_balancesheet, get_calendar, get_capital_gains, get_cash_flow, get_cashflow, get_dividends, get_earnings, get_earnings_dates, get_earnings_estimate, get_earnings_history, get_eps_revisions, get_eps_trend, get_fast_info, get_financials, get_funds_data, get_growth_estimates, get_history_metadata, get_income_stmt, get_incomestmt, get_info, get_insider_purchases, get_insider_roster_holders, get_insider_transactions, get_institutional_holders, get_isin, get_major_holders, get_mutualfund_holders, get_news, get_recommendations, get_recommendations_summary, get_revenue_estimate, get_sec_filings, get_shares, get_shares_full, get_splits, get_sustainability, get_upgrades_downgrades, growth_estimates, history, history_metadata, income_stmt, incomestmt, info, insider_purchases, insider_roster_holders, insider_transactions, institutional_holders, isin, live, major_holders, mutualfund_holders, news, option_chain, options, quarterly_balance_sheet, quarterly_balancesheet, quarterly_cash_flow, quarterly_cashflow, quarterly_earnings, quarterly_financials, quarterly_income_stmt, quarterly_incomestmt, recommendations, recommendations_summary, revenue_estimate, sec_filings, session, shares, splits, sustainability, ticker, ttm_cash_flow, ttm_cashflow, ttm_financials, ttm_income_stmt, ttm_incomestmt, upgrades_downgrades, ws
2025-05-24 23:47:08,190 - INFO - Ticker info keys: ['quoteType', 'symbol', 'underlyingSymbol', 'uuid', 'maxAge', 'trailingPegRatio']
2025-05-24 23:47:08,190 - INFO - Fetching news for ticker: HDFCBANK
2025-05-24 23:47:08,350 - INFO - Found 0 total news items from Yahoo Finance
2025-05-24 23:47:08,350 - INFO - No relevant headlines found in 0 news items for HDFCBANK
2025-05-24 23:47:08,536 - INFO - No real news found for HDFCBANK
2025-05-24 23:47:08,536 - INFO - Analyzing sentiment for HDFCBANK with headlines: []
2025-05-24 23:47:08,536 - INFO - 
Sentiment Analysis Results:
2025-05-24 23:47:08,536 - INFO - Stock: HDFCBANK
2025-05-24 23:47:08,536 - INFO - Sentiment: NEUTRAL
2025-05-24 23:47:08,536 - INFO - Confidence: 0
2025-05-24 23:47:08,536 - INFO - Themes: None
2025-05-24 23:47:10,541 - INFO - 
Testing sector analysis...
2025-05-24 23:47:10,542 - INFO - Sending request to Ollama with model: llama3.2:latest
2025-05-24 23:47:16,365 - INFO - Ollama response status: 200
2025-05-24 23:47:16,366 - INFO - 
Sector Analysis Results:
2025-05-24 23:47:16,366 - INFO - Sector: Technology
2025-05-24 23:47:16,366 - INFO - Outlook: NEUTRAL
2025-05-24 23:47:16,366 - INFO - Drivers: None
2025-05-24 23:47:16,366 - INFO - Risks: None
2025-05-24 23:47:16,366 - INFO - 
Test completed. Check sentiment_analysis.log for detailed logs.
2025-05-24 23:48:31,974 - INFO - Starting sentiment analysis test...
2025-05-24 23:48:31,975 - INFO - 
==================================================
2025-05-24 23:48:31,975 - INFO - Testing sentiment analysis for RELIANCE
2025-05-24 23:48:31,975 - INFO - ==================================================
2025-05-24 23:48:31,975 - INFO - Ticker attributes/methods: actions, analyst_price_targets, balance_sheet, balancesheet, basic_info, calendar, capital_gains, cash_flow, cashflow, dividends, earnings, earnings_dates, earnings_estimate, earnings_history, eps_revisions, eps_trend, fast_info, financials, funds_data, get_actions, get_analyst_price_targets, get_balance_sheet, get_balancesheet, get_calendar, get_capital_gains, get_cash_flow, get_cashflow, get_dividends, get_earnings, get_earnings_dates, get_earnings_estimate, get_earnings_history, get_eps_revisions, get_eps_trend, get_fast_info, get_financials, get_funds_data, get_growth_estimates, get_history_metadata, get_income_stmt, get_incomestmt, get_info, get_insider_purchases, get_insider_roster_holders, get_insider_transactions, get_institutional_holders, get_isin, get_major_holders, get_mutualfund_holders, get_news, get_recommendations, get_recommendations_summary, get_revenue_estimate, get_sec_filings, get_shares, get_shares_full, get_splits, get_sustainability, get_upgrades_downgrades, growth_estimates, history, history_metadata, income_stmt, incomestmt, info, insider_purchases, insider_roster_holders, insider_transactions, institutional_holders, isin, live, major_holders, mutualfund_holders, news, option_chain, options, quarterly_balance_sheet, quarterly_balancesheet, quarterly_cash_flow, quarterly_cashflow, quarterly_earnings, quarterly_financials, quarterly_income_stmt, quarterly_incomestmt, recommendations, recommendations_summary, revenue_estimate, sec_filings, session, shares, splits, sustainability, ticker, ttm_cash_flow, ttm_cashflow, ttm_financials, ttm_income_stmt, ttm_incomestmt, upgrades_downgrades, ws
2025-05-24 23:48:32,753 - INFO - Ticker info keys: ['maxAge', 'priceHint', 'tradeable', 'quoteType', 'symbol', 'language', 'region', 'typeDisp', 'triggerable', 'customPriceAlertConfidence', 'hasPrePostMarketData', 'corporateActions', 'esgPopulated', 'earningsTimestampStart', 'earningsTimestampEnd', 'epsForward', 'cryptoTradeable', 'trailingPegRatio']
2025-05-24 23:48:32,754 - INFO - Fetching news for ticker: RELIANCE
2025-05-24 23:48:33,081 - INFO - Found 0 total news items from Yahoo Finance
2025-05-24 23:48:33,081 - INFO - No relevant headlines found in 0 news items for RELIANCE
2025-05-24 23:48:33,823 - INFO - No real news found for RELIANCE
2025-05-24 23:48:33,823 - INFO - Analyzing sentiment for RELIANCE with headlines: []
2025-05-24 23:48:33,823 - INFO - 
Sentiment Analysis Results:
2025-05-24 23:48:33,823 - INFO - Stock: RELIANCE
2025-05-24 23:48:33,823 - INFO - Sentiment: NEUTRAL
2025-05-24 23:48:33,823 - INFO - Confidence: 0
2025-05-24 23:48:33,823 - INFO - Themes: None
2025-05-24 23:48:35,826 - INFO - 
==================================================
2025-05-24 23:48:35,827 - INFO - Testing sentiment analysis for TCS
2025-05-24 23:48:35,827 - INFO - ==================================================
2025-05-24 23:48:35,827 - INFO - Ticker attributes/methods: actions, analyst_price_targets, balance_sheet, balancesheet, basic_info, calendar, capital_gains, cash_flow, cashflow, dividends, earnings, earnings_dates, earnings_estimate, earnings_history, eps_revisions, eps_trend, fast_info, financials, funds_data, get_actions, get_analyst_price_targets, get_balance_sheet, get_balancesheet, get_calendar, get_capital_gains, get_cash_flow, get_cashflow, get_dividends, get_earnings, get_earnings_dates, get_earnings_estimate, get_earnings_history, get_eps_revisions, get_eps_trend, get_fast_info, get_financials, get_funds_data, get_growth_estimates, get_history_metadata, get_income_stmt, get_incomestmt, get_info, get_insider_purchases, get_insider_roster_holders, get_insider_transactions, get_institutional_holders, get_isin, get_major_holders, get_mutualfund_holders, get_news, get_recommendations, get_recommendations_summary, get_revenue_estimate, get_sec_filings, get_shares, get_shares_full, get_splits, get_sustainability, get_upgrades_downgrades, growth_estimates, history, history_metadata, income_stmt, incomestmt, info, insider_purchases, insider_roster_holders, insider_transactions, institutional_holders, isin, live, major_holders, mutualfund_holders, news, option_chain, options, quarterly_balance_sheet, quarterly_balancesheet, quarterly_cash_flow, quarterly_cashflow, quarterly_earnings, quarterly_financials, quarterly_income_stmt, quarterly_incomestmt, recommendations, recommendations_summary, revenue_estimate, sec_filings, session, shares, splits, sustainability, ticker, ttm_cash_flow, ttm_cashflow, ttm_financials, ttm_income_stmt, ttm_incomestmt, upgrades_downgrades, ws
2025-05-24 23:48:36,144 - INFO - Ticker info keys: ['quoteType', 'symbol', 'underlyingSymbol', 'uuid', 'maxAge', 'trailingPegRatio']
2025-05-24 23:48:36,145 - INFO - Fetching news for ticker: TCS
2025-05-24 23:48:36,379 - INFO - Found 10 total news items from Yahoo Finance
2025-05-24 23:48:36,379 - INFO - News item 1 type: <class 'dict'>
2025-05-24 23:48:36,379 - INFO -   News item keys: ['id', 'content']
2025-05-24 23:48:36,380 - INFO - News item 2 type: <class 'dict'>
2025-05-24 23:48:36,380 - INFO -   News item keys: ['id', 'content']
2025-05-24 23:48:36,380 - INFO - News item 3 type: <class 'dict'>
2025-05-24 23:48:36,380 - INFO -   News item keys: ['id', 'content']
2025-05-24 23:48:36,381 - INFO - No relevant headlines found in 10 news items for TCS
2025-05-24 23:48:36,578 - INFO - No real news found for TCS
2025-05-24 23:48:36,578 - INFO - Analyzing sentiment for TCS with headlines: []
2025-05-24 23:48:36,578 - INFO - 
Sentiment Analysis Results:
2025-05-24 23:48:36,578 - INFO - Stock: TCS
2025-05-24 23:48:36,578 - INFO - Sentiment: NEUTRAL
2025-05-24 23:48:36,578 - INFO - Confidence: 0
2025-05-24 23:48:36,578 - INFO - Themes: None
2025-05-24 23:48:38,583 - INFO - 
==================================================
2025-05-24 23:48:38,585 - INFO - Testing sentiment analysis for HDFCBANK
2025-05-24 23:48:38,586 - INFO - ==================================================
2025-05-24 23:48:38,587 - INFO - Ticker attributes/methods: actions, analyst_price_targets, balance_sheet, balancesheet, basic_info, calendar, capital_gains, cash_flow, cashflow, dividends, earnings, earnings_dates, earnings_estimate, earnings_history, eps_revisions, eps_trend, fast_info, financials, funds_data, get_actions, get_analyst_price_targets, get_balance_sheet, get_balancesheet, get_calendar, get_capital_gains, get_cash_flow, get_cashflow, get_dividends, get_earnings, get_earnings_dates, get_earnings_estimate, get_earnings_history, get_eps_revisions, get_eps_trend, get_fast_info, get_financials, get_funds_data, get_growth_estimates, get_history_metadata, get_income_stmt, get_incomestmt, get_info, get_insider_purchases, get_insider_roster_holders, get_insider_transactions, get_institutional_holders, get_isin, get_major_holders, get_mutualfund_holders, get_news, get_recommendations, get_recommendations_summary, get_revenue_estimate, get_sec_filings, get_shares, get_shares_full, get_splits, get_sustainability, get_upgrades_downgrades, growth_estimates, history, history_metadata, income_stmt, incomestmt, info, insider_purchases, insider_roster_holders, insider_transactions, institutional_holders, isin, live, major_holders, mutualfund_holders, news, option_chain, options, quarterly_balance_sheet, quarterly_balancesheet, quarterly_cash_flow, quarterly_cashflow, quarterly_earnings, quarterly_financials, quarterly_income_stmt, quarterly_incomestmt, recommendations, recommendations_summary, revenue_estimate, sec_filings, session, shares, splits, sustainability, ticker, ttm_cash_flow, ttm_cashflow, ttm_financials, ttm_income_stmt, ttm_incomestmt, upgrades_downgrades, ws
2025-05-24 23:48:39,142 - INFO - Ticker info keys: ['quoteType', 'symbol', 'underlyingSymbol', 'uuid', 'maxAge', 'trailingPegRatio']
2025-05-24 23:48:39,143 - INFO - Fetching news for ticker: HDFCBANK
2025-05-24 23:48:39,328 - INFO - Found 0 total news items from Yahoo Finance
2025-05-24 23:48:39,329 - INFO - No relevant headlines found in 0 news items for HDFCBANK
2025-05-24 23:48:39,885 - INFO - No real news found for HDFCBANK
2025-05-24 23:48:39,886 - INFO - Analyzing sentiment for HDFCBANK with headlines: []
2025-05-24 23:48:39,886 - INFO - 
Sentiment Analysis Results:
2025-05-24 23:48:39,886 - INFO - Stock: HDFCBANK
2025-05-24 23:48:39,886 - INFO - Sentiment: NEUTRAL
2025-05-24 23:48:39,886 - INFO - Confidence: 0
2025-05-24 23:48:39,886 - INFO - Themes: None
2025-05-24 23:48:41,888 - INFO - 
Testing sector analysis...
2025-05-24 23:48:41,888 - INFO - Sending request to Ollama with model: llama3.2:latest
2025-05-24 23:48:47,753 - INFO - Ollama response status: 200
2025-05-24 23:48:47,754 - INFO - 
Sector Analysis Results:
2025-05-24 23:48:47,754 - INFO - Sector: Technology
2025-05-24 23:48:47,754 - INFO - Outlook: NEUTRAL
2025-05-24 23:48:47,754 - INFO - Drivers: None
2025-05-24 23:48:47,754 - INFO - Risks: None
2025-05-24 23:48:47,755 - INFO - 
Test completed. Check sentiment_analysis.log for detailed logs.
2025-05-24 23:49:21,286 - INFO - Starting sentiment analysis test...
2025-05-24 23:49:21,286 - INFO - 
==================================================
2025-05-24 23:49:21,286 - INFO - Testing sentiment analysis for RELIANCE.NS
2025-05-24 23:49:21,286 - INFO - ==================================================
2025-05-24 23:49:21,287 - INFO - Ticker attributes/methods: actions, analyst_price_targets, balance_sheet, balancesheet, basic_info, calendar, capital_gains, cash_flow, cashflow, dividends, earnings, earnings_dates, earnings_estimate, earnings_history, eps_revisions, eps_trend, fast_info, financials, funds_data, get_actions, get_analyst_price_targets, get_balance_sheet, get_balancesheet, get_calendar, get_capital_gains, get_cash_flow, get_cashflow, get_dividends, get_earnings, get_earnings_dates, get_earnings_estimate, get_earnings_history, get_eps_revisions, get_eps_trend, get_fast_info, get_financials, get_funds_data, get_growth_estimates, get_history_metadata, get_income_stmt, get_incomestmt, get_info, get_insider_purchases, get_insider_roster_holders, get_insider_transactions, get_institutional_holders, get_isin, get_major_holders, get_mutualfund_holders, get_news, get_recommendations, get_recommendations_summary, get_revenue_estimate, get_sec_filings, get_shares, get_shares_full, get_splits, get_sustainability, get_upgrades_downgrades, growth_estimates, history, history_metadata, income_stmt, incomestmt, info, insider_purchases, insider_roster_holders, insider_transactions, institutional_holders, isin, live, major_holders, mutualfund_holders, news, option_chain, options, quarterly_balance_sheet, quarterly_balancesheet, quarterly_cash_flow, quarterly_cashflow, quarterly_earnings, quarterly_financials, quarterly_income_stmt, quarterly_incomestmt, recommendations, recommendations_summary, revenue_estimate, sec_filings, session, shares, splits, sustainability, ticker, ttm_cash_flow, ttm_cashflow, ttm_financials, ttm_income_stmt, ttm_incomestmt, upgrades_downgrades, ws
2025-05-24 23:49:22,712 - INFO - Ticker info keys: ['address1', 'address2', 'city', 'zip', 'country', 'phone', 'fax', 'website', 'industry', 'industryKey', 'industryDisp', 'sector', 'sectorKey', 'sectorDisp', 'longBusinessSummary', 'companyOfficers', 'auditRisk', 'boardRisk', 'compensationRisk', 'shareHolderRightsRisk', 'overallRisk', 'governanceEpochDate', 'compensationAsOfEpochDate', 'irWebsite', 'executiveTeam', 'maxAge', 'priceHint', 'previousClose', 'open', 'dayLow', 'dayHigh', 'regularMarketPreviousClose', 'regularMarketOpen', 'regularMarketDayLow', 'regularMarketDayHigh', 'dividendRate', 'dividendYield', 'exDividendDate', 'payoutRatio', 'fiveYearAvgDividendYield', 'beta', 'trailingPE', 'forwardPE', 'volume', 'regularMarketVolume', 'averageVolume', 'averageVolume10days', 'averageDailyVolume10Day', 'bid', 'ask', 'bidSize', 'askSize', 'marketCap', 'fiftyTwoWeekLow', 'fiftyTwoWeekHigh', 'priceToSalesTrailing12Months', 'fiftyDayAverage', 'twoHundredDayAverage', 'trailingAnnualDividendRate', 'trailingAnnualDividendYield', 'currency', 'tradeable', 'enterpriseValue', 'profitMargins', 'floatShares', 'sharesOutstanding', 'heldPercentInsiders', 'heldPercentInstitutions', 'impliedSharesOutstanding', 'bookValue', 'priceToBook', 'lastFiscalYearEnd', 'nextFiscalYearEnd', 'mostRecentQuarter', 'earningsQuarterlyGrowth', 'netIncomeToCommon', 'trailingEps', 'forwardEps', 'lastSplitFactor', 'lastSplitDate', 'enterpriseToRevenue', 'enterpriseToEbitda', '52WeekChange', 'SandP52WeekChange', 'lastDividendValue', 'lastDividendDate', 'quoteType', 'currentPrice', 'targetHighPrice', 'targetLowPrice', 'targetMeanPrice', 'targetMedianPrice', 'recommendationMean', 'recommendationKey', 'numberOfAnalystOpinions', 'totalCash', 'totalCashPerShare', 'ebitda', 'totalDebt', 'quickRatio', 'currentRatio', 'totalRevenue', 'debtToEquity', 'revenuePerShare', 'returnOnAssets', 'returnOnEquity', 'grossProfits', 'freeCashflow', 'operatingCashflow', 'earningsGrowth', 'revenueGrowth', 'grossMargins', 'ebitdaMargins', 'operatingMargins', 'financialCurrency', 'symbol', 'language', 'region', 'typeDisp', 'quoteSourceName', 'triggerable', 'customPriceAlertConfidence', 'regularMarketChangePercent', 'regularMarketPrice', 'corporateActions', 'regularMarketTime', 'exchange', 'messageBoardId', 'exchangeTimezoneName', 'exchangeTimezoneShortName', 'gmtOffSetMilliseconds', 'market', 'esgPopulated', 'hasPrePostMarketData', 'firstTradeDateMilliseconds', 'marketState', 'shortName', 'longName', 'earningsTimestamp', 'earningsTimestampStart', 'earningsTimestampEnd', 'earningsCallTimestampStart', 'earningsCallTimestampEnd', 'isEarningsDateEstimate', 'epsTrailingTwelveMonths', 'epsForward', 'epsCurrentYear', 'priceEpsCurrentYear', 'fiftyDayAverageChange', 'fiftyDayAverageChangePercent', 'twoHundredDayAverageChange', 'twoHundredDayAverageChangePercent', 'sourceInterval', 'exchangeDataDelayedBy', 'averageAnalystRating', 'cryptoTradeable', 'regularMarketChange', 'regularMarketDayRange', 'fullExchangeName', 'averageDailyVolume3Month', 'fiftyTwoWeekLowChange', 'fiftyTwoWeekLowChangePercent', 'fiftyTwoWeekRange', 'fiftyTwoWeekHighChange', 'fiftyTwoWeekHighChangePercent', 'fiftyTwoWeekChangePercent', 'trailingPegRatio']
2025-05-24 23:49:22,714 - INFO - Fetching news for ticker: RELIANCE.NS
2025-05-24 23:49:23,490 - INFO - Found 10 total news items from Yahoo Finance
2025-05-24 23:49:23,491 - INFO - News item 1 type: <class 'dict'>
2025-05-24 23:49:23,491 - INFO -   News item keys: ['id', 'content']
2025-05-24 23:49:23,491 - INFO - News item 2 type: <class 'dict'>
2025-05-24 23:49:23,491 - INFO -   News item keys: ['id', 'content']
2025-05-24 23:49:23,492 - INFO - News item 3 type: <class 'dict'>
2025-05-24 23:49:23,492 - INFO -   News item keys: ['id', 'content']
2025-05-24 23:49:23,492 - INFO - No relevant headlines found in 10 news items for RELIANCE.NS
2025-05-24 23:49:23,897 - WARNING - MoneyControl RSS failed for RELIANCE.NS: name 'clean_code' is not defined
2025-05-24 23:49:24,205 - WARNING - Economic Times RSS failed for RELIANCE.NS: name 'clean_code' is not defined
2025-05-24 23:49:24,205 - INFO - No real news found for RELIANCE.NS
2025-05-24 23:49:24,206 - INFO - Analyzing sentiment for RELIANCE.NS with headlines: []
2025-05-24 23:49:24,206 - INFO - 
Sentiment Analysis Results:
2025-05-24 23:49:24,206 - INFO - Stock: RELIANCE.NS
2025-05-24 23:49:24,206 - INFO - Sentiment: NEUTRAL
2025-05-24 23:49:24,206 - INFO - Confidence: 0
2025-05-24 23:49:24,206 - INFO - Themes: None
2025-05-24 23:49:26,211 - INFO - 
==================================================
2025-05-24 23:49:26,212 - INFO - Testing sentiment analysis for TCS.NS
2025-05-24 23:49:26,213 - INFO - ==================================================
2025-05-24 23:49:26,214 - INFO - Ticker attributes/methods: actions, analyst_price_targets, balance_sheet, balancesheet, basic_info, calendar, capital_gains, cash_flow, cashflow, dividends, earnings, earnings_dates, earnings_estimate, earnings_history, eps_revisions, eps_trend, fast_info, financials, funds_data, get_actions, get_analyst_price_targets, get_balance_sheet, get_balancesheet, get_calendar, get_capital_gains, get_cash_flow, get_cashflow, get_dividends, get_earnings, get_earnings_dates, get_earnings_estimate, get_earnings_history, get_eps_revisions, get_eps_trend, get_fast_info, get_financials, get_funds_data, get_growth_estimates, get_history_metadata, get_income_stmt, get_incomestmt, get_info, get_insider_purchases, get_insider_roster_holders, get_insider_transactions, get_institutional_holders, get_isin, get_major_holders, get_mutualfund_holders, get_news, get_recommendations, get_recommendations_summary, get_revenue_estimate, get_sec_filings, get_shares, get_shares_full, get_splits, get_sustainability, get_upgrades_downgrades, growth_estimates, history, history_metadata, income_stmt, incomestmt, info, insider_purchases, insider_roster_holders, insider_transactions, institutional_holders, isin, live, major_holders, mutualfund_holders, news, option_chain, options, quarterly_balance_sheet, quarterly_balancesheet, quarterly_cash_flow, quarterly_cashflow, quarterly_earnings, quarterly_financials, quarterly_income_stmt, quarterly_incomestmt, recommendations, recommendations_summary, revenue_estimate, sec_filings, session, shares, splits, sustainability, ticker, ttm_cash_flow, ttm_cashflow, ttm_financials, ttm_income_stmt, ttm_incomestmt, upgrades_downgrades, ws
2025-05-24 23:49:26,525 - INFO - Ticker info keys: ['address1', 'address2', 'city', 'zip', 'country', 'phone', 'fax', 'website', 'industry', 'industryKey', 'industryDisp', 'sector', 'sectorKey', 'sectorDisp', 'longBusinessSummary', 'fullTimeEmployees', 'companyOfficers', 'auditRisk', 'boardRisk', 'compensationRisk', 'shareHolderRightsRisk', 'overallRisk', 'governanceEpochDate', 'compensationAsOfEpochDate', 'irWebsite', 'executiveTeam', 'maxAge', 'priceHint', 'previousClose', 'open', 'dayLow', 'dayHigh', 'regularMarketPreviousClose', 'regularMarketOpen', 'regularMarketDayLow', 'regularMarketDayHigh', 'dividendRate', 'dividendYield', 'exDividendDate', 'payoutRatio', 'fiveYearAvgDividendYield', 'beta', 'trailingPE', 'forwardPE', 'volume', 'regularMarketVolume', 'averageVolume', 'averageVolume10days', 'averageDailyVolume10Day', 'bid', 'ask', 'bidSize', 'askSize', 'marketCap', 'fiftyTwoWeekLow', 'fiftyTwoWeekHigh', 'priceToSalesTrailing12Months', 'fiftyDayAverage', 'twoHundredDayAverage', 'trailingAnnualDividendRate', 'trailingAnnualDividendYield', 'currency', 'tradeable', 'enterpriseValue', 'profitMargins', 'floatShares', 'sharesOutstanding', 'heldPercentInsiders', 'heldPercentInstitutions', 'impliedSharesOutstanding', 'bookValue', 'priceToBook', 'lastFiscalYearEnd', 'nextFiscalYearEnd', 'mostRecentQuarter', 'earningsQuarterlyGrowth', 'netIncomeToCommon', 'trailingEps', 'forwardEps', 'lastSplitFactor', 'lastSplitDate', 'enterpriseToRevenue', 'enterpriseToEbitda', '52WeekChange', 'SandP52WeekChange', 'lastDividendValue', 'lastDividendDate', 'quoteType', 'currentPrice', 'targetHighPrice', 'targetLowPrice', 'targetMeanPrice', 'targetMedianPrice', 'recommendationMean', 'recommendationKey', 'numberOfAnalystOpinions', 'totalCash', 'totalCashPerShare', 'ebitda', 'totalDebt', 'quickRatio', 'currentRatio', 'totalRevenue', 'debtToEquity', 'revenuePerShare', 'returnOnAssets', 'returnOnEquity', 'grossProfits', 'freeCashflow', 'operatingCashflow', 'earningsGrowth', 'revenueGrowth', 'grossMargins', 'ebitdaMargins', 'operatingMargins', 'financialCurrency', 'symbol', 'language', 'region', 'typeDisp', 'quoteSourceName', 'triggerable', 'customPriceAlertConfidence', 'marketState', 'corporateActions', 'regularMarketTime', 'exchange', 'messageBoardId', 'exchangeTimezoneName', 'exchangeTimezoneShortName', 'gmtOffSetMilliseconds', 'market', 'esgPopulated', 'cryptoTradeable', 'regularMarketChange', 'regularMarketDayRange', 'fullExchangeName', 'averageDailyVolume3Month', 'fiftyTwoWeekLowChange', 'fiftyTwoWeekLowChangePercent', 'fiftyTwoWeekRange', 'fiftyTwoWeekHighChange', 'fiftyTwoWeekHighChangePercent', 'fiftyTwoWeekChangePercent', 'earningsTimestamp', 'earningsTimestampStart', 'earningsTimestampEnd', 'earningsCallTimestampStart', 'earningsCallTimestampEnd', 'isEarningsDateEstimate', 'epsTrailingTwelveMonths', 'epsForward', 'epsCurrentYear', 'priceEpsCurrentYear', 'fiftyDayAverageChange', 'fiftyDayAverageChangePercent', 'twoHundredDayAverageChange', 'twoHundredDayAverageChangePercent', 'sourceInterval', 'exchangeDataDelayedBy', 'averageAnalystRating', 'hasPrePostMarketData', 'firstTradeDateMilliseconds', 'shortName', 'longName', 'regularMarketChangePercent', 'regularMarketPrice', 'trailingPegRatio']
2025-05-24 23:49:26,526 - INFO - Fetching news for ticker: TCS.NS
2025-05-24 23:49:26,766 - INFO - Found 10 total news items from Yahoo Finance
2025-05-24 23:49:26,767 - INFO - News item 1 type: <class 'dict'>
2025-05-24 23:49:26,767 - INFO -   News item keys: ['id', 'content']
2025-05-24 23:49:26,767 - INFO - News item 2 type: <class 'dict'>
2025-05-24 23:49:26,768 - INFO -   News item keys: ['id', 'content']
2025-05-24 23:49:26,768 - INFO - News item 3 type: <class 'dict'>
2025-05-24 23:49:26,768 - INFO -   News item keys: ['id', 'content']
2025-05-24 23:49:26,768 - INFO - No relevant headlines found in 10 news items for TCS.NS
2025-05-24 23:49:26,898 - WARNING - MoneyControl RSS failed for TCS.NS: name 'clean_code' is not defined
2025-05-24 23:49:27,008 - WARNING - Economic Times RSS failed for TCS.NS: name 'clean_code' is not defined
2025-05-24 23:49:27,008 - INFO - No real news found for TCS.NS
2025-05-24 23:49:27,008 - INFO - Analyzing sentiment for TCS.NS with headlines: []
2025-05-24 23:49:27,008 - INFO - 
Sentiment Analysis Results:
2025-05-24 23:49:27,008 - INFO - Stock: TCS.NS
2025-05-24 23:49:27,008 - INFO - Sentiment: NEUTRAL
2025-05-24 23:49:27,008 - INFO - Confidence: 0
2025-05-24 23:49:27,008 - INFO - Themes: None
2025-05-24 23:49:29,013 - INFO - 
==================================================
2025-05-24 23:49:29,015 - INFO - Testing sentiment analysis for HDFCBANK.NS
2025-05-24 23:49:29,015 - INFO - ==================================================
2025-05-24 23:49:29,017 - INFO - Ticker attributes/methods: actions, analyst_price_targets, balance_sheet, balancesheet, basic_info, calendar, capital_gains, cash_flow, cashflow, dividends, earnings, earnings_dates, earnings_estimate, earnings_history, eps_revisions, eps_trend, fast_info, financials, funds_data, get_actions, get_analyst_price_targets, get_balance_sheet, get_balancesheet, get_calendar, get_capital_gains, get_cash_flow, get_cashflow, get_dividends, get_earnings, get_earnings_dates, get_earnings_estimate, get_earnings_history, get_eps_revisions, get_eps_trend, get_fast_info, get_financials, get_funds_data, get_growth_estimates, get_history_metadata, get_income_stmt, get_incomestmt, get_info, get_insider_purchases, get_insider_roster_holders, get_insider_transactions, get_institutional_holders, get_isin, get_major_holders, get_mutualfund_holders, get_news, get_recommendations, get_recommendations_summary, get_revenue_estimate, get_sec_filings, get_shares, get_shares_full, get_splits, get_sustainability, get_upgrades_downgrades, growth_estimates, history, history_metadata, income_stmt, incomestmt, info, insider_purchases, insider_roster_holders, insider_transactions, institutional_holders, isin, live, major_holders, mutualfund_holders, news, option_chain, options, quarterly_balance_sheet, quarterly_balancesheet, quarterly_cash_flow, quarterly_cashflow, quarterly_earnings, quarterly_financials, quarterly_income_stmt, quarterly_incomestmt, recommendations, recommendations_summary, revenue_estimate, sec_filings, session, shares, splits, sustainability, ticker, ttm_cash_flow, ttm_cashflow, ttm_financials, ttm_income_stmt, ttm_incomestmt, upgrades_downgrades, ws
2025-05-24 23:49:29,370 - INFO - Ticker info keys: ['address1', 'address2', 'city', 'zip', 'country', 'phone', 'website', 'industry', 'industryKey', 'industryDisp', 'sector', 'sectorKey', 'sectorDisp', 'longBusinessSummary', 'fullTimeEmployees', 'companyOfficers', 'compensationAsOfEpochDate', 'executiveTeam', 'maxAge', 'priceHint', 'previousClose', 'open', 'dayLow', 'dayHigh', 'regularMarketPreviousClose', 'regularMarketOpen', 'regularMarketDayLow', 'regularMarketDayHigh', 'dividendRate', 'dividendYield', 'exDividendDate', 'payoutRatio', 'fiveYearAvgDividendYield', 'beta', 'trailingPE', 'forwardPE', 'volume', 'regularMarketVolume', 'averageVolume', 'averageVolume10days', 'averageDailyVolume10Day', 'bid', 'ask', 'bidSize', 'askSize', 'marketCap', 'fiftyTwoWeekLow', 'fiftyTwoWeekHigh', 'priceToSalesTrailing12Months', 'fiftyDayAverage', 'twoHundredDayAverage', 'trailingAnnualDividendRate', 'trailingAnnualDividendYield', 'currency', 'tradeable', 'enterpriseValue', 'profitMargins', 'floatShares', 'sharesOutstanding', 'heldPercentInsiders', 'heldPercentInstitutions', 'impliedSharesOutstanding', 'bookValue', 'priceToBook', 'lastFiscalYearEnd', 'nextFiscalYearEnd', 'mostRecentQuarter', 'earningsQuarterlyGrowth', 'netIncomeToCommon', 'trailingEps', 'forwardEps', 'lastSplitFactor', 'lastSplitDate', 'enterpriseToRevenue', '52WeekChange', 'SandP52WeekChange', 'lastDividendValue', 'lastDividendDate', 'quoteType', 'currentPrice', 'targetHighPrice', 'targetLowPrice', 'targetMeanPrice', 'targetMedianPrice', 'recommendationMean', 'recommendationKey', 'numberOfAnalystOpinions', 'totalCash', 'totalCashPerShare', 'totalDebt', 'totalRevenue', 'revenuePerShare', 'returnOnAssets', 'returnOnEquity', 'grossProfits', 'operatingCashflow', 'earningsGrowth', 'revenueGrowth', 'grossMargins', 'ebitdaMargins', 'operatingMargins', 'financialCurrency', 'symbol', 'language', 'region', 'typeDisp', 'quoteSourceName', 'triggerable', 'customPriceAlertConfidence', 'exchange', 'regularMarketChangePercent', 'regularMarketPrice', 'fiftyTwoWeekLowChange', 'fiftyTwoWeekLowChangePercent', 'fiftyTwoWeekRange', 'fiftyTwoWeekHighChange', 'fiftyTwoWeekHighChangePercent', 'fiftyTwoWeekChangePercent', 'earningsTimestamp', 'earningsTimestampStart', 'earningsTimestampEnd', 'earningsCallTimestampStart', 'earningsCallTimestampEnd', 'isEarningsDateEstimate', 'epsTrailingTwelveMonths', 'epsForward', 'epsCurrentYear', 'priceEpsCurrentYear', 'fiftyDayAverageChange', 'fiftyDayAverageChangePercent', 'twoHundredDayAverageChange', 'twoHundredDayAverageChangePercent', 'sourceInterval', 'exchangeDataDelayedBy', 'averageAnalystRating', 'cryptoTradeable', 'shortName', 'longName', 'hasPrePostMarketData', 'firstTradeDateMilliseconds', 'regularMarketChange', 'regularMarketDayRange', 'fullExchangeName', 'averageDailyVolume3Month', 'marketState', 'corporateActions', 'regularMarketTime', 'messageBoardId', 'exchangeTimezoneName', 'exchangeTimezoneShortName', 'gmtOffSetMilliseconds', 'market', 'esgPopulated', 'trailingPegRatio']
2025-05-24 23:49:29,371 - INFO - Fetching news for ticker: HDFCBANK.NS
2025-05-24 23:49:29,611 - INFO - Found 10 total news items from Yahoo Finance
2025-05-24 23:49:29,612 - INFO - News item 1 type: <class 'dict'>
2025-05-24 23:49:29,612 - INFO -   News item keys: ['id', 'content']
2025-05-24 23:49:29,612 - INFO - News item 2 type: <class 'dict'>
2025-05-24 23:49:29,612 - INFO -   News item keys: ['id', 'content']
2025-05-24 23:49:29,612 - INFO - News item 3 type: <class 'dict'>
2025-05-24 23:49:29,612 - INFO -   News item keys: ['id', 'content']
2025-05-24 23:49:29,612 - INFO - No relevant headlines found in 10 news items for HDFCBANK.NS
2025-05-24 23:49:29,756 - WARNING - MoneyControl RSS failed for HDFCBANK.NS: name 'clean_code' is not defined
2025-05-24 23:49:29,860 - WARNING - Economic Times RSS failed for HDFCBANK.NS: name 'clean_code' is not defined
2025-05-24 23:49:29,860 - INFO - No real news found for HDFCBANK.NS
2025-05-24 23:49:29,860 - INFO - Analyzing sentiment for HDFCBANK.NS with headlines: []
2025-05-24 23:49:29,860 - INFO - 
Sentiment Analysis Results:
2025-05-24 23:49:29,860 - INFO - Stock: HDFCBANK.NS
2025-05-24 23:49:29,861 - INFO - Sentiment: NEUTRAL
2025-05-24 23:49:29,861 - INFO - Confidence: 0
2025-05-24 23:49:29,861 - INFO - Themes: None
2025-05-24 23:49:31,866 - INFO - 
Testing sector analysis...
2025-05-24 23:49:31,867 - INFO - Sending request to Ollama with model: llama3.2:latest
2025-05-24 23:49:37,657 - INFO - Ollama response status: 200
2025-05-24 23:49:37,657 - INFO - 
Sector Analysis Results:
2025-05-24 23:49:37,657 - INFO - Sector: Technology
2025-05-24 23:49:37,657 - INFO - Outlook: NEUTRAL
2025-05-24 23:49:37,658 - INFO - Drivers: None
2025-05-24 23:49:37,658 - INFO - Risks: None
2025-05-24 23:49:37,658 - INFO - 
Test completed. Check sentiment_analysis.log for detailed logs.
2025-05-24 23:49:43,774 - INFO - Starting sentiment analysis test...
2025-05-24 23:49:43,778 - INFO - 
==================================================
2025-05-24 23:49:43,778 - INFO - Testing sentiment analysis for RELIANCE.NS
2025-05-24 23:49:43,778 - INFO - ==================================================
2025-05-24 23:49:44,447 - INFO - Ticker info keys: ['address1', 'address2', 'city', 'zip', 'country', 'phone', 'fax', 'website', 'industry', 'industryKey', 'industryDisp', 'sector', 'sectorKey', 'sectorDisp', 'longBusinessSummary', 'companyOfficers', 'auditRisk', 'boardRisk', 'compensationRisk', 'shareHolderRightsRisk', 'overallRisk', 'governanceEpochDate', 'compensationAsOfEpochDate', 'irWebsite', 'executiveTeam', 'maxAge', 'priceHint', 'previousClose', 'open', 'dayLow', 'dayHigh', 'regularMarketPreviousClose', 'regularMarketOpen', 'regularMarketDayLow', 'regularMarketDayHigh', 'dividendRate', 'dividendYield', 'exDividendDate', 'payoutRatio', 'fiveYearAvgDividendYield', 'beta', 'trailingPE', 'forwardPE', 'volume', 'regularMarketVolume', 'averageVolume', 'averageVolume10days', 'averageDailyVolume10Day', 'bid', 'ask', 'bidSize', 'askSize', 'marketCap', 'fiftyTwoWeekLow', 'fiftyTwoWeekHigh', 'priceToSalesTrailing12Months', 'fiftyDayAverage', 'twoHundredDayAverage', 'trailingAnnualDividendRate', 'trailingAnnualDividendYield', 'currency', 'tradeable', 'enterpriseValue', 'profitMargins', 'floatShares', 'sharesOutstanding', 'heldPercentInsiders', 'heldPercentInstitutions', 'impliedSharesOutstanding', 'bookValue', 'priceToBook', 'lastFiscalYearEnd', 'nextFiscalYearEnd', 'mostRecentQuarter', 'earningsQuarterlyGrowth', 'netIncomeToCommon', 'trailingEps', 'forwardEps', 'lastSplitFactor', 'lastSplitDate', 'enterpriseToRevenue', 'enterpriseToEbitda', '52WeekChange', 'SandP52WeekChange', 'lastDividendValue', 'lastDividendDate', 'quoteType', 'currentPrice', 'targetHighPrice', 'targetLowPrice', 'targetMeanPrice', 'targetMedianPrice', 'recommendationMean', 'recommendationKey', 'numberOfAnalystOpinions', 'totalCash', 'totalCashPerShare', 'ebitda', 'totalDebt', 'quickRatio', 'currentRatio', 'totalRevenue', 'debtToEquity', 'revenuePerShare', 'returnOnAssets', 'returnOnEquity', 'grossProfits', 'freeCashflow', 'operatingCashflow', 'earningsGrowth', 'revenueGrowth', 'grossMargins', 'ebitdaMargins', 'operatingMargins', 'financialCurrency', 'symbol', 'language', 'region', 'typeDisp', 'quoteSourceName', 'triggerable', 'customPriceAlertConfidence', 'marketState', 'regularMarketChangePercent', 'regularMarketPrice', 'exchange', 'messageBoardId', 'exchangeTimezoneName', 'exchangeTimezoneShortName', 'gmtOffSetMilliseconds', 'market', 'esgPopulated', 'firstTradeDateMilliseconds', 'regularMarketChange', 'regularMarketDayRange', 'corporateActions', 'regularMarketTime', 'shortName', 'longName', 'hasPrePostMarketData', 'fullExchangeName', 'averageDailyVolume3Month', 'fiftyTwoWeekLowChange', 'fiftyTwoWeekLowChangePercent', 'fiftyTwoWeekRange', 'fiftyTwoWeekHighChange', 'fiftyTwoWeekHighChangePercent', 'fiftyTwoWeekChangePercent', 'earningsTimestamp', 'earningsTimestampStart', 'earningsTimestampEnd', 'earningsCallTimestampStart', 'earningsCallTimestampEnd', 'isEarningsDateEstimate', 'epsTrailingTwelveMonths', 'epsForward', 'epsCurrentYear', 'priceEpsCurrentYear', 'fiftyDayAverageChange', 'fiftyDayAverageChangePercent', 'twoHundredDayAverageChange', 'twoHundredDayAverageChangePercent', 'sourceInterval', 'exchangeDataDelayedBy', 'averageAnalystRating', 'cryptoTradeable', 'trailingPegRatio']
2025-05-24 23:49:44,449 - INFO - Fetching news for ticker: RELIANCE.NS
2025-05-24 23:49:44,769 - INFO - Found 10 total news items from Yahoo Finance
2025-05-24 23:49:44,769 - INFO - News item 1 type: <class 'dict'>
2025-05-24 23:49:44,769 - INFO -   News item keys: ['id', 'content']
2025-05-24 23:49:44,769 - INFO - News item 2 type: <class 'dict'>
2025-05-24 23:49:44,769 - INFO -   News item keys: ['id', 'content']
2025-05-24 23:49:44,769 - INFO - News item 3 type: <class 'dict'>
2025-05-24 23:49:44,770 - INFO -   News item keys: ['id', 'content']
2025-05-24 23:49:44,770 - INFO - No relevant headlines found in 10 news items for RELIANCE.NS
2025-05-24 23:49:45,001 - WARNING - MoneyControl RSS failed for RELIANCE.NS: name 'clean_code' is not defined
2025-05-24 23:49:45,270 - WARNING - Economic Times RSS failed for RELIANCE.NS: name 'clean_code' is not defined
2025-05-24 23:49:45,270 - INFO - No real news found for RELIANCE.NS
2025-05-24 23:49:45,270 - INFO - Analyzing sentiment for RELIANCE.NS with headlines: []
2025-05-24 23:49:45,270 - INFO - 
Sentiment Analysis Results:
2025-05-24 23:49:45,270 - INFO - Stock: RELIANCE.NS
2025-05-24 23:49:45,270 - INFO - Sentiment: NEUTRAL
2025-05-24 23:49:45,270 - INFO - Confidence: 0
2025-05-24 23:49:45,270 - INFO - Themes: None
2025-05-24 23:49:47,276 - INFO - 
==================================================
2025-05-24 23:49:47,276 - INFO - Testing sentiment analysis for TCS.NS
2025-05-24 23:49:47,276 - INFO - ==================================================
2025-05-24 23:49:47,638 - INFO - Ticker info keys: ['address1', 'address2', 'city', 'zip', 'country', 'phone', 'fax', 'website', 'industry', 'industryKey', 'industryDisp', 'sector', 'sectorKey', 'sectorDisp', 'longBusinessSummary', 'fullTimeEmployees', 'companyOfficers', 'auditRisk', 'boardRisk', 'compensationRisk', 'shareHolderRightsRisk', 'overallRisk', 'governanceEpochDate', 'compensationAsOfEpochDate', 'irWebsite', 'executiveTeam', 'maxAge', 'priceHint', 'previousClose', 'open', 'dayLow', 'dayHigh', 'regularMarketPreviousClose', 'regularMarketOpen', 'regularMarketDayLow', 'regularMarketDayHigh', 'dividendRate', 'dividendYield', 'exDividendDate', 'payoutRatio', 'fiveYearAvgDividendYield', 'beta', 'trailingPE', 'forwardPE', 'volume', 'regularMarketVolume', 'averageVolume', 'averageVolume10days', 'averageDailyVolume10Day', 'bid', 'ask', 'bidSize', 'askSize', 'marketCap', 'fiftyTwoWeekLow', 'fiftyTwoWeekHigh', 'priceToSalesTrailing12Months', 'fiftyDayAverage', 'twoHundredDayAverage', 'trailingAnnualDividendRate', 'trailingAnnualDividendYield', 'currency', 'tradeable', 'enterpriseValue', 'profitMargins', 'floatShares', 'sharesOutstanding', 'heldPercentInsiders', 'heldPercentInstitutions', 'impliedSharesOutstanding', 'bookValue', 'priceToBook', 'lastFiscalYearEnd', 'nextFiscalYearEnd', 'mostRecentQuarter', 'earningsQuarterlyGrowth', 'netIncomeToCommon', 'trailingEps', 'forwardEps', 'lastSplitFactor', 'lastSplitDate', 'enterpriseToRevenue', 'enterpriseToEbitda', '52WeekChange', 'SandP52WeekChange', 'lastDividendValue', 'lastDividendDate', 'quoteType', 'currentPrice', 'targetHighPrice', 'targetLowPrice', 'targetMeanPrice', 'targetMedianPrice', 'recommendationMean', 'recommendationKey', 'numberOfAnalystOpinions', 'totalCash', 'totalCashPerShare', 'ebitda', 'totalDebt', 'quickRatio', 'currentRatio', 'totalRevenue', 'debtToEquity', 'revenuePerShare', 'returnOnAssets', 'returnOnEquity', 'grossProfits', 'freeCashflow', 'operatingCashflow', 'earningsGrowth', 'revenueGrowth', 'grossMargins', 'ebitdaMargins', 'operatingMargins', 'financialCurrency', 'symbol', 'language', 'region', 'typeDisp', 'quoteSourceName', 'triggerable', 'customPriceAlertConfidence', 'exchange', 'regularMarketChangePercent', 'regularMarketPrice', 'fiftyTwoWeekLowChange', 'fiftyTwoWeekLowChangePercent', 'fiftyTwoWeekRange', 'fiftyTwoWeekHighChange', 'fiftyTwoWeekHighChangePercent', 'fiftyTwoWeekChangePercent', 'earningsTimestamp', 'earningsTimestampStart', 'earningsTimestampEnd', 'earningsCallTimestampStart', 'earningsCallTimestampEnd', 'isEarningsDateEstimate', 'epsTrailingTwelveMonths', 'epsForward', 'epsCurrentYear', 'priceEpsCurrentYear', 'fiftyDayAverageChange', 'fiftyDayAverageChangePercent', 'twoHundredDayAverageChange', 'twoHundredDayAverageChangePercent', 'sourceInterval', 'exchangeDataDelayedBy', 'averageAnalystRating', 'cryptoTradeable', 'shortName', 'longName', 'hasPrePostMarketData', 'firstTradeDateMilliseconds', 'regularMarketChange', 'regularMarketDayRange', 'fullExchangeName', 'averageDailyVolume3Month', 'marketState', 'corporateActions', 'regularMarketTime', 'messageBoardId', 'exchangeTimezoneName', 'exchangeTimezoneShortName', 'gmtOffSetMilliseconds', 'market', 'esgPopulated', 'trailingPegRatio']
2025-05-24 23:49:47,639 - INFO - Fetching news for ticker: TCS.NS
2025-05-24 23:49:47,933 - INFO - Found 10 total news items from Yahoo Finance
2025-05-24 23:49:47,933 - INFO - News item 1 type: <class 'dict'>
2025-05-24 23:49:47,934 - INFO -   News item keys: ['id', 'content']
2025-05-24 23:49:47,934 - INFO - News item 2 type: <class 'dict'>
2025-05-24 23:49:47,934 - INFO -   News item keys: ['id', 'content']
2025-05-24 23:49:47,934 - INFO - News item 3 type: <class 'dict'>
2025-05-24 23:49:47,934 - INFO -   News item keys: ['id', 'content']
2025-05-24 23:49:47,934 - INFO - No relevant headlines found in 10 news items for TCS.NS
2025-05-24 23:49:48,006 - WARNING - MoneyControl RSS failed for TCS.NS: name 'clean_code' is not defined
2025-05-24 23:49:48,079 - WARNING - Economic Times RSS failed for TCS.NS: name 'clean_code' is not defined
2025-05-24 23:49:48,079 - INFO - No real news found for TCS.NS
2025-05-24 23:49:48,079 - INFO - Analyzing sentiment for TCS.NS with headlines: []
2025-05-24 23:49:48,079 - INFO - 
Sentiment Analysis Results:
2025-05-24 23:49:48,079 - INFO - Stock: TCS.NS
2025-05-24 23:49:48,079 - INFO - Sentiment: NEUTRAL
2025-05-24 23:49:48,080 - INFO - Confidence: 0
2025-05-24 23:49:48,080 - INFO - Themes: None
2025-05-24 23:49:50,080 - INFO - 
==================================================
2025-05-24 23:49:50,080 - INFO - Testing sentiment analysis for HDFCBANK.NS
2025-05-24 23:49:50,080 - INFO - ==================================================
2025-05-24 23:49:50,574 - INFO - Ticker info keys: ['address1', 'address2', 'city', 'zip', 'country', 'phone', 'website', 'industry', 'industryKey', 'industryDisp', 'sector', 'sectorKey', 'sectorDisp', 'longBusinessSummary', 'fullTimeEmployees', 'companyOfficers', 'compensationAsOfEpochDate', 'executiveTeam', 'maxAge', 'priceHint', 'previousClose', 'open', 'dayLow', 'dayHigh', 'regularMarketPreviousClose', 'regularMarketOpen', 'regularMarketDayLow', 'regularMarketDayHigh', 'dividendRate', 'dividendYield', 'exDividendDate', 'payoutRatio', 'fiveYearAvgDividendYield', 'beta', 'trailingPE', 'forwardPE', 'volume', 'regularMarketVolume', 'averageVolume', 'averageVolume10days', 'averageDailyVolume10Day', 'bid', 'ask', 'bidSize', 'askSize', 'marketCap', 'fiftyTwoWeekLow', 'fiftyTwoWeekHigh', 'priceToSalesTrailing12Months', 'fiftyDayAverage', 'twoHundredDayAverage', 'trailingAnnualDividendRate', 'trailingAnnualDividendYield', 'currency', 'tradeable', 'enterpriseValue', 'profitMargins', 'floatShares', 'sharesOutstanding', 'heldPercentInsiders', 'heldPercentInstitutions', 'impliedSharesOutstanding', 'bookValue', 'priceToBook', 'lastFiscalYearEnd', 'nextFiscalYearEnd', 'mostRecentQuarter', 'earningsQuarterlyGrowth', 'netIncomeToCommon', 'trailingEps', 'forwardEps', 'lastSplitFactor', 'lastSplitDate', 'enterpriseToRevenue', '52WeekChange', 'SandP52WeekChange', 'lastDividendValue', 'lastDividendDate', 'quoteType', 'currentPrice', 'targetHighPrice', 'targetLowPrice', 'targetMeanPrice', 'targetMedianPrice', 'recommendationMean', 'recommendationKey', 'numberOfAnalystOpinions', 'totalCash', 'totalCashPerShare', 'totalDebt', 'totalRevenue', 'revenuePerShare', 'returnOnAssets', 'returnOnEquity', 'grossProfits', 'operatingCashflow', 'earningsGrowth', 'revenueGrowth', 'grossMargins', 'ebitdaMargins', 'operatingMargins', 'financialCurrency', 'symbol', 'language', 'region', 'typeDisp', 'quoteSourceName', 'triggerable', 'customPriceAlertConfidence', 'exchange', 'regularMarketChangePercent', 'regularMarketPrice', 'fiftyTwoWeekLowChange', 'fiftyTwoWeekLowChangePercent', 'fiftyTwoWeekRange', 'fiftyTwoWeekHighChange', 'fiftyTwoWeekHighChangePercent', 'fiftyTwoWeekChangePercent', 'earningsTimestamp', 'earningsTimestampStart', 'earningsTimestampEnd', 'earningsCallTimestampStart', 'earningsCallTimestampEnd', 'isEarningsDateEstimate', 'epsTrailingTwelveMonths', 'epsForward', 'epsCurrentYear', 'priceEpsCurrentYear', 'fiftyDayAverageChange', 'fiftyDayAverageChangePercent', 'twoHundredDayAverageChange', 'twoHundredDayAverageChangePercent', 'sourceInterval', 'exchangeDataDelayedBy', 'averageAnalystRating', 'cryptoTradeable', 'shortName', 'longName', 'hasPrePostMarketData', 'firstTradeDateMilliseconds', 'regularMarketChange', 'regularMarketDayRange', 'fullExchangeName', 'averageDailyVolume3Month', 'marketState', 'corporateActions', 'regularMarketTime', 'messageBoardId', 'exchangeTimezoneName', 'exchangeTimezoneShortName', 'gmtOffSetMilliseconds', 'market', 'esgPopulated', 'trailingPegRatio']
2025-05-24 23:49:50,575 - INFO - Fetching news for ticker: HDFCBANK.NS
2025-05-24 23:49:50,929 - INFO - Found 10 total news items from Yahoo Finance
2025-05-24 23:49:50,929 - INFO - News item 1 type: <class 'dict'>
2025-05-24 23:49:50,929 - INFO -   News item keys: ['id', 'content']
2025-05-24 23:49:50,929 - INFO - News item 2 type: <class 'dict'>
2025-05-24 23:49:50,929 - INFO -   News item keys: ['id', 'content']
2025-05-24 23:49:50,929 - INFO - News item 3 type: <class 'dict'>
2025-05-24 23:49:50,929 - INFO -   News item keys: ['id', 'content']
2025-05-24 23:49:50,929 - INFO - No relevant headlines found in 10 news items for HDFCBANK.NS
2025-05-24 23:49:51,119 - WARNING - MoneyControl RSS failed for HDFCBANK.NS: name 'clean_code' is not defined
2025-05-24 23:49:51,473 - WARNING - Economic Times RSS failed for HDFCBANK.NS: name 'clean_code' is not defined
2025-05-24 23:49:51,473 - INFO - No real news found for HDFCBANK.NS
2025-05-24 23:49:51,473 - INFO - Analyzing sentiment for HDFCBANK.NS with headlines: []
2025-05-24 23:49:51,473 - INFO - 
Sentiment Analysis Results:
2025-05-24 23:49:51,473 - INFO - Stock: HDFCBANK.NS
2025-05-24 23:49:51,473 - INFO - Sentiment: NEUTRAL
2025-05-24 23:49:51,473 - INFO - Confidence: 0
2025-05-24 23:49:51,473 - INFO - Themes: None
2025-05-24 23:49:53,479 - INFO - 
Testing sector analysis...
2025-05-24 23:49:53,480 - INFO - Sending request to Ollama with model: llama3.2:latest
2025-05-24 23:49:58,798 - INFO - Ollama response status: 200
2025-05-24 23:49:58,798 - INFO - 
Sector Analysis Results:
2025-05-24 23:49:58,798 - INFO - Sector: Technology
2025-05-24 23:49:58,798 - INFO - Outlook: NEUTRAL
2025-05-24 23:49:58,799 - INFO - Drivers: None
2025-05-24 23:49:58,799 - INFO - Risks: None
2025-05-24 23:49:58,799 - INFO - 
Test completed. Check sentiment_analysis.log for detailed logs.
2025-05-24 23:51:55,187 - INFO - Starting sentiment analysis test...
2025-05-24 23:51:55,187 - INFO - 
==================================================
2025-05-24 23:51:55,187 - INFO - Testing sentiment analysis for RELIANCE.NS
2025-05-24 23:51:55,187 - INFO - ==================================================
2025-05-24 23:51:55,187 - INFO - Fetching news for ticker: RELIANCE.NS
2025-05-24 23:51:55,940 - INFO - Found 10 total news items from Yahoo Finance
2025-05-24 23:51:55,941 - INFO - News item 1 type: <class 'dict'>
2025-05-24 23:51:55,941 - INFO -   News item keys: ['id', 'content']
2025-05-24 23:51:55,941 - INFO -   Content: {'id': '506744b7-1fb8-33ce-a5ec-96487d533aa2', 'contentType': 'STORY', 'title': "India's Reliance to start solar module factory this year, exec says", 'description': '', 'summary': '"We are today buil...
2025-05-24 23:51:55,941 - INFO - News item 2 type: <class 'dict'>
2025-05-24 23:51:55,941 - INFO -   News item keys: ['id', 'content']
2025-05-24 23:51:55,941 - INFO -   Content: {'id': 'd72999bc-b28d-38cd-9b5a-54faf626678f', 'contentType': 'STORY', 'title': 'Indian billionaire Ambani to meet Trump, Qatar emir in Doha, sources say', 'description': '', 'summary': "NEW DELHI (Re...
2025-05-24 23:51:55,942 - INFO - News item 3 type: <class 'dict'>
2025-05-24 23:51:55,942 - INFO -   News item keys: ['id', 'content']
2025-05-24 23:51:55,942 - INFO -   Content: {'id': '7d82daf0-c9e4-38f0-83fd-30ea4e4a7680', 'contentType': 'STORY', 'title': "India's April diesel exports likely hit lowest level in over a decade, sources say", 'description': '', 'summary': 'SIN...
2025-05-24 23:51:55,942 - INFO - No relevant headlines found in 10 news items for RELIANCE.NS
2025-05-24 23:51:56,686 - INFO - No real news found for RELIANCE.NS
2025-05-24 23:51:56,687 - INFO - Analyzing sentiment for RELIANCE.NS with headlines: []
2025-05-24 23:51:56,687 - INFO - 
Sentiment Analysis Results:
2025-05-24 23:51:56,687 - INFO - Stock: RELIANCE.NS
2025-05-24 23:51:56,687 - INFO - Sentiment: NEUTRAL
2025-05-24 23:51:56,687 - INFO - Confidence: 0
2025-05-24 23:51:56,687 - INFO - Themes: None
2025-05-24 23:51:58,695 - INFO - 
==================================================
2025-05-24 23:51:58,696 - INFO - Testing sentiment analysis for TCS.NS
2025-05-24 23:51:58,696 - INFO - ==================================================
2025-05-24 23:51:58,697 - INFO - Fetching news for ticker: TCS.NS
2025-05-24 23:51:59,157 - INFO - Found 10 total news items from Yahoo Finance
2025-05-24 23:51:59,157 - INFO - News item 1 type: <class 'dict'>
2025-05-24 23:51:59,157 - INFO -   News item keys: ['id', 'content']
2025-05-24 23:51:59,158 - INFO -   Content: {'id': '1bb70d34-f3a3-3347-bbd9-cd7965d6824f', 'contentType': 'STORY', 'title': 'Tata Consultancy Services carries out internal probe into M&S hack, FT reports', 'description': '', 'summary': 'M&S dec...
2025-05-24 23:51:59,158 - INFO - News item 2 type: <class 'dict'>
2025-05-24 23:51:59,158 - INFO -   News item keys: ['id', 'content']
2025-05-24 23:51:59,158 - INFO -   Content: {'id': 'c85b93c8-9a78-3ccb-a202-a795542ea6d9', 'contentType': 'STORY', 'title': 'TCS expands partnership with SAP to drive cloud adoption', 'description': '', 'summary': "The two companies will jointl...
2025-05-24 23:51:59,158 - INFO - News item 3 type: <class 'dict'>
2025-05-24 23:51:59,158 - INFO -   News item keys: ['id', 'content']
2025-05-24 23:51:59,158 - INFO -   Content: {'id': '4aac023d-6d8c-3420-ba4b-7c4fa6a2537c', 'contentType': 'STORY', 'title': 'Tata Consultancy Services Ltd (BOM:532540) Q4 2025 Earnings Call Highlights: Surpassing $30 ...', 'description': '', 's...
2025-05-24 23:51:59,159 - INFO - No relevant headlines found in 10 news items for TCS.NS
2025-05-24 23:51:59,730 - INFO - No real news found for TCS.NS
2025-05-24 23:51:59,730 - INFO - Analyzing sentiment for TCS.NS with headlines: []
2025-05-24 23:51:59,730 - INFO - 
Sentiment Analysis Results:
2025-05-24 23:51:59,730 - INFO - Stock: TCS.NS
2025-05-24 23:51:59,730 - INFO - Sentiment: NEUTRAL
2025-05-24 23:51:59,730 - INFO - Confidence: 0
2025-05-24 23:51:59,730 - INFO - Themes: None
2025-05-24 23:52:01,735 - INFO - 
==================================================
2025-05-24 23:52:01,737 - INFO - Testing sentiment analysis for HDFCBANK.NS
2025-05-24 23:52:01,737 - INFO - ==================================================
2025-05-24 23:52:01,738 - INFO - Fetching news for ticker: HDFCBANK.NS
2025-05-24 23:52:01,984 - INFO - Found 10 total news items from Yahoo Finance
2025-05-24 23:52:01,985 - INFO - News item 1 type: <class 'dict'>
2025-05-24 23:52:01,986 - INFO -   News item keys: ['id', 'content']
2025-05-24 23:52:01,986 - INFO -   Content: {'id': '29c4caf5-a422-33e8-b735-e59f66299a75', 'contentType': 'STORY', 'title': 'Is the Options Market Predicting a Spike in HDFC Bank (HDB) Stock?', 'description': '', 'summary': 'Investors need to p...
2025-05-24 23:52:01,986 - INFO - News item 2 type: <class 'dict'>
2025-05-24 23:52:01,986 - INFO -   News item keys: ['id', 'content']
2025-05-24 23:52:01,986 - INFO -   Content: {'id': '2fe253a0-593b-3021-b5f3-dc0736ca4672', 'contentType': 'STORY', 'title': 'Indian benchmarks log biggest five-day gains in four years as financials rally', 'description': '', 'summary': "India's...
2025-05-24 23:52:01,987 - INFO - News item 3 type: <class 'dict'>
2025-05-24 23:52:01,987 - INFO -   News item keys: ['id', 'content']
2025-05-24 23:52:01,987 - INFO -   Content: {'id': '2d323c37-703b-3340-837f-94ef3205fe1f', 'contentType': 'STORY', 'title': 'HDFC Bank Ltd (HDB) Q4 2025 Earnings Call Highlights: Strong Deposit Growth and Pristine Asset ...', 'description': '',...
2025-05-24 23:52:01,987 - INFO - No relevant headlines found in 10 news items for HDFCBANK.NS
2025-05-24 23:52:02,140 - INFO - No real news found for HDFCBANK.NS
2025-05-24 23:52:02,140 - INFO - Analyzing sentiment for HDFCBANK.NS with headlines: []
2025-05-24 23:52:02,140 - INFO - 
Sentiment Analysis Results:
2025-05-24 23:52:02,140 - INFO - Stock: HDFCBANK.NS
2025-05-24 23:52:02,140 - INFO - Sentiment: NEUTRAL
2025-05-24 23:52:02,140 - INFO - Confidence: 0
2025-05-24 23:52:02,140 - INFO - Themes: None
2025-05-24 23:52:04,146 - INFO - 
Testing sector analysis...
2025-05-24 23:52:04,147 - INFO - Sending request to Ollama with model: llama3.2:latest
2025-05-24 23:52:10,096 - INFO - Ollama response status: 200
2025-05-24 23:52:10,098 - INFO - 
Sector Analysis Results:
2025-05-24 23:52:10,098 - INFO - Sector: Technology
2025-05-24 23:52:10,098 - INFO - Outlook: NEUTRAL
2025-05-24 23:52:10,098 - INFO - Drivers: None
2025-05-24 23:52:10,098 - INFO - Risks: None
2025-05-24 23:52:10,098 - INFO - 
Test completed. Check sentiment_analysis.log for detailed logs.
2025-05-24 23:53:23,532 - INFO - Starting sentiment analysis test...
2025-05-24 23:53:23,532 - INFO - 
==================================================
2025-05-24 23:53:23,532 - INFO - Testing sentiment analysis for RELIANCE.NS
2025-05-24 23:53:23,532 - INFO - ==================================================
2025-05-24 23:53:23,532 - INFO - Fetching news for ticker: RELIANCE.NS
2025-05-24 23:53:24,898 - INFO - Found 10 total news items from Yahoo Finance
2025-05-24 23:53:24,898 - INFO - News item 1 type: <class 'dict'>
2025-05-24 23:53:24,898 - INFO -   News item keys: ['id', 'content']
2025-05-24 23:53:24,898 - INFO -   Content: {'id': '506744b7-1fb8-33ce-a5ec-96487d533aa2', 'contentType': 'STORY', 'title': "India's Reliance to start solar module factory this year, exec says", 'description': '', 'summary': '"We are today buil...
2025-05-24 23:53:24,898 - INFO - News item 2 type: <class 'dict'>
2025-05-24 23:53:24,898 - INFO -   News item keys: ['id', 'content']
2025-05-24 23:53:24,898 - INFO -   Content: {'id': 'd72999bc-b28d-38cd-9b5a-54faf626678f', 'contentType': 'STORY', 'title': 'Indian billionaire Ambani to meet Trump, Qatar emir in Doha, sources say', 'description': '', 'summary': "NEW DELHI (Re...
2025-05-24 23:53:24,898 - INFO - News item 3 type: <class 'dict'>
2025-05-24 23:53:24,898 - INFO -   News item keys: ['id', 'content']
2025-05-24 23:53:24,898 - INFO -   Content: {'id': '7d82daf0-c9e4-38f0-83fd-30ea4e4a7680', 'contentType': 'STORY', 'title': "India's April diesel exports likely hit lowest level in over a decade, sources say", 'description': '', 'summary': 'SIN...
2025-05-24 23:53:24,898 - INFO - Found 5 relevant headlines from Yahoo Finance for RELIANCE.NS
2025-05-24 23:53:24,899 - INFO - Analyzing sentiment for RELIANCE.NS with headlines: ['{\'id\': \'506744b7-1fb8-33ce-a5ec-96487d533aa2\', \'contentType\': \'STORY\', \'title\': "India\'s Reliance to start solar module factory this year, exec says", \'description\': \'\', \'summary\': \'"We are today building three bigger factories... in order to produce clean energy requirements," said Partha P Maitra, President, Strategy and Initiatives at Reliance Industries.  Reliance aims to eventually scale up solar module capacity to 20 GW per year, Maitra said.\', \'pubDate\': \'2025-05-22T07:37:54Z\', \'displayTime\': \'2025-05-22T07:37:54Z\', \'isHosted\': True, \'bypassModal\': False, \'previewUrl\': None, \'thumbnail\': {\'originalUrl\': \'https://media.zenfs.com/en/reuters.com/80df2ac4029b940dcceda9cdeca654c7\', \'originalWidth\': 800, \'originalHeight\': 580, \'caption\': \'FILE PHOTO: A guard walks past the Reliance Industries logo near the entrance of Dhirubhai Ambani Knowledge City in Navi Mumbai\', \'resolutions\': [{\'url\': \'https://s.yimg.com/uu/api/res/1.2/b.BMyZSgLRcIhJeC8otx8w--~B/aD01ODA7dz04MDA7YXBwaWQ9eXRhY2h5b24-/https://media.zenfs.com/en/reuters.com/80df2ac4029b940dcceda9cdeca654c7\', \'width\': 800, \'height\': 580, \'tag\': \'original\'}, {\'url\': \'https://s.yimg.com/uu/api/res/1.2/wDgHem_ZaNykvF3P5vQbcA--~B/Zmk9c3RyaW07aD0xMjg7dz0xNzA7YXBwaWQ9eXRhY2h5b24-/https://media.zenfs.com/en/reuters.com/80df2ac4029b940dcceda9cdeca654c7\', \'width\': 170, \'height\': 128, \'tag\': \'170x128\'}]}, \'provider\': {\'displayName\': \'Reuters\', \'url\': \'https://www.reuters.com/\'}, \'canonicalUrl\': {\'url\': \'https://sg.finance.yahoo.com/news/indias-reliance-start-solar-module-073754086.html\', \'site\': \'finance\', \'region\': \'SG\', \'lang\': \'en-SG\'}, \'clickThroughUrl\': {\'url\': \'https://finance.yahoo.com/news/indias-reliance-start-solar-module-073754086.html\', \'site\': \'finance\', \'region\': \'US\', \'lang\': \'en-US\'}, \'metadata\': {\'editorsPick\': False}, \'finance\': {\'premiumFinance\': {\'isPremiumNews\': False, \'isPremiumFreeNews\': False}}, \'storyline\': None}', '{\'id\': \'d72999bc-b28d-38cd-9b5a-54faf626678f\', \'contentType\': \'STORY\', \'title\': \'Indian billionaire Ambani to meet Trump, Qatar emir in Doha, sources say\', \'description\': \'\', \'summary\': "NEW DELHI (Reuters) -Indian billionaire Mukesh Ambani will meet U.S. President Donald Trump and the emir of Qatar in Doha on Wednesday, two sources told Reuters, as his company Reliance Industries looks to foster ties with authorities in both nations.  Qatar\'s sovereign wealth fund, QIA, has invested in Reliance businesses over the years, and Ambani, who is Asia\'s richest man, has many business partnerships with the likes of U.S. tech giants such as Google and Meta.  Ambani will attend a state dinner for Trump at the Lusail Palace in Doha, but did not plan to hold any investment or business discussions, said the first source, who had direct knowledge of the matter.", \'pubDate\': \'2025-05-14T09:08:43Z\', \'displayTime\': \'2025-05-14T09:08:43Z\', \'isHosted\': True, \'bypassModal\': False, \'previewUrl\': None, \'thumbnail\': {\'originalUrl\': \'https://media.zenfs.com/en/reuters.com/f79808db95b5eba52463805745f17d86\', \'originalWidth\': 800, \'originalHeight\': 533, \'caption\': \'Vibrant Gujarat Global Summit, in Gandhinagar\', \'resolutions\': [{\'url\': \'https://s.yimg.com/uu/api/res/1.2/N9oGthKEoDRLmyqjYIY9Wg--~B/aD01MzM7dz04MDA7YXBwaWQ9eXRhY2h5b24-/https://media.zenfs.com/en/reuters.com/f79808db95b5eba52463805745f17d86\', \'width\': 800, \'height\': 533, \'tag\': \'original\'}, {\'url\': \'https://s.yimg.com/uu/api/res/1.2/CPOVculvoNGRxM4H4hDLfQ--~B/Zmk9c3RyaW07aD0xMjg7dz0xNzA7YXBwaWQ9eXRhY2h5b24-/https://media.zenfs.com/en/reuters.com/f79808db95b5eba52463805745f17d86\', \'width\': 170, \'height\': 128, \'tag\': \'170x128\'}]}, \'provider\': {\'displayName\': \'Reuters\', \'url\': \'https://www.reuters.com/\'}, \'canonicalUrl\': {\'url\': \'https://finance.yahoo.com/news/indian-billionaire-ambani-meet-trump-090843927.html\', \'site\': \'finance\', \'region\': \'US\', \'lang\': \'en-US\'}, \'clickThroughUrl\': {\'url\': \'https://finance.yahoo.com/news/indian-billionaire-ambani-meet-trump-090843927.html\', \'site\': \'finance\', \'region\': \'US\', \'lang\': \'en-US\'}, \'metadata\': {\'editorsPick\': False}, \'finance\': {\'premiumFinance\': {\'isPremiumNews\': False, \'isPremiumFreeNews\': False}}, \'storyline\': None}', '{\'id\': \'7d82daf0-c9e4-38f0-83fd-30ea4e4a7680\', \'contentType\': \'STORY\', \'title\': "India\'s April diesel exports likely hit lowest level in over a decade, sources say", \'description\': \'\', \'summary\': \'SINGAPORE (Reuters) -India\\\'s diesel exports likely hit their lowest level in over a decade in April as major exporter Reliance cut refining output for maintenance at a time when domestic demand was robust, trade sources and analysts said.  India, one of Asia\\\'s top-three diesel exporters, exported around 1.15 million metric tons (9.69 million barrels) of the industrial and transportation fuel in April, an average of data from LSEG, Kpler, Vortexa and two trade sources showed.  "The unexpectedly low outflows from India for April resulted in limited supplies heading for Asia and Europe," LSEG Oil Research senior analyst Charles Ong wrote in a note.\', \'pubDate\': \'2025-05-06T07:45:00Z\', \'displayTime\': \'2025-05-06T07:45:00Z\', \'isHosted\': True, \'bypassModal\': False, \'previewUrl\': None, \'thumbnail\': {\'originalUrl\': \'https://media.zenfs.com/en/reuters.com/33e703c88677146cc6eb02247020c872\', \'originalWidth\': 800, \'originalHeight\': 501, \'caption\': \'A worker fills diesel in a container at a fuel station in Kolkata\', \'resolutions\': [{\'url\': \'https://s.yimg.com/uu/api/res/1.2/I9VdEjunE8gc34d8h6uCxQ--~B/aD01MDE7dz04MDA7YXBwaWQ9eXRhY2h5b24-/https://media.zenfs.com/en/reuters.com/33e703c88677146cc6eb02247020c872\', \'width\': 800, \'height\': 501, \'tag\': \'original\'}, {\'url\': \'https://s.yimg.com/uu/api/res/1.2/dfzgU7L7iSSD0lDuCQNgjw--~B/Zmk9c3RyaW07aD0xMjg7dz0xNzA7YXBwaWQ9eXRhY2h5b24-/https://media.zenfs.com/en/reuters.com/33e703c88677146cc6eb02247020c872\', \'width\': 170, \'height\': 128, \'tag\': \'170x128\'}]}, \'provider\': {\'displayName\': \'Reuters\', \'url\': \'https://www.reuters.com/\'}, \'canonicalUrl\': {\'url\': \'https://sg.finance.yahoo.com/news/indias-april-diesel-exports-likely-074500388.html\', \'site\': \'finance\', \'region\': \'SG\', \'lang\': \'en-SG\'}, \'clickThroughUrl\': {\'url\': \'https://finance.yahoo.com/news/indias-april-diesel-exports-likely-074500388.html\', \'site\': \'finance\', \'region\': \'US\', \'lang\': \'en-US\'}, \'metadata\': {\'editorsPick\': False}, \'finance\': {\'premiumFinance\': {\'isPremiumNews\': False, \'isPremiumFreeNews\': False}}, \'storyline\': None}', '{\'id\': \'18b5c5c2-5d65-3bf6-b0bd-aee865e45f42\', \'contentType\': \'VIDEO\', \'title\': "How Ambani\'s Campa Cola is Hurting Coke, Pepsi in India", \'description\': "Asia\'s richest man, Mukesh Ambani, is challenging Coca-Cola and PepsiCo\'s dominance in India with Reliance Industries\' Campa Cola brand.\\nBloomberg\'s Satviki Sanjay appeared on Insight with Haslinda Amin to discuss what\'s behind the growing success of the brand.", \'summary\': "Asia\'s richest man, Mukesh Ambani, is challenging Coca-Cola and PepsiCo\'s dominance in India with Reliance Industries\' Campa Cola brand. Bloomberg\'s Satviki Sanjay appeared on Insight with Haslinda Amin to discuss what\'s behind the growing success of the brand.", \'pubDate\': \'2025-05-06T05:36:43Z\', \'displayTime\': \'\', \'isHosted\': True, \'bypassModal\': False, \'previewUrl\': None, \'thumbnail\': {\'originalUrl\': \'https://media.zenfs.com/en/bloomberg_markets_video_2/12310404b077c8de4f929ec72b95679d\', \'originalWidth\': 1280, \'originalHeight\': 720, \'caption\': \'\', \'resolutions\': [{\'url\': \'https://s.yimg.com/uu/api/res/1.2/kB_Nhx1U6kkOYfbwbkrPLA--~B/aD03MjA7dz0xMjgwO2FwcGlkPXl0YWNoeW9u/https://media.zenfs.com/en/bloomberg_markets_video_2/12310404b077c8de4f929ec72b95679d\', \'width\': 1280, \'height\': 720, \'tag\': \'original\'}, {\'url\': \'https://s.yimg.com/uu/api/res/1.2/3QIyuTdJS_HRkieGNQAoHQ--~B/Zmk9c3RyaW07aD0xMjg7dz0xNzA7YXBwaWQ9eXRhY2h5b24-/https://media.zenfs.com/en/bloomberg_markets_video_2/12310404b077c8de4f929ec72b95679d\', \'width\': 170, \'height\': 128, \'tag\': \'170x128\'}]}, \'provider\': {\'displayName\': \'Bloomberg\', \'url\': \'https://www.bloomberg.com/\'}, \'canonicalUrl\': {\'url\': \'https://finance.yahoo.com/video/ambanis-campa-cola-hurting-coke-053643944.html\', \'site\': \'finance\', \'region\': \'US\', \'lang\': \'en-US\'}, \'clickThroughUrl\': {\'url\': \'https://finance.yahoo.com/video/ambanis-campa-cola-hurting-coke-053643944.html\', \'site\': \'finance\', \'region\': \'US\', \'lang\': \'en-US\'}, \'metadata\': {\'editorsPick\': False}, \'finance\': {\'premiumFinance\': {\'isPremiumNews\': False, \'isPremiumFreeNews\': False}}, \'storyline\': None}', "{'id': 'e31eb9d7-b117-4bc3-bd2a-d0f79716b1eb', 'contentType': 'STORY', 'title': 'Trending tickers: Deliveroo, Reliance, Toyota, Novavax and M&S', 'description': '', 'summary': 'The latest investor updates on stocks that are trending on Monday', 'pubDate': '2025-04-28T09:44:36Z', 'displayTime': '2025-04-28T09:44:36Z', 'isHosted': True, 'bypassModal': False, 'previewUrl': None, 'thumbnail': {'originalUrl': 'https://s.yimg.com/os/creatr-uploaded-images/2025-04/d9028e40-2412-11f0-a77e-e6460752fb57', 'originalWidth': 4313, 'originalHeight': 2871, 'caption': '', 'resolutions': [{'url': 'https://s.yimg.com/uu/api/res/1.2/L13AVNw_ziMsQdRzLif9Fg--~B/aD0yODcxO3c9NDMxMzthcHBpZD15dGFjaHlvbg--/https://s.yimg.com/os/creatr-uploaded-images/2025-04/d9028e40-2412-11f0-a77e-e6460752fb57', 'width': 4313, 'height': 2871, 'tag': 'original'}, {'url': 'https://s.yimg.com/uu/api/res/1.2/gzlCxUYD4cjqGXjxHfGu9g--~B/Zmk9c3RyaW07aD0xMjg7dz0xNzA7YXBwaWQ9eXRhY2h5b24-/https://s.yimg.com/os/creatr-uploaded-images/2025-04/d9028e40-2412-11f0-a77e-e6460752fb57', 'width': 170, 'height': 128, 'tag': '170x128'}]}, 'provider': {'displayName': 'Yahoo Finance UK', 'url': 'http://uk.finance.yahoo.com/'}, 'canonicalUrl': {'url': 'https://uk.finance.yahoo.com/news/deliveroo-reliance-toyota-novavax-ms-trending-tickers-094342819.html', 'site': 'finance', 'region': 'GB', 'lang': 'en-GB'}, 'clickThroughUrl': {'url': 'https://finance.yahoo.com/news/deliveroo-reliance-toyota-novavax-ms-trending-tickers-094342819.html', 'site': 'finance', 'region': 'US', 'lang': 'en-US'}, 'metadata': {'editorsPick': False}, 'finance': {'premiumFinance': {'isPremiumNews': False, 'isPremiumFreeNews': False}}, 'storyline': None}"]
2025-05-24 23:53:24,899 - INFO - Sending prompt to LLM: 
            Analyze the sentiment of these recent news headlines for RELIANCE.NS stock.
            Consider the overall tone, specific events, and market implications.
            
            Headlines:
            - {'id': '506744b7-1fb8-33ce-a5ec-96487d533aa2', 'contentType': 'STORY', 'title': "India's Reliance to start solar module factory this year, exec says", 'description': '', 'summary': '"We are today building three bigger factories... in order to produce clean energy requirements," said Partha P Maitra, President, Strategy and Initiatives at Reliance Industries.  Reliance aims to eventually scale up solar module capacity to 20 GW per year, Maitra said.', 'pubDate': '2025-05-22T07:37:54Z', 'displayTime': '2025-05-22T07:37:54Z', 'isHosted': True, 'bypassModal': False, 'previewUrl': None, 'thumbnail': {'originalUrl': 'https://media.zenfs.com/en/reuters.com/80df2ac4029b940dcceda9cdeca654c7', 'originalWidth': 800, 'originalHeight': 580, 'caption': 'FILE PHOTO: A guard walks past the Reliance Industries logo near the entrance of Dhirubhai Ambani Knowledge City in Navi Mumbai', 'resolutions': [{'url': 'https://s.yimg.com/uu/api/res/1.2/b.BMyZSgLRcIhJeC8otx8w--~B/aD01ODA7dz04MDA7YXBwaWQ9eXRhY2h5b24-/https://media.zenfs.com/en/reuters.com/80df2ac4029b940dcceda9cdeca654c7', 'width': 800, 'height': 580, 'tag': 'original'}, {'url': 'https://s.yimg.com/uu/api/res/1.2/wDgHem_ZaNykvF3P5vQbcA--~B/Zmk9c3RyaW07aD0xMjg7dz0xNzA7YXBwaWQ9eXRhY2h5b24-/https://media.zenfs.com/en/reuters.com/80df2ac4029b940dcceda9cdeca654c7', 'width': 170, 'height': 128, 'tag': '170x128'}]}, 'provider': {'displayName': 'Reuters', 'url': 'https://www.reuters.com/'}, 'canonicalUrl': {'url': 'https://sg.finance.yahoo.com/news/indias-reliance-start-solar-module-073754086.html', 'site': 'finance', 'region': 'SG', 'lang': 'en-SG'}, 'clickThroughUrl': {'url': 'https://finance.yahoo.com/news/indias-reliance-start-solar-module-073754086.html', 'site': 'finance', 'region': 'US', 'lang': 'en-US'}, 'metadata': {'editorsPick': False}, 'finance': {'premiumFinance': {'isPremiumNews': False, 'isPremiumFreeNews': False}}, 'storyline': None}
- {'id': 'd72999bc-b28d-38cd-9b5a-54faf626678f', 'contentType': 'STORY', 'title': 'Indian billionaire Ambani to meet Trump, Qatar emir in Doha, sources say', 'description': '', 'summary': "NEW DELHI (Reuters) -Indian billionaire Mukesh Ambani will meet U.S. President Donald Trump and the emir of Qatar in Doha on Wednesday, two sources told Reuters, as his company Reliance Industries looks to foster ties with authorities in both nations.  Qatar's sovereign wealth fund, QIA, has invested in Reliance businesses over the years, and Ambani, who is Asia's richest man, has many business partnerships with the likes of U.S. tech giants such as Google and Meta.  Ambani will attend a state dinner for Trump at the Lusail Palace in Doha, but did not plan to hold any investment or business discussions, said the first source, who had direct knowledge of the matter.", 'pubDate': '2025-05-14T09:08:43Z', 'displayTime': '2025-05-14T09:08:43Z', 'isHosted': True, 'bypassModal': False, 'previewUrl': None, 'thumbnail': {'originalUrl': 'https://media.zenfs.com/en/reuters.com/f79808db95b5eba52463805745f17d86', 'originalWidth': 800, 'originalHeight': 533, 'caption': 'Vibrant Gujarat Global Summit, in Gandhinagar', 'resolutions': [{'url': 'https://s.yimg.com/uu/api/res/1.2/N9oGthKEoDRLmyqjYIY9Wg--~B/aD01MzM7dz04MDA7YXBwaWQ9eXRhY2h5b24-/https://media.zenfs.com/en/reuters.com/f79808db95b5eba52463805745f17d86', 'width': 800, 'height': 533, 'tag': 'original'}, {'url': 'https://s.yimg.com/uu/api/res/1.2/CPOVculvoNGRxM4H4hDLfQ--~B/Zmk9c3RyaW07aD0xMjg7dz0xNzA7YXBwaWQ9eXRhY2h5b24-/https://media.zenfs.com/en/reuters.com/f79808db95b5eba52463805745f17d86', 'width': 170, 'height': 128, 'tag': '170x128'}]}, 'provider': {'displayName': 'Reuters', 'url': 'https://www.reuters.com/'}, 'canonicalUrl': {'url': 'https://finance.yahoo.com/news/indian-billionaire-ambani-meet-trump-090843927.html', 'site': 'finance', 'region': 'US', 'lang': 'en-US'}, 'clickThroughUrl': {'url': 'https://finance.yahoo.com/news/indian-billionaire-ambani-meet-trump-090843927.html', 'site': 'finance', 'region': 'US', 'lang': 'en-US'}, 'metadata': {'editorsPick': False}, 'finance': {'premiumFinance': {'isPremiumNews': False, 'isPremiumFreeNews': False}}, 'storyline': None}
- {'id': '7d82daf0-c9e4-38f0-83fd-30ea4e4a7680', 'contentType': 'STORY', 'title': "India's April diesel exports likely hit lowest level in over a decade, sources say", 'description': '', 'summary': 'SINGAPORE (Reuters) -India\'s diesel exports likely hit their lowest level in over a decade in April as major exporter Reliance cut refining output for maintenance at a time when domestic demand was robust, trade sources and analysts said.  India, one of Asia\'s top-three diesel exporters, exported around 1.15 million metric tons (9.69 million barrels) of the industrial and transportation fuel in April, an average of data from LSEG, Kpler, Vortexa and two trade sources showed.  "The unexpectedly low outflows from India for April resulted in limited supplies heading for Asia and Europe," LSEG Oil Research senior analyst Charles Ong wrote in a note.', 'pubDate': '2025-05-06T07:45:00Z', 'displayTime': '2025-05-06T07:45:00Z', 'isHosted': True, 'bypassModal': False, 'previewUrl': None, 'thumbnail': {'originalUrl': 'https://media.zenfs.com/en/reuters.com/33e703c88677146cc6eb02247020c872', 'originalWidth': 800, 'originalHeight': 501, 'caption': 'A worker fills diesel in a container at a fuel station in Kolkata', 'resolutions': [{'url': 'https://s.yimg.com/uu/api/res/1.2/I9VdEjunE8gc34d8h6uCxQ--~B/aD01MDE7dz04MDA7YXBwaWQ9eXRhY2h5b24-/https://media.zenfs.com/en/reuters.com/33e703c88677146cc6eb02247020c872', 'width': 800, 'height': 501, 'tag': 'original'}, {'url': 'https://s.yimg.com/uu/api/res/1.2/dfzgU7L7iSSD0lDuCQNgjw--~B/Zmk9c3RyaW07aD0xMjg7dz0xNzA7YXBwaWQ9eXRhY2h5b24-/https://media.zenfs.com/en/reuters.com/33e703c88677146cc6eb02247020c872', 'width': 170, 'height': 128, 'tag': '170x128'}]}, 'provider': {'displayName': 'Reuters', 'url': 'https://www.reuters.com/'}, 'canonicalUrl': {'url': 'https://sg.finance.yahoo.com/news/indias-april-diesel-exports-likely-074500388.html', 'site': 'finance', 'region': 'SG', 'lang': 'en-SG'}, 'clickThroughUrl': {'url': 'https://finance.yahoo.com/news/indias-april-diesel-exports-likely-074500388.html', 'site': 'finance', 'region': 'US', 'lang': 'en-US'}, 'metadata': {'editorsPick': False}, 'finance': {'premiumFinance': {'isPremiumNews': False, 'isPremiumFreeNews': False}}, 'storyline': None}
- {'id': '18b5c5c2-5d65-3bf6-b0bd-aee865e45f42', 'contentType': 'VIDEO', 'title': "How Ambani's Campa Cola is Hurting Coke, Pepsi in India", 'description': "Asia's richest man, Mukesh Ambani, is challenging Coca-Cola and PepsiCo's dominance in India with Reliance Industries' Campa Cola brand.\nBloomberg's Satviki Sanjay appeared on Insight with Haslinda Amin to discuss what's behind the growing success of the brand.", 'summary': "Asia's richest man, Mukesh Ambani, is challenging Coca-Cola and PepsiCo's dominance in India with Reliance Industries' Campa Cola brand. Bloomberg's Satviki Sanjay appeared on Insight with Haslinda Amin to discuss what's behind the growing success of the brand.", 'pubDate': '2025-05-06T05:36:43Z', 'displayTime': '', 'isHosted': True, 'bypassModal': False, 'previewUrl': None, 'thumbnail': {'originalUrl': 'https://media.zenfs.com/en/bloomberg_markets_video_2/12310404b077c8de4f929ec72b95679d', 'originalWidth': 1280, 'originalHeight': 720, 'caption': '', 'resolutions': [{'url': 'https://s.yimg.com/uu/api/res/1.2/kB_Nhx1U6kkOYfbwbkrPLA--~B/aD03MjA7dz0xMjgwO2FwcGlkPXl0YWNoeW9u/https://media.zenfs.com/en/bloomberg_markets_video_2/12310404b077c8de4f929ec72b95679d', 'width': 1280, 'height': 720, 'tag': 'original'}, {'url': 'https://s.yimg.com/uu/api/res/1.2/3QIyuTdJS_HRkieGNQAoHQ--~B/Zmk9c3RyaW07aD0xMjg7dz0xNzA7YXBwaWQ9eXRhY2h5b24-/https://media.zenfs.com/en/bloomberg_markets_video_2/12310404b077c8de4f929ec72b95679d', 'width': 170, 'height': 128, 'tag': '170x128'}]}, 'provider': {'displayName': 'Bloomberg', 'url': 'https://www.bloomberg.com/'}, 'canonicalUrl': {'url': 'https://finance.yahoo.com/video/ambanis-campa-cola-hurting-coke-053643944.html', 'site': 'finance', 'region': 'US', 'lang': 'en-US'}, 'clickThroughUrl': {'url': 'https://finance.yahoo.com/video/ambanis-campa-cola-hurting-coke-053643944.html', 'site': 'finance', 'region': 'US', 'lang': 'en-US'}, 'metadata': {'editorsPick': False}, 'finance': {'premiumFinance': {'isPremiumNews': False, 'isPremiumFreeNews': False}}, 'storyline': None}
- {'id': 'e31eb9d7-b117-4bc3-bd2a-d0f79716b1eb', 'contentType': 'STORY', 'title': 'Trending tickers: Deliveroo, Reliance, Toyota, Novavax and M&S', 'description': '', 'summary': 'The latest investor updates on stocks that are trending on Monday', 'pubDate': '2025-04-28T09:44:36Z', 'displayTime': '2025-04-28T09:44:36Z', 'isHosted': True, 'bypassModal': False, 'previewUrl': None, 'thumbnail': {'originalUrl': 'https://s.yimg.com/os/creatr-uploaded-images/2025-04/d9028e40-2412-11f0-a77e-e6460752fb57', 'originalWidth': 4313, 'originalHeight': 2871, 'caption': '', 'resolutions': [{'url': 'https://s.yimg.com/uu/api/res/1.2/L13AVNw_ziMsQdRzLif9Fg--~B/aD0yODcxO3c9NDMxMzthcHBpZD15dGFjaHlvbg--/https://s.yimg.com/os/creatr-uploaded-images/2025-04/d9028e40-2412-11f0-a77e-e6460752fb57', 'width': 4313, 'height': 2871, 'tag': 'original'}, {'url': 'https://s.yimg.com/uu/api/res/1.2/gzlCxUYD4cjqGXjxHfGu9g--~B/Zmk9c3RyaW07aD0xMjg7dz0xNzA7YXBwaWQ9eXRhY2h5b24-/https://s.yimg.com/os/creatr-uploaded-images/2025-04/d9028e40-2412-11f0-a77e-e6460752fb57', 'width': 170, 'height': 128, 'tag': '170x128'}]}, 'provider': {'displayName': 'Yahoo Finance UK', 'url': 'http://uk.finance.yahoo.com/'}, 'canonicalUrl': {'url': 'https://uk.finance.yahoo.com/news/deliveroo-reliance-toyota-novavax-ms-trending-tickers-094342819.html', 'site': 'finance', 'region': 'GB', 'lang': 'en-GB'}, 'clickThroughUrl': {'url': 'https://finance.yahoo.com/news/deliveroo-reliance-toyota-novavax-ms-trending-tickers-094342819.html', 'site': 'finance', 'region': 'US', 'lang': 'en-US'}, 'metadata': {'editorsPick': False}, 'finance': {'premiumFinance': {'isPremiumNews': False, 'isPremiumFreeNews': False}}, 'storyline': None}
            
            Provide your analysis in this exact format (include all sections):
            
            SENTIMENT: [POSITIVE/NEGATIVE/NEUTRAL]
            CONFIDENCE: [0-100]
            KEY_THEMES: [comma-separated list of 2-3 key themes or topics]
            
            Be specific and focus on actionable insights. If unsure, mark as NEUTRAL with 50 confidence.
            
2025-05-24 23:53:24,900 - INFO - Sending request to Ollama with model: llama3.2:latest
2025-05-24 23:53:40,424 - INFO - Ollama response status: 200
2025-05-24 23:53:40,427 - INFO - Received LLM response: SENTIMENT: NEUTRAL
CONFIDENCE: 50

KEY_THEMES: Reliance Industries' expansion into solar modules, Mukesh Ambani's meetings with Trump and the Qatar emir, diesel exports, Campa Cola brand success, and market trends.

Analysis:

The recent news headlines about Reliance Industries suggest a mix of positive and negative sentiments. On one hand, the company is expected to start a solar module factory this year, which indicates a growth in clean energy production (positive). Additionally, Mukesh Ambani's meetings with Trump and the Qatar emir may lead to new business opportunities and partnerships for Reliance Industries (positive).

On the other hand, the news about diesel exports hitting their lowest level in over a decade is a negative indicator. This could impact Reliance Industries' revenue and market share. Furthermore, the success of Campa Cola brand is mentioned as a challenge to Coca-Cola and PepsiCo's dominance in India, which may have a competitive impact on
2025-05-24 23:53:40,428 - INFO - Parsed sentiment result: {'sentiment': 'NEUTRAL', 'confidence': 50, 'themes': []}
2025-05-24 23:53:40,428 - INFO - 
Sentiment Analysis Results:
2025-05-24 23:53:40,428 - INFO - Stock: RELIANCE.NS
2025-05-24 23:53:40,428 - INFO - Sentiment: NEUTRAL
2025-05-24 23:53:40,428 - INFO - Confidence: 50
2025-05-24 23:53:40,428 - INFO - Themes: None
2025-05-24 23:53:42,434 - INFO - 
==================================================
2025-05-24 23:53:42,434 - INFO - Testing sentiment analysis for TCS.NS
2025-05-24 23:53:42,435 - INFO - ==================================================
2025-05-24 23:53:42,440 - INFO - Fetching news for ticker: TCS.NS
2025-05-24 23:53:42,623 - INFO - Found 10 total news items from Yahoo Finance
2025-05-24 23:53:42,623 - INFO - News item 1 type: <class 'dict'>
2025-05-24 23:53:42,624 - INFO -   News item keys: ['id', 'content']
2025-05-24 23:53:42,624 - INFO -   Content: {'id': '1bb70d34-f3a3-3347-bbd9-cd7965d6824f', 'contentType': 'STORY', 'title': 'Tata Consultancy Services carries out internal probe into M&S hack, FT reports', 'description': '', 'summary': 'M&S dec...
2025-05-24 23:53:42,624 - INFO - News item 2 type: <class 'dict'>
2025-05-24 23:53:42,624 - INFO -   News item keys: ['id', 'content']
2025-05-24 23:53:42,624 - INFO -   Content: {'id': 'c85b93c8-9a78-3ccb-a202-a795542ea6d9', 'contentType': 'STORY', 'title': 'TCS expands partnership with SAP to drive cloud adoption', 'description': '', 'summary': "The two companies will jointl...
2025-05-24 23:53:42,625 - INFO - News item 3 type: <class 'dict'>
2025-05-24 23:53:42,625 - INFO -   News item keys: ['id', 'content']
2025-05-24 23:53:42,625 - INFO -   Content: {'id': '4aac023d-6d8c-3420-ba4b-7c4fa6a2537c', 'contentType': 'STORY', 'title': 'Tata Consultancy Services Ltd (BOM:532540) Q4 2025 Earnings Call Highlights: Surpassing $30 ...', 'description': '', 's...
2025-05-24 23:53:42,625 - INFO - Found 5 relevant headlines from Yahoo Finance for TCS.NS
2025-05-24 23:53:42,626 - INFO - Analyzing sentiment for TCS.NS with headlines: ["{'id': '1bb70d34-f3a3-3347-bbd9-cd7965d6824f', 'contentType': 'STORY', 'title': 'Tata Consultancy Services carries out internal probe into M&S hack, FT reports', 'description': '', 'summary': 'M&S declined to comment and TCS did not immediately respond to a Reuters request for comment.  The cyberattack which M&S disclosed in April will cost the company about 300 million pounds ($404.9 million) in lost operating profit, and disruption to online services is likely until July.', 'pubDate': '2025-05-23T10:44:27Z', 'displayTime': '2025-05-23T10:44:27Z', 'isHosted': True, 'bypassModal': False, 'previewUrl': None, 'thumbnail': {'originalUrl': 'https://media.zenfs.com/en/reuters.com/d608865eabed4b90a88270d90a6e47b5', 'originalWidth': 800, 'originalHeight': 505, 'caption': 'Illustration shows TCS: Tata Consultancy Services logo', 'resolutions': [{'url': 'https://s.yimg.com/uu/api/res/1.2/tm.iNfN97Y5xaQqqJmpAWg--~B/aD01MDU7dz04MDA7YXBwaWQ9eXRhY2h5b24-/https://media.zenfs.com/en/reuters.com/d608865eabed4b90a88270d90a6e47b5', 'width': 800, 'height': 505, 'tag': 'original'}, {'url': 'https://s.yimg.com/uu/api/res/1.2/BfBYoswdb.IM2UGXL7YlQA--~B/Zmk9c3RyaW07aD0xMjg7dz0xNzA7YXBwaWQ9eXRhY2h5b24-/https://media.zenfs.com/en/reuters.com/d608865eabed4b90a88270d90a6e47b5', 'width': 170, 'height': 128, 'tag': '170x128'}]}, 'provider': {'displayName': 'Reuters', 'url': 'https://www.reuters.com/'}, 'canonicalUrl': {'url': 'https://finance.yahoo.com/news/tata-consultancy-services-carries-internal-104427057.html', 'site': 'finance', 'region': 'US', 'lang': 'en-US'}, 'clickThroughUrl': {'url': 'https://finance.yahoo.com/news/tata-consultancy-services-carries-internal-104427057.html', 'site': 'finance', 'region': 'US', 'lang': 'en-US'}, 'metadata': {'editorsPick': False}, 'finance': {'premiumFinance': {'isPremiumNews': False, 'isPremiumFreeNews': False}}, 'storyline': None}", '{\'id\': \'c85b93c8-9a78-3ccb-a202-a795542ea6d9\', \'contentType\': \'STORY\', \'title\': \'TCS expands partnership with SAP to drive cloud adoption\', \'description\': \'\', \'summary\': "The two companies will jointly work to support customers through the \'RISE with SAP\' initiative.", \'pubDate\': \'2025-05-02T10:12:48Z\', \'displayTime\': \'2025-05-02T10:12:48Z\', \'isHosted\': True, \'bypassModal\': False, \'previewUrl\': None, \'thumbnail\': {\'originalUrl\': \'https://media.zenfs.com/en/verdict_626/bb981f6c3332bb3037894d2d505ba89f\', \'originalWidth\': 1437, \'originalHeight\': 811, \'caption\': \'TCS will leverage its TCS Pace Port innovation network. Credit: Piotr Swat/Shutterstock.\', \'resolutions\': [{\'url\': \'https://s.yimg.com/uu/api/res/1.2/oEcWZB5k9XjZ8PDsaFejDg--~B/aD04MTE7dz0xNDM3O2FwcGlkPXl0YWNoeW9u/https://media.zenfs.com/en/verdict_626/bb981f6c3332bb3037894d2d505ba89f\', \'width\': 1437, \'height\': 811, \'tag\': \'original\'}, {\'url\': \'https://s.yimg.com/uu/api/res/1.2/9Qmdc8QLoVDr5WaMmqdneA--~B/Zmk9c3RyaW07aD0xMjg7dz0xNzA7YXBwaWQ9eXRhY2h5b24-/https://media.zenfs.com/en/verdict_626/bb981f6c3332bb3037894d2d505ba89f\', \'width\': 170, \'height\': 128, \'tag\': \'170x128\'}]}, \'provider\': {\'displayName\': \'Verdict\', \'url\': \'https://www.globaldata.com/\'}, \'canonicalUrl\': {\'url\': \'https://www.verdict.co.uk/tcs-sap-cloud-adoption/\', \'site\': \'finance\', \'region\': \'US\', \'lang\': \'en-US\'}, \'clickThroughUrl\': {\'url\': \'https://finance.yahoo.com/news/tcs-expands-partnership-sap-drive-101248167.html\', \'site\': \'finance\', \'region\': \'US\', \'lang\': \'en-US\'}, \'metadata\': {\'editorsPick\': False}, \'finance\': {\'premiumFinance\': {\'isPremiumNews\': False, \'isPremiumFreeNews\': False}}, \'storyline\': None}', "{'id': '4aac023d-6d8c-3420-ba4b-7c4fa6a2537c', 'contentType': 'STORY', 'title': 'Tata Consultancy Services Ltd (BOM:532540) Q4 2025 Earnings Call Highlights: Surpassing $30 ...', 'description': '', 'summary': 'Tata Consultancy Services Ltd (BOM:532540) reports strong fiscal year growth despite margin pressures and regional revenue declines.', 'pubDate': '2025-04-11T07:01:18Z', 'displayTime': '2025-04-11T07:01:18Z', 'isHosted': True, 'bypassModal': False, 'previewUrl': None, 'thumbnail': None, 'provider': {'displayName': 'GuruFocus.com', 'url': 'http://www.gurufocus.com/'}, 'canonicalUrl': {'url': 'https://finance.yahoo.com/news/tata-consultancy-services-ltd-bom-070118452.html', 'site': 'finance', 'region': 'US', 'lang': 'en-US'}, 'clickThroughUrl': {'url': 'https://finance.yahoo.com/news/tata-consultancy-services-ltd-bom-070118452.html', 'site': 'finance', 'region': 'US', 'lang': 'en-US'}, 'metadata': {'editorsPick': False}, 'finance': {'premiumFinance': {'isPremiumNews': False, 'isPremiumFreeNews': False}}, 'storyline': None}", '{\'id\': \'f1344859-d72b-33db-8876-471fce9c3eb4\', \'contentType\': \'STORY\', \'title\': "India\'s TCS warns US tariff chaos hurting client sentiment", \'description\': \'\', \'summary\': "BENGALURU (Reuters) -India\'s top software-services exporter Tata Consultancy Services reported weaker-than-expected quarterly results on Thursday and warned uncertainty around U.S. tariffs was prompting clients to rethink discretionary projects.  The $283 billion Indian IT sector was counting on the Trump administration\'s business-friendly policies to revive client confidence and spending in its biggest market, but the U.S. tariff saga has soured expectations of any immediate upswing in fortunes.", \'pubDate\': \'2025-04-10T10:46:40Z\', \'displayTime\': \'2025-04-10T10:46:40Z\', \'isHosted\': True, \'bypassModal\': False, \'previewUrl\': None, \'thumbnail\': {\'originalUrl\': \'https://media.zenfs.com/en/reuters.com/b3b2cabb8200f6c280fbf853979ae22a\', \'originalWidth\': 800, \'originalHeight\': 512, \'caption\': "A man walks past a logo of Tata Consultancy Services (TCS) before a press conference announcing the company\'s quarterly results in Mumbai", \'resolutions\': [{\'url\': \'https://s.yimg.com/uu/api/res/1.2/p_8wAmgwYP7.gXqiHSQG2Q--~B/aD01MTI7dz04MDA7YXBwaWQ9eXRhY2h5b24-/https://media.zenfs.com/en/reuters.com/b3b2cabb8200f6c280fbf853979ae22a\', \'width\': 800, \'height\': 512, \'tag\': \'original\'}, {\'url\': \'https://s.yimg.com/uu/api/res/1.2/qsi8zU9gdLmnPqg8PVS4og--~B/Zmk9c3RyaW07aD0xMjg7dz0xNzA7YXBwaWQ9eXRhY2h5b24-/https://media.zenfs.com/en/reuters.com/b3b2cabb8200f6c280fbf853979ae22a\', \'width\': 170, \'height\': 128, \'tag\': \'170x128\'}]}, \'provider\': {\'displayName\': \'Reuters\', \'url\': \'https://www.reuters.com/\'}, \'canonicalUrl\': {\'url\': \'https://finance.yahoo.com/news/indias-tcs-misses-fourth-quarter-104640504.html\', \'site\': \'finance\', \'region\': \'US\', \'lang\': \'en-US\'}, \'clickThroughUrl\': {\'url\': \'https://finance.yahoo.com/news/indias-tcs-misses-fourth-quarter-104640504.html\', \'site\': \'finance\', \'region\': \'US\', \'lang\': \'en-US\'}, \'metadata\': {\'editorsPick\': False}, \'finance\': {\'premiumFinance\': {\'isPremiumNews\': False, \'isPremiumFreeNews\': False}}, \'storyline\': None}', '{\'id\': \'32367872-10e4-3788-8b13-e8eefc7b630e\', \'contentType\': \'STORY\', \'title\': \'The Cumberland taps TCS for core system overhaul\', \'description\': \'\', \'summary\': "The partnership aims to “future-proof” The Cumberland\'s banking infrastructure and enhance service flexibility at its branches.", \'pubDate\': \'2025-03-21T12:17:28Z\', \'displayTime\': \'2025-03-21T12:17:28Z\', \'isHosted\': True, \'bypassModal\': False, \'previewUrl\': None, \'thumbnail\': {\'originalUrl\': \'https://media.zenfs.com/en/retail_banker_international_407/074eba11360eb8e40d8692cd12a7bdec\', \'originalWidth\': 1440, \'originalHeight\': 810, \'caption\': \'The collaboration will enable the implementation of TCS BaNCS for Core Banking to improve operational efficiency. Credit: Tada Images/Shutterstock.\', \'resolutions\': [{\'url\': \'https://s.yimg.com/uu/api/res/1.2/x72i_u96jk67chbrYr4_kw--~B/aD04MTA7dz0xNDQwO2FwcGlkPXl0YWNoeW9u/https://media.zenfs.com/en/retail_banker_international_407/074eba11360eb8e40d8692cd12a7bdec\', \'width\': 1440, \'height\': 810, \'tag\': \'original\'}, {\'url\': \'https://s.yimg.com/uu/api/res/1.2/BtePQkfuz0BN.xldm3TnEw--~B/Zmk9c3RyaW07aD0xMjg7dz0xNzA7YXBwaWQ9eXRhY2h5b24-/https://media.zenfs.com/en/retail_banker_international_407/074eba11360eb8e40d8692cd12a7bdec\', \'width\': 170, \'height\': 128, \'tag\': \'170x128\'}]}, \'provider\': {\'displayName\': \'Retail Banker International\', \'url\': \'https://www.globaldata.com/\'}, \'canonicalUrl\': {\'url\': \'https://www.retailbankerinternational.com/news/the-cumberland-taps-tcs-overhaul/\', \'site\': \'finance\', \'region\': \'US\', \'lang\': \'en-US\'}, \'clickThroughUrl\': {\'url\': \'https://finance.yahoo.com/news/cumberland-taps-tcs-core-system-121728910.html\', \'site\': \'finance\', \'region\': \'US\', \'lang\': \'en-US\'}, \'metadata\': {\'editorsPick\': False}, \'finance\': {\'premiumFinance\': {\'isPremiumNews\': False, \'isPremiumFreeNews\': False}}, \'storyline\': None}']
2025-05-24 23:53:42,626 - INFO - Sending prompt to LLM: 
            Analyze the sentiment of these recent news headlines for TCS.NS stock.
            Consider the overall tone, specific events, and market implications.
            
            Headlines:
            - {'id': '1bb70d34-f3a3-3347-bbd9-cd7965d6824f', 'contentType': 'STORY', 'title': 'Tata Consultancy Services carries out internal probe into M&S hack, FT reports', 'description': '', 'summary': 'M&S declined to comment and TCS did not immediately respond to a Reuters request for comment.  The cyberattack which M&S disclosed in April will cost the company about 300 million pounds ($404.9 million) in lost operating profit, and disruption to online services is likely until July.', 'pubDate': '2025-05-23T10:44:27Z', 'displayTime': '2025-05-23T10:44:27Z', 'isHosted': True, 'bypassModal': False, 'previewUrl': None, 'thumbnail': {'originalUrl': 'https://media.zenfs.com/en/reuters.com/d608865eabed4b90a88270d90a6e47b5', 'originalWidth': 800, 'originalHeight': 505, 'caption': 'Illustration shows TCS: Tata Consultancy Services logo', 'resolutions': [{'url': 'https://s.yimg.com/uu/api/res/1.2/tm.iNfN97Y5xaQqqJmpAWg--~B/aD01MDU7dz04MDA7YXBwaWQ9eXRhY2h5b24-/https://media.zenfs.com/en/reuters.com/d608865eabed4b90a88270d90a6e47b5', 'width': 800, 'height': 505, 'tag': 'original'}, {'url': 'https://s.yimg.com/uu/api/res/1.2/BfBYoswdb.IM2UGXL7YlQA--~B/Zmk9c3RyaW07aD0xMjg7dz0xNzA7YXBwaWQ9eXRhY2h5b24-/https://media.zenfs.com/en/reuters.com/d608865eabed4b90a88270d90a6e47b5', 'width': 170, 'height': 128, 'tag': '170x128'}]}, 'provider': {'displayName': 'Reuters', 'url': 'https://www.reuters.com/'}, 'canonicalUrl': {'url': 'https://finance.yahoo.com/news/tata-consultancy-services-carries-internal-104427057.html', 'site': 'finance', 'region': 'US', 'lang': 'en-US'}, 'clickThroughUrl': {'url': 'https://finance.yahoo.com/news/tata-consultancy-services-carries-internal-104427057.html', 'site': 'finance', 'region': 'US', 'lang': 'en-US'}, 'metadata': {'editorsPick': False}, 'finance': {'premiumFinance': {'isPremiumNews': False, 'isPremiumFreeNews': False}}, 'storyline': None}
- {'id': 'c85b93c8-9a78-3ccb-a202-a795542ea6d9', 'contentType': 'STORY', 'title': 'TCS expands partnership with SAP to drive cloud adoption', 'description': '', 'summary': "The two companies will jointly work to support customers through the 'RISE with SAP' initiative.", 'pubDate': '2025-05-02T10:12:48Z', 'displayTime': '2025-05-02T10:12:48Z', 'isHosted': True, 'bypassModal': False, 'previewUrl': None, 'thumbnail': {'originalUrl': 'https://media.zenfs.com/en/verdict_626/bb981f6c3332bb3037894d2d505ba89f', 'originalWidth': 1437, 'originalHeight': 811, 'caption': 'TCS will leverage its TCS Pace Port innovation network. Credit: Piotr Swat/Shutterstock.', 'resolutions': [{'url': 'https://s.yimg.com/uu/api/res/1.2/oEcWZB5k9XjZ8PDsaFejDg--~B/aD04MTE7dz0xNDM3O2FwcGlkPXl0YWNoeW9u/https://media.zenfs.com/en/verdict_626/bb981f6c3332bb3037894d2d505ba89f', 'width': 1437, 'height': 811, 'tag': 'original'}, {'url': 'https://s.yimg.com/uu/api/res/1.2/9Qmdc8QLoVDr5WaMmqdneA--~B/Zmk9c3RyaW07aD0xMjg7dz0xNzA7YXBwaWQ9eXRhY2h5b24-/https://media.zenfs.com/en/verdict_626/bb981f6c3332bb3037894d2d505ba89f', 'width': 170, 'height': 128, 'tag': '170x128'}]}, 'provider': {'displayName': 'Verdict', 'url': 'https://www.globaldata.com/'}, 'canonicalUrl': {'url': 'https://www.verdict.co.uk/tcs-sap-cloud-adoption/', 'site': 'finance', 'region': 'US', 'lang': 'en-US'}, 'clickThroughUrl': {'url': 'https://finance.yahoo.com/news/tcs-expands-partnership-sap-drive-101248167.html', 'site': 'finance', 'region': 'US', 'lang': 'en-US'}, 'metadata': {'editorsPick': False}, 'finance': {'premiumFinance': {'isPremiumNews': False, 'isPremiumFreeNews': False}}, 'storyline': None}
- {'id': '4aac023d-6d8c-3420-ba4b-7c4fa6a2537c', 'contentType': 'STORY', 'title': 'Tata Consultancy Services Ltd (BOM:532540) Q4 2025 Earnings Call Highlights: Surpassing $30 ...', 'description': '', 'summary': 'Tata Consultancy Services Ltd (BOM:532540) reports strong fiscal year growth despite margin pressures and regional revenue declines.', 'pubDate': '2025-04-11T07:01:18Z', 'displayTime': '2025-04-11T07:01:18Z', 'isHosted': True, 'bypassModal': False, 'previewUrl': None, 'thumbnail': None, 'provider': {'displayName': 'GuruFocus.com', 'url': 'http://www.gurufocus.com/'}, 'canonicalUrl': {'url': 'https://finance.yahoo.com/news/tata-consultancy-services-ltd-bom-070118452.html', 'site': 'finance', 'region': 'US', 'lang': 'en-US'}, 'clickThroughUrl': {'url': 'https://finance.yahoo.com/news/tata-consultancy-services-ltd-bom-070118452.html', 'site': 'finance', 'region': 'US', 'lang': 'en-US'}, 'metadata': {'editorsPick': False}, 'finance': {'premiumFinance': {'isPremiumNews': False, 'isPremiumFreeNews': False}}, 'storyline': None}
- {'id': 'f1344859-d72b-33db-8876-471fce9c3eb4', 'contentType': 'STORY', 'title': "India's TCS warns US tariff chaos hurting client sentiment", 'description': '', 'summary': "BENGALURU (Reuters) -India's top software-services exporter Tata Consultancy Services reported weaker-than-expected quarterly results on Thursday and warned uncertainty around U.S. tariffs was prompting clients to rethink discretionary projects.  The $283 billion Indian IT sector was counting on the Trump administration's business-friendly policies to revive client confidence and spending in its biggest market, but the U.S. tariff saga has soured expectations of any immediate upswing in fortunes.", 'pubDate': '2025-04-10T10:46:40Z', 'displayTime': '2025-04-10T10:46:40Z', 'isHosted': True, 'bypassModal': False, 'previewUrl': None, 'thumbnail': {'originalUrl': 'https://media.zenfs.com/en/reuters.com/b3b2cabb8200f6c280fbf853979ae22a', 'originalWidth': 800, 'originalHeight': 512, 'caption': "A man walks past a logo of Tata Consultancy Services (TCS) before a press conference announcing the company's quarterly results in Mumbai", 'resolutions': [{'url': 'https://s.yimg.com/uu/api/res/1.2/p_8wAmgwYP7.gXqiHSQG2Q--~B/aD01MTI7dz04MDA7YXBwaWQ9eXRhY2h5b24-/https://media.zenfs.com/en/reuters.com/b3b2cabb8200f6c280fbf853979ae22a', 'width': 800, 'height': 512, 'tag': 'original'}, {'url': 'https://s.yimg.com/uu/api/res/1.2/qsi8zU9gdLmnPqg8PVS4og--~B/Zmk9c3RyaW07aD0xMjg7dz0xNzA7YXBwaWQ9eXRhY2h5b24-/https://media.zenfs.com/en/reuters.com/b3b2cabb8200f6c280fbf853979ae22a', 'width': 170, 'height': 128, 'tag': '170x128'}]}, 'provider': {'displayName': 'Reuters', 'url': 'https://www.reuters.com/'}, 'canonicalUrl': {'url': 'https://finance.yahoo.com/news/indias-tcs-misses-fourth-quarter-104640504.html', 'site': 'finance', 'region': 'US', 'lang': 'en-US'}, 'clickThroughUrl': {'url': 'https://finance.yahoo.com/news/indias-tcs-misses-fourth-quarter-104640504.html', 'site': 'finance', 'region': 'US', 'lang': 'en-US'}, 'metadata': {'editorsPick': False}, 'finance': {'premiumFinance': {'isPremiumNews': False, 'isPremiumFreeNews': False}}, 'storyline': None}
- {'id': '32367872-10e4-3788-8b13-e8eefc7b630e', 'contentType': 'STORY', 'title': 'The Cumberland taps TCS for core system overhaul', 'description': '', 'summary': "The partnership aims to “future-proof” The Cumberland's banking infrastructure and enhance service flexibility at its branches.", 'pubDate': '2025-03-21T12:17:28Z', 'displayTime': '2025-03-21T12:17:28Z', 'isHosted': True, 'bypassModal': False, 'previewUrl': None, 'thumbnail': {'originalUrl': 'https://media.zenfs.com/en/retail_banker_international_407/074eba11360eb8e40d8692cd12a7bdec', 'originalWidth': 1440, 'originalHeight': 810, 'caption': 'The collaboration will enable the implementation of TCS BaNCS for Core Banking to improve operational efficiency. Credit: Tada Images/Shutterstock.', 'resolutions': [{'url': 'https://s.yimg.com/uu/api/res/1.2/x72i_u96jk67chbrYr4_kw--~B/aD04MTA7dz0xNDQwO2FwcGlkPXl0YWNoeW9u/https://media.zenfs.com/en/retail_banker_international_407/074eba11360eb8e40d8692cd12a7bdec', 'width': 1440, 'height': 810, 'tag': 'original'}, {'url': 'https://s.yimg.com/uu/api/res/1.2/BtePQkfuz0BN.xldm3TnEw--~B/Zmk9c3RyaW07aD0xMjg7dz0xNzA7YXBwaWQ9eXRhY2h5b24-/https://media.zenfs.com/en/retail_banker_international_407/074eba11360eb8e40d8692cd12a7bdec', 'width': 170, 'height': 128, 'tag': '170x128'}]}, 'provider': {'displayName': 'Retail Banker International', 'url': 'https://www.globaldata.com/'}, 'canonicalUrl': {'url': 'https://www.retailbankerinternational.com/news/the-cumberland-taps-tcs-overhaul/', 'site': 'finance', 'region': 'US', 'lang': 'en-US'}, 'clickThroughUrl': {'url': 'https://finance.yahoo.com/news/cumberland-taps-tcs-core-system-121728910.html', 'site': 'finance', 'region': 'US', 'lang': 'en-US'}, 'metadata': {'editorsPick': False}, 'finance': {'premiumFinance': {'isPremiumNews': False, 'isPremiumFreeNews': False}}, 'storyline': None}
            
            Provide your analysis in this exact format (include all sections):
            
            SENTIMENT: [POSITIVE/NEGATIVE/NEUTRAL]
            CONFIDENCE: [0-100]
            KEY_THEMES: [comma-separated list of 2-3 key themes or topics]
            
            Be specific and focus on actionable insights. If unsure, mark as NEUTRAL with 50 confidence.
            
2025-05-24 23:53:42,627 - INFO - Sending request to Ollama with model: llama3.2:latest
2025-05-24 23:53:56,029 - INFO - Ollama response status: 200
2025-05-24 23:53:56,031 - INFO - Received LLM response: SENTIMENT: NEUTRAL
CONFIDENCE: 50
KEY_THEMES: TCS internal probe into M&S hack, cloud adoption, partnership with SAP, Q4 earnings call, impact of US tariffs on client sentiment, core system overhaul for The Cumberland.

Analysis:

The recent news headlines about TCS.NS stock provide a mixed picture. On one hand, the company's expansion of its partnership with SAP to drive cloud adoption suggests a positive development in its business strategy (KEY_THEMES: cloud adoption). Additionally, the announcement of a strong fiscal year growth despite margin pressures and regional revenue declines indicates a resilient performance by TCS (KEY_THEMES: Q4 earnings call).

On the other hand, the internal probe into M&S hack and the potential disruption to online services until July raise concerns about cybersecurity risks (KEY_THEMES: TCS internal probe into M&S hack). Furthermore, the warning from India's top software-services exporter that US tariffs are hurting client sentiment suggests a negative impact
2025-05-24 23:53:56,032 - INFO - Parsed sentiment result: {'sentiment': 'NEUTRAL', 'confidence': 50, 'themes': []}
2025-05-24 23:53:56,032 - INFO - 
Sentiment Analysis Results:
2025-05-24 23:53:56,032 - INFO - Stock: TCS.NS
2025-05-24 23:53:56,032 - INFO - Sentiment: NEUTRAL
2025-05-24 23:53:56,032 - INFO - Confidence: 50
2025-05-24 23:53:56,032 - INFO - Themes: None
2025-05-24 23:53:58,035 - INFO - 
==================================================
2025-05-24 23:53:58,036 - INFO - Testing sentiment analysis for HDFCBANK.NS
2025-05-24 23:53:58,036 - INFO - ==================================================
2025-05-24 23:53:58,038 - INFO - Fetching news for ticker: HDFCBANK.NS
2025-05-24 23:53:58,247 - INFO - Found 10 total news items from Yahoo Finance
2025-05-24 23:53:58,247 - INFO - News item 1 type: <class 'dict'>
2025-05-24 23:53:58,248 - INFO -   News item keys: ['id', 'content']
2025-05-24 23:53:58,248 - INFO -   Content: {'id': '29c4caf5-a422-33e8-b735-e59f66299a75', 'contentType': 'STORY', 'title': 'Is the Options Market Predicting a Spike in HDFC Bank (HDB) Stock?', 'description': '', 'summary': 'Investors need to p...
2025-05-24 23:53:58,248 - INFO - News item 2 type: <class 'dict'>
2025-05-24 23:53:58,248 - INFO -   News item keys: ['id', 'content']
2025-05-24 23:53:58,248 - INFO -   Content: {'id': '2fe253a0-593b-3021-b5f3-dc0736ca4672', 'contentType': 'STORY', 'title': 'Indian benchmarks log biggest five-day gains in four years as financials rally', 'description': '', 'summary': "India's...
2025-05-24 23:53:58,248 - INFO - News item 3 type: <class 'dict'>
2025-05-24 23:53:58,248 - INFO -   News item keys: ['id', 'content']
2025-05-24 23:53:58,248 - INFO -   Content: {'id': '2d323c37-703b-3340-837f-94ef3205fe1f', 'contentType': 'STORY', 'title': 'HDFC Bank Ltd (HDB) Q4 2025 Earnings Call Highlights: Strong Deposit Growth and Pristine Asset ...', 'description': '',...
2025-05-24 23:53:58,249 - INFO - Found 5 relevant headlines from Yahoo Finance for HDFCBANK.NS
2025-05-24 23:53:58,249 - INFO - Analyzing sentiment for HDFCBANK.NS with headlines: ["{'id': '29c4caf5-a422-33e8-b735-e59f66299a75', 'contentType': 'STORY', 'title': 'Is the Options Market Predicting a Spike in HDFC Bank (HDB) Stock?', 'description': '', 'summary': 'Investors need to pay close attention to HDFC Bank (HDB) stock based on the movements in the options market lately.', 'pubDate': '2025-05-19T15:29:00Z', 'displayTime': '2025-05-19T15:29:00Z', 'isHosted': True, 'bypassModal': False, 'previewUrl': None, 'thumbnail': {'originalUrl': 'https://media.zenfs.com/en/zacks.com/9fff9f84f51f11966f715ae738f14e1c', 'originalWidth': 635, 'originalHeight': 400, 'caption': '', 'resolutions': [{'url': 'https://s.yimg.com/uu/api/res/1.2/C0A28mdnkvImCwAim9iKdA--~B/aD00MDA7dz02MzU7YXBwaWQ9eXRhY2h5b24-/https://media.zenfs.com/en/zacks.com/9fff9f84f51f11966f715ae738f14e1c', 'width': 635, 'height': 400, 'tag': 'original'}, {'url': 'https://s.yimg.com/uu/api/res/1.2/lb5OMPWWyNvq8R23p0SyrA--~B/Zmk9c3RyaW07aD0xMjg7dz0xNzA7YXBwaWQ9eXRhY2h5b24-/https://media.zenfs.com/en/zacks.com/9fff9f84f51f11966f715ae738f14e1c', 'width': 170, 'height': 128, 'tag': '170x128'}]}, 'provider': {'displayName': 'Zacks', 'url': 'http://www.zacks.com/'}, 'canonicalUrl': {'url': 'https://finance.yahoo.com/news/options-market-predicting-spike-hdfc-152900430.html', 'site': 'finance', 'region': 'US', 'lang': 'en-US'}, 'clickThroughUrl': {'url': 'https://finance.yahoo.com/news/options-market-predicting-spike-hdfc-152900430.html', 'site': 'finance', 'region': 'US', 'lang': 'en-US'}, 'metadata': {'editorsPick': False}, 'finance': {'premiumFinance': {'isPremiumNews': False, 'isPremiumFreeNews': False}}, 'storyline': None}", "{'id': '2d323c37-703b-3340-837f-94ef3205fe1f', 'contentType': 'STORY', 'title': 'HDFC Bank Ltd (HDB) Q4 2025 Earnings Call Highlights: Strong Deposit Growth and Pristine Asset ...', 'description': '', 'summary': 'HDFC Bank Ltd (HDB) showcases robust financial stability with reduced credit deposit ratio and stable net interest margins, despite facing global economic challenges.', 'pubDate': '2025-04-20T07:00:21Z', 'displayTime': '2025-04-20T07:00:21Z', 'isHosted': True, 'bypassModal': False, 'previewUrl': None, 'thumbnail': {'originalUrl': 'https://media.zenfs.com/en/us.finance.gurufocus/5e2475e282daf59dda755837d90721a9', 'originalWidth': 134, 'originalHeight': 134, 'caption': '', 'resolutions': [{'url': 'https://s.yimg.com/uu/api/res/1.2/xlS5jajQAJ2k10VicwV6_g--~B/aD0xMzQ7dz0xMzQ7YXBwaWQ9eXRhY2h5b24-/https://media.zenfs.com/en/us.finance.gurufocus/5e2475e282daf59dda755837d90721a9', 'width': 134, 'height': 134, 'tag': 'original'}, {'url': 'https://s.yimg.com/uu/api/res/1.2/KEdqSExSYqgOD6Q4jIa7Tg--~B/Zmk9c3RyaW07aD0xMjg7dz0xNzA7YXBwaWQ9eXRhY2h5b24-/https://media.zenfs.com/en/us.finance.gurufocus/5e2475e282daf59dda755837d90721a9', 'width': 170, 'height': 128, 'tag': '170x128'}]}, 'provider': {'displayName': 'GuruFocus.com', 'url': 'http://www.gurufocus.com/'}, 'canonicalUrl': {'url': 'https://finance.yahoo.com/news/hdfc-bank-ltd-hdb-q4-070021819.html', 'site': 'finance', 'region': 'US', 'lang': 'en-US'}, 'clickThroughUrl': {'url': 'https://finance.yahoo.com/news/hdfc-bank-ltd-hdb-q4-070021819.html', 'site': 'finance', 'region': 'US', 'lang': 'en-US'}, 'metadata': {'editorsPick': False}, 'finance': {'premiumFinance': {'isPremiumNews': False, 'isPremiumFreeNews': False}}, 'storyline': None}", '{\'id\': \'4bfce8a9-2116-30eb-94ea-75ba088ddb5f\', \'contentType\': \'STORY\', \'title\': "India\'s HDFC Bank hits four-month high as deposit rate cut seen lifting margins", \'description\': \'\', \'summary\': "Shares of India\'s HDFC Bank rose as much as 4% on Tuesday to 1,876.80 rupees and were set for their best day in 10 months, after its deposit rate cuts were seen as a margin boost amid slowing loan growth in the industry.  India\'s largest private lender rose to 1,876.80 rupees as of 8:53 a.m. GMT, its highest since early December, after the bank cut savings deposit rates by 25 basis points across tiers - its first cut in the under-5-million-rupee ($58,263) category in five years.  Brokerage Macquarie said the rate cut could boost HDFC Bank\'s margins by five basis points starting the first quarter of fiscal 2026, while Jefferies estimated it would reduce costs on 23% of its deposits.", \'pubDate\': \'2025-04-15T08:47:24Z\', \'displayTime\': \'2025-04-15T08:47:24Z\', \'isHosted\': True, \'bypassModal\': False, \'previewUrl\': None, \'thumbnail\': {\'originalUrl\': \'https://media.zenfs.com/en/reuters.com/c16af189f4dcc9f240b5a384acfa4c16\', \'originalWidth\': 800, \'originalHeight\': 552, \'caption\': "The headquarters of India\'s HDFC bank is pictured in Mumbai", \'resolutions\': [{\'url\': \'https://s.yimg.com/uu/api/res/1.2/Y8sX7nGUC5jgaucS6RtWLg--~B/aD01NTI7dz04MDA7YXBwaWQ9eXRhY2h5b24-/https://media.zenfs.com/en/reuters.com/c16af189f4dcc9f240b5a384acfa4c16\', \'width\': 800, \'height\': 552, \'tag\': \'original\'}, {\'url\': \'https://s.yimg.com/uu/api/res/1.2/OM1nWpXIr62T21H_fAkbLw--~B/Zmk9c3RyaW07aD0xMjg7dz0xNzA7YXBwaWQ9eXRhY2h5b24-/https://media.zenfs.com/en/reuters.com/c16af189f4dcc9f240b5a384acfa4c16\', \'width\': 170, \'height\': 128, \'tag\': \'170x128\'}]}, \'provider\': {\'displayName\': \'Reuters\', \'url\': \'https://www.reuters.com/\'}, \'canonicalUrl\': {\'url\': \'https://sg.finance.yahoo.com/news/indias-hdfc-bank-hits-four-084724842.html\', \'site\': \'finance\', \'region\': \'SG\', \'lang\': \'en-SG\'}, \'clickThroughUrl\': {\'url\': \'https://finance.yahoo.com/news/indias-hdfc-bank-hits-four-084724842.html\', \'site\': \'finance\', \'region\': \'US\', \'lang\': \'en-US\'}, \'metadata\': {\'editorsPick\': False}, \'finance\': {\'premiumFinance\': {\'isPremiumNews\': False, \'isPremiumFreeNews\': False}}, \'storyline\': None}', "{'id': '2d731b88-f598-385f-8c54-d0b8e34a34be', 'contentType': 'STORY', 'title': 'HDFC Bank (HDB): The Best Indian Stock to Buy According to Billionaires', 'description': '', 'summary': 'We recently published a list of the 10 Best Indian Stocks to Buy According to Billionaires. In this article, we will take a look at where HDFC Bank Limited (NYSE:HDB) stands against other best Indian stocks. India’s stock market had a rough ride during the second half of FY25, amid uncertainty around US tariffs, weak […]', 'pubDate': '2025-04-14T14:11:48Z', 'displayTime': '2025-04-14T14:11:48Z', 'isHosted': True, 'bypassModal': False, 'previewUrl': None, 'thumbnail': {'originalUrl': 'https://media.zenfs.com/en/insidermonkey.com/666484a7dbf9a580c51efd5fef381187', 'originalWidth': 1456, 'originalHeight': 816, 'caption': 'Is HDFC Bank Limited (HDB) Among the Best Indian Stocks to Buy According to Billionaires?', 'resolutions': [{'url': 'https://s.yimg.com/uu/api/res/1.2/IKk5.O3E0m.0Vy3jsnFNyQ--~B/aD04MTY7dz0xNDU2O2FwcGlkPXl0YWNoeW9u/https://media.zenfs.com/en/insidermonkey.com/666484a7dbf9a580c51efd5fef381187', 'width': 1456, 'height': 816, 'tag': 'original'}, {'url': 'https://s.yimg.com/uu/api/res/1.2/Wfo.Vg5zsuFmyFPU6f8WXw--~B/Zmk9c3RyaW07aD0xMjg7dz0xNzA7YXBwaWQ9eXRhY2h5b24-/https://media.zenfs.com/en/insidermonkey.com/666484a7dbf9a580c51efd5fef381187', 'width': 170, 'height': 128, 'tag': '170x128'}]}, 'provider': {'displayName': 'Insider Monkey', 'url': 'http://www.insidermonkey.com'}, 'canonicalUrl': {'url': 'https://finance.yahoo.com/news/hdfc-bank-hdb-best-indian-141148135.html', 'site': 'finance', 'region': 'US', 'lang': 'en-US'}, 'clickThroughUrl': {'url': 'https://finance.yahoo.com/news/hdfc-bank-hdb-best-indian-141148135.html', 'site': 'finance', 'region': 'US', 'lang': 'en-US'}, 'metadata': {'editorsPick': False}, 'finance': {'premiumFinance': {'isPremiumNews': False, 'isPremiumFreeNews': False}}, 'storyline': None}", '{\'id\': \'69fd0c36-8d4c-3646-b2ac-60ca15e34c5f\', \'contentType\': \'STORY\', \'title\': "India\'s HDFC Bank says growth in quarterly deposits outpaces loans", \'description\': \'\', \'summary\': \'Deposits rose 5.9% to 27.15 trillion rupees ($318.5 billion), the Mumbai-based bank said, higher than the 2.5% rise in the October-December quarter.  Its low-cost current and savings account deposits rose 8.2%.  Gross advances, or loans sanctioned and disbursed, rose 4% to 26.44 trillion rupees, faster than the 0.9% sequential growth in the previous quarter.\', \'pubDate\': \'2025-04-03T16:31:19Z\', \'displayTime\': \'2025-04-03T16:31:19Z\', \'isHosted\': True, \'bypassModal\': False, \'previewUrl\': None, \'thumbnail\': {\'originalUrl\': \'https://media.zenfs.com/en/reuters.com/0d7be4bd8432249920cf4147dbed290d\', \'originalWidth\': 800, \'originalHeight\': 552, \'caption\': "The headquarters of India\'s HDFC bank is pictured in Mumbai", \'resolutions\': [{\'url\': \'https://s.yimg.com/uu/api/res/1.2/hTRvyBG8jHlIX2xZUqz7lQ--~B/aD01NTI7dz04MDA7YXBwaWQ9eXRhY2h5b24-/https://media.zenfs.com/en/reuters.com/0d7be4bd8432249920cf4147dbed290d\', \'width\': 800, \'height\': 552, \'tag\': \'original\'}, {\'url\': \'https://s.yimg.com/uu/api/res/1.2/vPE0npAkeDNKHw.8hxVfpw--~B/Zmk9c3RyaW07aD0xMjg7dz0xNzA7YXBwaWQ9eXRhY2h5b24-/https://media.zenfs.com/en/reuters.com/0d7be4bd8432249920cf4147dbed290d\', \'width\': 170, \'height\': 128, \'tag\': \'170x128\'}]}, \'provider\': {\'displayName\': \'Reuters\', \'url\': \'https://www.reuters.com/\'}, \'canonicalUrl\': {\'url\': \'https://sg.finance.yahoo.com/news/indias-hdfc-bank-says-growth-163119955.html\', \'site\': \'finance\', \'region\': \'SG\', \'lang\': \'en-SG\'}, \'clickThroughUrl\': {\'url\': \'https://finance.yahoo.com/news/indias-hdfc-bank-says-growth-163119955.html\', \'site\': \'finance\', \'region\': \'US\', \'lang\': \'en-US\'}, \'metadata\': {\'editorsPick\': False}, \'finance\': {\'premiumFinance\': {\'isPremiumNews\': False, \'isPremiumFreeNews\': False}}, \'storyline\': None}']
2025-05-24 23:53:58,250 - INFO - Sending prompt to LLM: 
            Analyze the sentiment of these recent news headlines for HDFCBANK.NS stock.
            Consider the overall tone, specific events, and market implications.
            
            Headlines:
            - {'id': '29c4caf5-a422-33e8-b735-e59f66299a75', 'contentType': 'STORY', 'title': 'Is the Options Market Predicting a Spike in HDFC Bank (HDB) Stock?', 'description': '', 'summary': 'Investors need to pay close attention to HDFC Bank (HDB) stock based on the movements in the options market lately.', 'pubDate': '2025-05-19T15:29:00Z', 'displayTime': '2025-05-19T15:29:00Z', 'isHosted': True, 'bypassModal': False, 'previewUrl': None, 'thumbnail': {'originalUrl': 'https://media.zenfs.com/en/zacks.com/9fff9f84f51f11966f715ae738f14e1c', 'originalWidth': 635, 'originalHeight': 400, 'caption': '', 'resolutions': [{'url': 'https://s.yimg.com/uu/api/res/1.2/C0A28mdnkvImCwAim9iKdA--~B/aD00MDA7dz02MzU7YXBwaWQ9eXRhY2h5b24-/https://media.zenfs.com/en/zacks.com/9fff9f84f51f11966f715ae738f14e1c', 'width': 635, 'height': 400, 'tag': 'original'}, {'url': 'https://s.yimg.com/uu/api/res/1.2/lb5OMPWWyNvq8R23p0SyrA--~B/Zmk9c3RyaW07aD0xMjg7dz0xNzA7YXBwaWQ9eXRhY2h5b24-/https://media.zenfs.com/en/zacks.com/9fff9f84f51f11966f715ae738f14e1c', 'width': 170, 'height': 128, 'tag': '170x128'}]}, 'provider': {'displayName': 'Zacks', 'url': 'http://www.zacks.com/'}, 'canonicalUrl': {'url': 'https://finance.yahoo.com/news/options-market-predicting-spike-hdfc-152900430.html', 'site': 'finance', 'region': 'US', 'lang': 'en-US'}, 'clickThroughUrl': {'url': 'https://finance.yahoo.com/news/options-market-predicting-spike-hdfc-152900430.html', 'site': 'finance', 'region': 'US', 'lang': 'en-US'}, 'metadata': {'editorsPick': False}, 'finance': {'premiumFinance': {'isPremiumNews': False, 'isPremiumFreeNews': False}}, 'storyline': None}
- {'id': '2d323c37-703b-3340-837f-94ef3205fe1f', 'contentType': 'STORY', 'title': 'HDFC Bank Ltd (HDB) Q4 2025 Earnings Call Highlights: Strong Deposit Growth and Pristine Asset ...', 'description': '', 'summary': 'HDFC Bank Ltd (HDB) showcases robust financial stability with reduced credit deposit ratio and stable net interest margins, despite facing global economic challenges.', 'pubDate': '2025-04-20T07:00:21Z', 'displayTime': '2025-04-20T07:00:21Z', 'isHosted': True, 'bypassModal': False, 'previewUrl': None, 'thumbnail': {'originalUrl': 'https://media.zenfs.com/en/us.finance.gurufocus/5e2475e282daf59dda755837d90721a9', 'originalWidth': 134, 'originalHeight': 134, 'caption': '', 'resolutions': [{'url': 'https://s.yimg.com/uu/api/res/1.2/xlS5jajQAJ2k10VicwV6_g--~B/aD0xMzQ7dz0xMzQ7YXBwaWQ9eXRhY2h5b24-/https://media.zenfs.com/en/us.finance.gurufocus/5e2475e282daf59dda755837d90721a9', 'width': 134, 'height': 134, 'tag': 'original'}, {'url': 'https://s.yimg.com/uu/api/res/1.2/KEdqSExSYqgOD6Q4jIa7Tg--~B/Zmk9c3RyaW07aD0xMjg7dz0xNzA7YXBwaWQ9eXRhY2h5b24-/https://media.zenfs.com/en/us.finance.gurufocus/5e2475e282daf59dda755837d90721a9', 'width': 170, 'height': 128, 'tag': '170x128'}]}, 'provider': {'displayName': 'GuruFocus.com', 'url': 'http://www.gurufocus.com/'}, 'canonicalUrl': {'url': 'https://finance.yahoo.com/news/hdfc-bank-ltd-hdb-q4-070021819.html', 'site': 'finance', 'region': 'US', 'lang': 'en-US'}, 'clickThroughUrl': {'url': 'https://finance.yahoo.com/news/hdfc-bank-ltd-hdb-q4-070021819.html', 'site': 'finance', 'region': 'US', 'lang': 'en-US'}, 'metadata': {'editorsPick': False}, 'finance': {'premiumFinance': {'isPremiumNews': False, 'isPremiumFreeNews': False}}, 'storyline': None}
- {'id': '4bfce8a9-2116-30eb-94ea-75ba088ddb5f', 'contentType': 'STORY', 'title': "India's HDFC Bank hits four-month high as deposit rate cut seen lifting margins", 'description': '', 'summary': "Shares of India's HDFC Bank rose as much as 4% on Tuesday to 1,876.80 rupees and were set for their best day in 10 months, after its deposit rate cuts were seen as a margin boost amid slowing loan growth in the industry.  India's largest private lender rose to 1,876.80 rupees as of 8:53 a.m. GMT, its highest since early December, after the bank cut savings deposit rates by 25 basis points across tiers - its first cut in the under-5-million-rupee ($58,263) category in five years.  Brokerage Macquarie said the rate cut could boost HDFC Bank's margins by five basis points starting the first quarter of fiscal 2026, while Jefferies estimated it would reduce costs on 23% of its deposits.", 'pubDate': '2025-04-15T08:47:24Z', 'displayTime': '2025-04-15T08:47:24Z', 'isHosted': True, 'bypassModal': False, 'previewUrl': None, 'thumbnail': {'originalUrl': 'https://media.zenfs.com/en/reuters.com/c16af189f4dcc9f240b5a384acfa4c16', 'originalWidth': 800, 'originalHeight': 552, 'caption': "The headquarters of India's HDFC bank is pictured in Mumbai", 'resolutions': [{'url': 'https://s.yimg.com/uu/api/res/1.2/Y8sX7nGUC5jgaucS6RtWLg--~B/aD01NTI7dz04MDA7YXBwaWQ9eXRhY2h5b24-/https://media.zenfs.com/en/reuters.com/c16af189f4dcc9f240b5a384acfa4c16', 'width': 800, 'height': 552, 'tag': 'original'}, {'url': 'https://s.yimg.com/uu/api/res/1.2/OM1nWpXIr62T21H_fAkbLw--~B/Zmk9c3RyaW07aD0xMjg7dz0xNzA7YXBwaWQ9eXRhY2h5b24-/https://media.zenfs.com/en/reuters.com/c16af189f4dcc9f240b5a384acfa4c16', 'width': 170, 'height': 128, 'tag': '170x128'}]}, 'provider': {'displayName': 'Reuters', 'url': 'https://www.reuters.com/'}, 'canonicalUrl': {'url': 'https://sg.finance.yahoo.com/news/indias-hdfc-bank-hits-four-084724842.html', 'site': 'finance', 'region': 'SG', 'lang': 'en-SG'}, 'clickThroughUrl': {'url': 'https://finance.yahoo.com/news/indias-hdfc-bank-hits-four-084724842.html', 'site': 'finance', 'region': 'US', 'lang': 'en-US'}, 'metadata': {'editorsPick': False}, 'finance': {'premiumFinance': {'isPremiumNews': False, 'isPremiumFreeNews': False}}, 'storyline': None}
- {'id': '2d731b88-f598-385f-8c54-d0b8e34a34be', 'contentType': 'STORY', 'title': 'HDFC Bank (HDB): The Best Indian Stock to Buy According to Billionaires', 'description': '', 'summary': 'We recently published a list of the 10 Best Indian Stocks to Buy According to Billionaires. In this article, we will take a look at where HDFC Bank Limited (NYSE:HDB) stands against other best Indian stocks. India’s stock market had a rough ride during the second half of FY25, amid uncertainty around US tariffs, weak […]', 'pubDate': '2025-04-14T14:11:48Z', 'displayTime': '2025-04-14T14:11:48Z', 'isHosted': True, 'bypassModal': False, 'previewUrl': None, 'thumbnail': {'originalUrl': 'https://media.zenfs.com/en/insidermonkey.com/666484a7dbf9a580c51efd5fef381187', 'originalWidth': 1456, 'originalHeight': 816, 'caption': 'Is HDFC Bank Limited (HDB) Among the Best Indian Stocks to Buy According to Billionaires?', 'resolutions': [{'url': 'https://s.yimg.com/uu/api/res/1.2/IKk5.O3E0m.0Vy3jsnFNyQ--~B/aD04MTY7dz0xNDU2O2FwcGlkPXl0YWNoeW9u/https://media.zenfs.com/en/insidermonkey.com/666484a7dbf9a580c51efd5fef381187', 'width': 1456, 'height': 816, 'tag': 'original'}, {'url': 'https://s.yimg.com/uu/api/res/1.2/Wfo.Vg5zsuFmyFPU6f8WXw--~B/Zmk9c3RyaW07aD0xMjg7dz0xNzA7YXBwaWQ9eXRhY2h5b24-/https://media.zenfs.com/en/insidermonkey.com/666484a7dbf9a580c51efd5fef381187', 'width': 170, 'height': 128, 'tag': '170x128'}]}, 'provider': {'displayName': 'Insider Monkey', 'url': 'http://www.insidermonkey.com'}, 'canonicalUrl': {'url': 'https://finance.yahoo.com/news/hdfc-bank-hdb-best-indian-141148135.html', 'site': 'finance', 'region': 'US', 'lang': 'en-US'}, 'clickThroughUrl': {'url': 'https://finance.yahoo.com/news/hdfc-bank-hdb-best-indian-141148135.html', 'site': 'finance', 'region': 'US', 'lang': 'en-US'}, 'metadata': {'editorsPick': False}, 'finance': {'premiumFinance': {'isPremiumNews': False, 'isPremiumFreeNews': False}}, 'storyline': None}
- {'id': '69fd0c36-8d4c-3646-b2ac-60ca15e34c5f', 'contentType': 'STORY', 'title': "India's HDFC Bank says growth in quarterly deposits outpaces loans", 'description': '', 'summary': 'Deposits rose 5.9% to 27.15 trillion rupees ($318.5 billion), the Mumbai-based bank said, higher than the 2.5% rise in the October-December quarter.  Its low-cost current and savings account deposits rose 8.2%.  Gross advances, or loans sanctioned and disbursed, rose 4% to 26.44 trillion rupees, faster than the 0.9% sequential growth in the previous quarter.', 'pubDate': '2025-04-03T16:31:19Z', 'displayTime': '2025-04-03T16:31:19Z', 'isHosted': True, 'bypassModal': False, 'previewUrl': None, 'thumbnail': {'originalUrl': 'https://media.zenfs.com/en/reuters.com/0d7be4bd8432249920cf4147dbed290d', 'originalWidth': 800, 'originalHeight': 552, 'caption': "The headquarters of India's HDFC bank is pictured in Mumbai", 'resolutions': [{'url': 'https://s.yimg.com/uu/api/res/1.2/hTRvyBG8jHlIX2xZUqz7lQ--~B/aD01NTI7dz04MDA7YXBwaWQ9eXRhY2h5b24-/https://media.zenfs.com/en/reuters.com/0d7be4bd8432249920cf4147dbed290d', 'width': 800, 'height': 552, 'tag': 'original'}, {'url': 'https://s.yimg.com/uu/api/res/1.2/vPE0npAkeDNKHw.8hxVfpw--~B/Zmk9c3RyaW07aD0xMjg7dz0xNzA7YXBwaWQ9eXRhY2h5b24-/https://media.zenfs.com/en/reuters.com/0d7be4bd8432249920cf4147dbed290d', 'width': 170, 'height': 128, 'tag': '170x128'}]}, 'provider': {'displayName': 'Reuters', 'url': 'https://www.reuters.com/'}, 'canonicalUrl': {'url': 'https://sg.finance.yahoo.com/news/indias-hdfc-bank-says-growth-163119955.html', 'site': 'finance', 'region': 'SG', 'lang': 'en-SG'}, 'clickThroughUrl': {'url': 'https://finance.yahoo.com/news/indias-hdfc-bank-says-growth-163119955.html', 'site': 'finance', 'region': 'US', 'lang': 'en-US'}, 'metadata': {'editorsPick': False}, 'finance': {'premiumFinance': {'isPremiumNews': False, 'isPremiumFreeNews': False}}, 'storyline': None}
            
            Provide your analysis in this exact format (include all sections):
            
            SENTIMENT: [POSITIVE/NEGATIVE/NEUTRAL]
            CONFIDENCE: [0-100]
            KEY_THEMES: [comma-separated list of 2-3 key themes or topics]
            
            Be specific and focus on actionable insights. If unsure, mark as NEUTRAL with 50 confidence.
            
2025-05-24 23:53:58,250 - INFO - Sending request to Ollama with model: llama3.2:latest
2025-05-24 23:54:07,571 - INFO - Ollama response status: 200
2025-05-24 23:54:07,573 - INFO - Received LLM response: SENTIMENT: POSITIVE
CONFIDENCE: 80
KEY_THEMES: HDFC Bank's deposit growth, margin boost, loan growth, Indian stock market, billionaire recommendations
2025-05-24 23:54:07,575 - INFO - Parsed sentiment result: {'sentiment': 'POSITIVE', 'confidence': 80, 'themes': []}
2025-05-24 23:54:07,576 - INFO - 
Sentiment Analysis Results:
2025-05-24 23:54:07,576 - INFO - Stock: HDFCBANK.NS
2025-05-24 23:54:07,576 - INFO - Sentiment: POSITIVE
2025-05-24 23:54:07,576 - INFO - Confidence: 80
2025-05-24 23:54:07,576 - INFO - Themes: None
2025-05-24 23:54:09,581 - INFO - 
Testing sector analysis...
2025-05-24 23:54:09,582 - INFO - Sending request to Ollama with model: llama3.2:latest
2025-05-24 23:54:15,190 - INFO - Ollama response status: 200
2025-05-24 23:54:15,192 - INFO - 
Sector Analysis Results:
2025-05-24 23:54:15,193 - INFO - Sector: Technology
2025-05-24 23:54:15,193 - INFO - Outlook: NEUTRAL
2025-05-24 23:54:15,193 - INFO - Drivers: None
2025-05-24 23:54:15,193 - INFO - Risks: None
2025-05-24 23:54:15,193 - INFO - 
Test completed. Check sentiment_analysis.log for detailed logs.
2025-05-24 23:59:45,005 - INFO - Starting sentiment analysis test...
2025-05-24 23:59:45,006 - INFO - 
==================================================
2025-05-24 23:59:45,006 - INFO - Testing sentiment analysis for RELIANCE.NS
2025-05-24 23:59:45,006 - INFO - ==================================================
2025-05-24 23:59:45,006 - INFO - Fetching news for ticker: RELIANCE.NS
2025-05-24 23:59:45,745 - INFO - Found 10 total news items from Yahoo Finance
2025-05-24 23:59:45,746 - INFO - Found 5 relevant headlines from Yahoo Finance for RELIANCE.NS
2025-05-24 23:59:45,747 - INFO - Analyzing sentiment for RELIANCE.NS with headlines: ['{\'id\': \'506744b7-1fb8-33ce-a5ec-96487d533aa2\', \'contentType\': \'STORY\', \'title\': "India\'s Reliance to start solar module factory this year, exec says", \'description\': \'\', \'summary\': \'"We are today building three bigger factories... in order to produce clean energy requirements," said Partha P Maitra, President, Strategy and Initiatives at Reliance Industries.  Reliance aims to eventually scale up solar module capacity to 20 GW per year, Maitra said.\', \'pubDate\': \'2025-05-22T07:37:54Z\', \'displayTime\': \'2025-05-22T07:37:54Z\', \'isHosted\': True, \'bypassModal\': False, \'previewUrl\': None, \'thumbnail\': {\'originalUrl\': \'https://media.zenfs.com/en/reuters.com/80df2ac4029b940dcceda9cdeca654c7\', \'originalWidth\': 800, \'originalHeight\': 580, \'caption\': \'FILE PHOTO: A guard walks past the Reliance Industries logo near the entrance of Dhirubhai Ambani Knowledge City in Navi Mumbai\', \'resolutions\': [{\'url\': \'https://s.yimg.com/uu/api/res/1.2/b.BMyZSgLRcIhJeC8otx8w--~B/aD01ODA7dz04MDA7YXBwaWQ9eXRhY2h5b24-/https://media.zenfs.com/en/reuters.com/80df2ac4029b940dcceda9cdeca654c7\', \'width\': 800, \'height\': 580, \'tag\': \'original\'}, {\'url\': \'https://s.yimg.com/uu/api/res/1.2/wDgHem_ZaNykvF3P5vQbcA--~B/Zmk9c3RyaW07aD0xMjg7dz0xNzA7YXBwaWQ9eXRhY2h5b24-/https://media.zenfs.com/en/reuters.com/80df2ac4029b940dcceda9cdeca654c7\', \'width\': 170, \'height\': 128, \'tag\': \'170x128\'}]}, \'provider\': {\'displayName\': \'Reuters\', \'url\': \'https://www.reuters.com/\'}, \'canonicalUrl\': {\'url\': \'https://sg.finance.yahoo.com/news/indias-reliance-start-solar-module-073754086.html\', \'site\': \'finance\', \'region\': \'SG\', \'lang\': \'en-SG\'}, \'clickThroughUrl\': {\'url\': \'https://finance.yahoo.com/news/indias-reliance-start-solar-module-073754086.html\', \'site\': \'finance\', \'region\': \'US\', \'lang\': \'en-US\'}, \'metadata\': {\'editorsPick\': False}, \'finance\': {\'premiumFinance\': {\'isPremiumNews\': False, \'isPremiumFreeNews\': False}}, \'storyline\': None}', '{\'id\': \'3733040f-ca67-3706-bb76-0c2601eb765f\', \'contentType\': \'STORY\', \'title\': \'Indian billionaire Ambani to meet Trump, Qatar emir in Doha, sources say\', \'description\': \'\', \'summary\': "NEW DELHI (Reuters) -Indian billionaire Mukesh Ambani will meet U.S. President Donald Trump and the emir of Qatar in Doha on Wednesday, two sources told Reuters, as his company Reliance Industries looks to foster ties with authorities in both nations.  Qatar\'s sovereign wealth fund, QIA, has invested in Reliance businesses over the years, and Ambani, who is Asia\'s richest man, has many business partnerships with the likes of U.S. tech giants such as Google and Meta.  Ambani will attend a state dinner for Trump at the Lusail Palace in Doha, but did not plan to hold any investment or business discussions, said the first source, who had direct knowledge of the matter.", \'pubDate\': \'2025-05-14T09:08:43Z\', \'displayTime\': \'2025-05-14T09:08:43Z\', \'isHosted\': True, \'bypassModal\': False, \'previewUrl\': None, \'thumbnail\': {\'originalUrl\': \'https://media.zenfs.com/en/reuters-finance.com/f79808db95b5eba52463805745f17d86\', \'originalWidth\': 800, \'originalHeight\': 533, \'caption\': \'Vibrant Gujarat Global Summit, in Gandhinagar\', \'resolutions\': [{\'url\': \'https://s.yimg.com/uu/api/res/1.2/htbhm6Cq9xaBPdxvZdWKkg--~B/aD01MzM7dz04MDA7YXBwaWQ9eXRhY2h5b24-/https://media.zenfs.com/en/reuters-finance.com/f79808db95b5eba52463805745f17d86\', \'width\': 800, \'height\': 533, \'tag\': \'original\'}, {\'url\': \'https://s.yimg.com/uu/api/res/1.2/Z.8vQN0k4QsVbd2PoPyuXw--~B/Zmk9c3RyaW07aD0xMjg7dz0xNzA7YXBwaWQ9eXRhY2h5b24-/https://media.zenfs.com/en/reuters-finance.com/f79808db95b5eba52463805745f17d86\', \'width\': 170, \'height\': 128, \'tag\': \'170x128\'}]}, \'provider\': {\'displayName\': \'Reuters\', \'url\': \'http://www.reuters.com/\'}, \'canonicalUrl\': {\'url\': \'https://finance.yahoo.com/news/indian-billionaire-ambani-meet-trump-090843484.html\', \'site\': \'finance\', \'region\': \'US\', \'lang\': \'en-US\'}, \'clickThroughUrl\': {\'url\': \'https://finance.yahoo.com/news/indian-billionaire-ambani-meet-trump-090843484.html\', \'site\': \'finance\', \'region\': \'US\', \'lang\': \'en-US\'}, \'metadata\': {\'editorsPick\': False}, \'finance\': {\'premiumFinance\': {\'isPremiumNews\': False, \'isPremiumFreeNews\': False}}, \'storyline\': None}', '{\'id\': \'7d82daf0-c9e4-38f0-83fd-30ea4e4a7680\', \'contentType\': \'STORY\', \'title\': "India\'s April diesel exports likely hit lowest level in over a decade, sources say", \'description\': \'\', \'summary\': \'SINGAPORE (Reuters) -India\\\'s diesel exports likely hit their lowest level in over a decade in April as major exporter Reliance cut refining output for maintenance at a time when domestic demand was robust, trade sources and analysts said.  India, one of Asia\\\'s top-three diesel exporters, exported around 1.15 million metric tons (9.69 million barrels) of the industrial and transportation fuel in April, an average of data from LSEG, Kpler, Vortexa and two trade sources showed.  "The unexpectedly low outflows from India for April resulted in limited supplies heading for Asia and Europe," LSEG Oil Research senior analyst Charles Ong wrote in a note.\', \'pubDate\': \'2025-05-06T07:45:00Z\', \'displayTime\': \'2025-05-06T07:45:00Z\', \'isHosted\': True, \'bypassModal\': False, \'previewUrl\': None, \'thumbnail\': {\'originalUrl\': \'https://media.zenfs.com/en/reuters.com/33e703c88677146cc6eb02247020c872\', \'originalWidth\': 800, \'originalHeight\': 501, \'caption\': \'A worker fills diesel in a container at a fuel station in Kolkata\', \'resolutions\': [{\'url\': \'https://s.yimg.com/uu/api/res/1.2/I9VdEjunE8gc34d8h6uCxQ--~B/aD01MDE7dz04MDA7YXBwaWQ9eXRhY2h5b24-/https://media.zenfs.com/en/reuters.com/33e703c88677146cc6eb02247020c872\', \'width\': 800, \'height\': 501, \'tag\': \'original\'}, {\'url\': \'https://s.yimg.com/uu/api/res/1.2/dfzgU7L7iSSD0lDuCQNgjw--~B/Zmk9c3RyaW07aD0xMjg7dz0xNzA7YXBwaWQ9eXRhY2h5b24-/https://media.zenfs.com/en/reuters.com/33e703c88677146cc6eb02247020c872\', \'width\': 170, \'height\': 128, \'tag\': \'170x128\'}]}, \'provider\': {\'displayName\': \'Reuters\', \'url\': \'https://www.reuters.com/\'}, \'canonicalUrl\': {\'url\': \'https://sg.finance.yahoo.com/news/indias-april-diesel-exports-likely-074500388.html\', \'site\': \'finance\', \'region\': \'SG\', \'lang\': \'en-SG\'}, \'clickThroughUrl\': {\'url\': \'https://finance.yahoo.com/news/indias-april-diesel-exports-likely-074500388.html\', \'site\': \'finance\', \'region\': \'US\', \'lang\': \'en-US\'}, \'metadata\': {\'editorsPick\': False}, \'finance\': {\'premiumFinance\': {\'isPremiumNews\': False, \'isPremiumFreeNews\': False}}, \'storyline\': None}', '{\'id\': \'18b5c5c2-5d65-3bf6-b0bd-aee865e45f42\', \'contentType\': \'VIDEO\', \'title\': "How Ambani\'s Campa Cola is Hurting Coke, Pepsi in India", \'description\': "Asia\'s richest man, Mukesh Ambani, is challenging Coca-Cola and PepsiCo\'s dominance in India with Reliance Industries\' Campa Cola brand.\\nBloomberg\'s Satviki Sanjay appeared on Insight with Haslinda Amin to discuss what\'s behind the growing success of the brand.", \'summary\': "Asia\'s richest man, Mukesh Ambani, is challenging Coca-Cola and PepsiCo\'s dominance in India with Reliance Industries\' Campa Cola brand. Bloomberg\'s Satviki Sanjay appeared on Insight with Haslinda Amin to discuss what\'s behind the growing success of the brand.", \'pubDate\': \'2025-05-06T05:36:43Z\', \'displayTime\': \'\', \'isHosted\': True, \'bypassModal\': False, \'previewUrl\': None, \'thumbnail\': {\'originalUrl\': \'https://media.zenfs.com/en/bloomberg_markets_video_2/12310404b077c8de4f929ec72b95679d\', \'originalWidth\': 1280, \'originalHeight\': 720, \'caption\': \'\', \'resolutions\': [{\'url\': \'https://s.yimg.com/uu/api/res/1.2/kB_Nhx1U6kkOYfbwbkrPLA--~B/aD03MjA7dz0xMjgwO2FwcGlkPXl0YWNoeW9u/https://media.zenfs.com/en/bloomberg_markets_video_2/12310404b077c8de4f929ec72b95679d\', \'width\': 1280, \'height\': 720, \'tag\': \'original\'}, {\'url\': \'https://s.yimg.com/uu/api/res/1.2/3QIyuTdJS_HRkieGNQAoHQ--~B/Zmk9c3RyaW07aD0xMjg7dz0xNzA7YXBwaWQ9eXRhY2h5b24-/https://media.zenfs.com/en/bloomberg_markets_video_2/12310404b077c8de4f929ec72b95679d\', \'width\': 170, \'height\': 128, \'tag\': \'170x128\'}]}, \'provider\': {\'displayName\': \'Bloomberg\', \'url\': \'https://www.bloomberg.com/\'}, \'canonicalUrl\': {\'url\': \'https://finance.yahoo.com/video/ambanis-campa-cola-hurting-coke-053643944.html\', \'site\': \'finance\', \'region\': \'US\', \'lang\': \'en-US\'}, \'clickThroughUrl\': {\'url\': \'https://finance.yahoo.com/video/ambanis-campa-cola-hurting-coke-053643944.html\', \'site\': \'finance\', \'region\': \'US\', \'lang\': \'en-US\'}, \'metadata\': {\'editorsPick\': False}, \'finance\': {\'premiumFinance\': {\'isPremiumNews\': False, \'isPremiumFreeNews\': False}}, \'storyline\': None}', "{'id': 'e31eb9d7-b117-4bc3-bd2a-d0f79716b1eb', 'contentType': 'STORY', 'title': 'Trending tickers: Deliveroo, Reliance, Toyota, Novavax and M&S', 'description': '', 'summary': 'The latest investor updates on stocks that are trending on Monday', 'pubDate': '2025-04-28T09:44:36Z', 'displayTime': '2025-04-28T09:44:36Z', 'isHosted': True, 'bypassModal': False, 'previewUrl': None, 'thumbnail': {'originalUrl': 'https://s.yimg.com/os/creatr-uploaded-images/2025-04/d9028e40-2412-11f0-a77e-e6460752fb57', 'originalWidth': 4313, 'originalHeight': 2871, 'caption': '', 'resolutions': [{'url': 'https://s.yimg.com/uu/api/res/1.2/L13AVNw_ziMsQdRzLif9Fg--~B/aD0yODcxO3c9NDMxMzthcHBpZD15dGFjaHlvbg--/https://s.yimg.com/os/creatr-uploaded-images/2025-04/d9028e40-2412-11f0-a77e-e6460752fb57', 'width': 4313, 'height': 2871, 'tag': 'original'}, {'url': 'https://s.yimg.com/uu/api/res/1.2/gzlCxUYD4cjqGXjxHfGu9g--~B/Zmk9c3RyaW07aD0xMjg7dz0xNzA7YXBwaWQ9eXRhY2h5b24-/https://s.yimg.com/os/creatr-uploaded-images/2025-04/d9028e40-2412-11f0-a77e-e6460752fb57', 'width': 170, 'height': 128, 'tag': '170x128'}]}, 'provider': {'displayName': 'Yahoo Finance UK', 'url': 'http://uk.finance.yahoo.com/'}, 'canonicalUrl': {'url': 'https://uk.finance.yahoo.com/news/deliveroo-reliance-toyota-novavax-ms-trending-tickers-094342819.html', 'site': 'finance', 'region': 'GB', 'lang': 'en-GB'}, 'clickThroughUrl': {'url': 'https://finance.yahoo.com/news/deliveroo-reliance-toyota-novavax-ms-trending-tickers-094342819.html', 'site': 'finance', 'region': 'US', 'lang': 'en-US'}, 'metadata': {'editorsPick': False}, 'finance': {'premiumFinance': {'isPremiumNews': False, 'isPremiumFreeNews': False}}, 'storyline': None}"]
2025-05-24 23:59:45,747 - INFO - Sending prompt to LLM: 
            Analyze the sentiment of these recent news headlines for RELIANCE.NS stock.
            Consider the overall tone, specific events, and market implications.
            
            Headlines:
            - {'id': '506744b7-1fb8-33ce-a5ec-96487d533aa2', 'contentType': 'STORY', 'title': "India's Reliance to start solar module factory this year, exec says", 'description': '', 'summary': '"We are today building three bigger factories... in order to produce clean energy requirements," said Partha P Maitra, President, Strategy and Initiatives at Reliance Industries.  Reliance aims to eventually scale up solar module capacity to 20 GW per year, Maitra said.', 'pubDate': '2025-05-22T07:37:54Z', 'displayTime': '2025-05-22T07:37:54Z', 'isHosted': True, 'bypassModal': False, 'previewUrl': None, 'thumbnail': {'originalUrl': 'https://media.zenfs.com/en/reuters.com/80df2ac4029b940dcceda9cdeca654c7', 'originalWidth': 800, 'originalHeight': 580, 'caption': 'FILE PHOTO: A guard walks past the Reliance Industries logo near the entrance of Dhirubhai Ambani Knowledge City in Navi Mumbai', 'resolutions': [{'url': 'https://s.yimg.com/uu/api/res/1.2/b.BMyZSgLRcIhJeC8otx8w--~B/aD01ODA7dz04MDA7YXBwaWQ9eXRhY2h5b24-/https://media.zenfs.com/en/reuters.com/80df2ac4029b940dcceda9cdeca654c7', 'width': 800, 'height': 580, 'tag': 'original'}, {'url': 'https://s.yimg.com/uu/api/res/1.2/wDgHem_ZaNykvF3P5vQbcA--~B/Zmk9c3RyaW07aD0xMjg7dz0xNzA7YXBwaWQ9eXRhY2h5b24-/https://media.zenfs.com/en/reuters.com/80df2ac4029b940dcceda9cdeca654c7', 'width': 170, 'height': 128, 'tag': '170x128'}]}, 'provider': {'displayName': 'Reuters', 'url': 'https://www.reuters.com/'}, 'canonicalUrl': {'url': 'https://sg.finance.yahoo.com/news/indias-reliance-start-solar-module-073754086.html', 'site': 'finance', 'region': 'SG', 'lang': 'en-SG'}, 'clickThroughUrl': {'url': 'https://finance.yahoo.com/news/indias-reliance-start-solar-module-073754086.html', 'site': 'finance', 'region': 'US', 'lang': 'en-US'}, 'metadata': {'editorsPick': False}, 'finance': {'premiumFinance': {'isPremiumNews': False, 'isPremiumFreeNews': False}}, 'storyline': None}
- {'id': '3733040f-ca67-3706-bb76-0c2601eb765f', 'contentType': 'STORY', 'title': 'Indian billionaire Ambani to meet Trump, Qatar emir in Doha, sources say', 'description': '', 'summary': "NEW DELHI (Reuters) -Indian billionaire Mukesh Ambani will meet U.S. President Donald Trump and the emir of Qatar in Doha on Wednesday, two sources told Reuters, as his company Reliance Industries looks to foster ties with authorities in both nations.  Qatar's sovereign wealth fund, QIA, has invested in Reliance businesses over the years, and Ambani, who is Asia's richest man, has many business partnerships with the likes of U.S. tech giants such as Google and Meta.  Ambani will attend a state dinner for Trump at the Lusail Palace in Doha, but did not plan to hold any investment or business discussions, said the first source, who had direct knowledge of the matter.", 'pubDate': '2025-05-14T09:08:43Z', 'displayTime': '2025-05-14T09:08:43Z', 'isHosted': True, 'bypassModal': False, 'previewUrl': None, 'thumbnail': {'originalUrl': 'https://media.zenfs.com/en/reuters-finance.com/f79808db95b5eba52463805745f17d86', 'originalWidth': 800, 'originalHeight': 533, 'caption': 'Vibrant Gujarat Global Summit, in Gandhinagar', 'resolutions': [{'url': 'https://s.yimg.com/uu/api/res/1.2/htbhm6Cq9xaBPdxvZdWKkg--~B/aD01MzM7dz04MDA7YXBwaWQ9eXRhY2h5b24-/https://media.zenfs.com/en/reuters-finance.com/f79808db95b5eba52463805745f17d86', 'width': 800, 'height': 533, 'tag': 'original'}, {'url': 'https://s.yimg.com/uu/api/res/1.2/Z.8vQN0k4QsVbd2PoPyuXw--~B/Zmk9c3RyaW07aD0xMjg7dz0xNzA7YXBwaWQ9eXRhY2h5b24-/https://media.zenfs.com/en/reuters-finance.com/f79808db95b5eba52463805745f17d86', 'width': 170, 'height': 128, 'tag': '170x128'}]}, 'provider': {'displayName': 'Reuters', 'url': 'http://www.reuters.com/'}, 'canonicalUrl': {'url': 'https://finance.yahoo.com/news/indian-billionaire-ambani-meet-trump-090843484.html', 'site': 'finance', 'region': 'US', 'lang': 'en-US'}, 'clickThroughUrl': {'url': 'https://finance.yahoo.com/news/indian-billionaire-ambani-meet-trump-090843484.html', 'site': 'finance', 'region': 'US', 'lang': 'en-US'}, 'metadata': {'editorsPick': False}, 'finance': {'premiumFinance': {'isPremiumNews': False, 'isPremiumFreeNews': False}}, 'storyline': None}
- {'id': '7d82daf0-c9e4-38f0-83fd-30ea4e4a7680', 'contentType': 'STORY', 'title': "India's April diesel exports likely hit lowest level in over a decade, sources say", 'description': '', 'summary': 'SINGAPORE (Reuters) -India\'s diesel exports likely hit their lowest level in over a decade in April as major exporter Reliance cut refining output for maintenance at a time when domestic demand was robust, trade sources and analysts said.  India, one of Asia\'s top-three diesel exporters, exported around 1.15 million metric tons (9.69 million barrels) of the industrial and transportation fuel in April, an average of data from LSEG, Kpler, Vortexa and two trade sources showed.  "The unexpectedly low outflows from India for April resulted in limited supplies heading for Asia and Europe," LSEG Oil Research senior analyst Charles Ong wrote in a note.', 'pubDate': '2025-05-06T07:45:00Z', 'displayTime': '2025-05-06T07:45:00Z', 'isHosted': True, 'bypassModal': False, 'previewUrl': None, 'thumbnail': {'originalUrl': 'https://media.zenfs.com/en/reuters.com/33e703c88677146cc6eb02247020c872', 'originalWidth': 800, 'originalHeight': 501, 'caption': 'A worker fills diesel in a container at a fuel station in Kolkata', 'resolutions': [{'url': 'https://s.yimg.com/uu/api/res/1.2/I9VdEjunE8gc34d8h6uCxQ--~B/aD01MDE7dz04MDA7YXBwaWQ9eXRhY2h5b24-/https://media.zenfs.com/en/reuters.com/33e703c88677146cc6eb02247020c872', 'width': 800, 'height': 501, 'tag': 'original'}, {'url': 'https://s.yimg.com/uu/api/res/1.2/dfzgU7L7iSSD0lDuCQNgjw--~B/Zmk9c3RyaW07aD0xMjg7dz0xNzA7YXBwaWQ9eXRhY2h5b24-/https://media.zenfs.com/en/reuters.com/33e703c88677146cc6eb02247020c872', 'width': 170, 'height': 128, 'tag': '170x128'}]}, 'provider': {'displayName': 'Reuters', 'url': 'https://www.reuters.com/'}, 'canonicalUrl': {'url': 'https://sg.finance.yahoo.com/news/indias-april-diesel-exports-likely-074500388.html', 'site': 'finance', 'region': 'SG', 'lang': 'en-SG'}, 'clickThroughUrl': {'url': 'https://finance.yahoo.com/news/indias-april-diesel-exports-likely-074500388.html', 'site': 'finance', 'region': 'US', 'lang': 'en-US'}, 'metadata': {'editorsPick': False}, 'finance': {'premiumFinance': {'isPremiumNews': False, 'isPremiumFreeNews': False}}, 'storyline': None}
- {'id': '18b5c5c2-5d65-3bf6-b0bd-aee865e45f42', 'contentType': 'VIDEO', 'title': "How Ambani's Campa Cola is Hurting Coke, Pepsi in India", 'description': "Asia's richest man, Mukesh Ambani, is challenging Coca-Cola and PepsiCo's dominance in India with Reliance Industries' Campa Cola brand.\nBloomberg's Satviki Sanjay appeared on Insight with Haslinda Amin to discuss what's behind the growing success of the brand.", 'summary': "Asia's richest man, Mukesh Ambani, is challenging Coca-Cola and PepsiCo's dominance in India with Reliance Industries' Campa Cola brand. Bloomberg's Satviki Sanjay appeared on Insight with Haslinda Amin to discuss what's behind the growing success of the brand.", 'pubDate': '2025-05-06T05:36:43Z', 'displayTime': '', 'isHosted': True, 'bypassModal': False, 'previewUrl': None, 'thumbnail': {'originalUrl': 'https://media.zenfs.com/en/bloomberg_markets_video_2/12310404b077c8de4f929ec72b95679d', 'originalWidth': 1280, 'originalHeight': 720, 'caption': '', 'resolutions': [{'url': 'https://s.yimg.com/uu/api/res/1.2/kB_Nhx1U6kkOYfbwbkrPLA--~B/aD03MjA7dz0xMjgwO2FwcGlkPXl0YWNoeW9u/https://media.zenfs.com/en/bloomberg_markets_video_2/12310404b077c8de4f929ec72b95679d', 'width': 1280, 'height': 720, 'tag': 'original'}, {'url': 'https://s.yimg.com/uu/api/res/1.2/3QIyuTdJS_HRkieGNQAoHQ--~B/Zmk9c3RyaW07aD0xMjg7dz0xNzA7YXBwaWQ9eXRhY2h5b24-/https://media.zenfs.com/en/bloomberg_markets_video_2/12310404b077c8de4f929ec72b95679d', 'width': 170, 'height': 128, 'tag': '170x128'}]}, 'provider': {'displayName': 'Bloomberg', 'url': 'https://www.bloomberg.com/'}, 'canonicalUrl': {'url': 'https://finance.yahoo.com/video/ambanis-campa-cola-hurting-coke-053643944.html', 'site': 'finance', 'region': 'US', 'lang': 'en-US'}, 'clickThroughUrl': {'url': 'https://finance.yahoo.com/video/ambanis-campa-cola-hurting-coke-053643944.html', 'site': 'finance', 'region': 'US', 'lang': 'en-US'}, 'metadata': {'editorsPick': False}, 'finance': {'premiumFinance': {'isPremiumNews': False, 'isPremiumFreeNews': False}}, 'storyline': None}
- {'id': 'e31eb9d7-b117-4bc3-bd2a-d0f79716b1eb', 'contentType': 'STORY', 'title': 'Trending tickers: Deliveroo, Reliance, Toyota, Novavax and M&S', 'description': '', 'summary': 'The latest investor updates on stocks that are trending on Monday', 'pubDate': '2025-04-28T09:44:36Z', 'displayTime': '2025-04-28T09:44:36Z', 'isHosted': True, 'bypassModal': False, 'previewUrl': None, 'thumbnail': {'originalUrl': 'https://s.yimg.com/os/creatr-uploaded-images/2025-04/d9028e40-2412-11f0-a77e-e6460752fb57', 'originalWidth': 4313, 'originalHeight': 2871, 'caption': '', 'resolutions': [{'url': 'https://s.yimg.com/uu/api/res/1.2/L13AVNw_ziMsQdRzLif9Fg--~B/aD0yODcxO3c9NDMxMzthcHBpZD15dGFjaHlvbg--/https://s.yimg.com/os/creatr-uploaded-images/2025-04/d9028e40-2412-11f0-a77e-e6460752fb57', 'width': 4313, 'height': 2871, 'tag': 'original'}, {'url': 'https://s.yimg.com/uu/api/res/1.2/gzlCxUYD4cjqGXjxHfGu9g--~B/Zmk9c3RyaW07aD0xMjg7dz0xNzA7YXBwaWQ9eXRhY2h5b24-/https://s.yimg.com/os/creatr-uploaded-images/2025-04/d9028e40-2412-11f0-a77e-e6460752fb57', 'width': 170, 'height': 128, 'tag': '170x128'}]}, 'provider': {'displayName': 'Yahoo Finance UK', 'url': 'http://uk.finance.yahoo.com/'}, 'canonicalUrl': {'url': 'https://uk.finance.yahoo.com/news/deliveroo-reliance-toyota-novavax-ms-trending-tickers-094342819.html', 'site': 'finance', 'region': 'GB', 'lang': 'en-GB'}, 'clickThroughUrl': {'url': 'https://finance.yahoo.com/news/deliveroo-reliance-toyota-novavax-ms-trending-tickers-094342819.html', 'site': 'finance', 'region': 'US', 'lang': 'en-US'}, 'metadata': {'editorsPick': False}, 'finance': {'premiumFinance': {'isPremiumNews': False, 'isPremiumFreeNews': False}}, 'storyline': None}
            
            Provide your analysis in this exact format (include all sections):
            
            SENTIMENT: [POSITIVE/NEGATIVE/NEUTRAL]
            CONFIDENCE: [0-100]
            KEY_THEMES: [comma-separated list of 2-3 key themes or topics]
            
            Be specific and focus on actionable insights. If unsure, mark as NEUTRAL with 50 confidence.
            
2025-05-24 23:59:45,748 - INFO - Sending request to Ollama with model: llama3.2:latest
2025-05-25 00:00:03,269 - INFO - Ollama response status: 200
2025-05-25 00:00:03,272 - INFO - Received LLM response: SENTIMENT: NEUTRAL
CONFIDENCE: 50
KEY_THEMES: Reliance Industries' expansion plans, India's diesel exports, Mukesh Ambani's business ventures and meetings with Trump and the Qatar emir.

Analysis:

The recent news headlines provide a mix of neutral and slightly positive information about Reliance Industries. The company's plans to start a solar module factory this year (Headline 1) and its expansion into new markets such as Qatar (Headline 3) suggest a positive tone. However, the article also mentions that India's diesel exports likely hit their lowest level in over a decade in April (Headline 4), which could be seen as a negative development.

The meeting between Mukesh Ambani and Trump (Headline 3) is another neutral event that does not necessarily carry a positive or negative sentiment. The fact that Reliance Industries' Campa Cola brand is challenging Coca-Cola's dominance in India (Headline 5) could be
2025-05-25 00:00:03,273 - INFO - Parsed sentiment result: {'sentiment': 'NEUTRAL', 'confidence': 50, 'themes': []}
2025-05-25 00:00:03,273 - INFO - 
Sentiment Analysis Results:
2025-05-25 00:00:03,273 - INFO - Stock: RELIANCE.NS
2025-05-25 00:00:03,273 - INFO - Sentiment: NEUTRAL
2025-05-25 00:00:03,273 - INFO - Confidence: 50
2025-05-25 00:00:03,273 - INFO - Themes: None
2025-05-25 00:00:05,278 - INFO - 
==================================================
2025-05-25 00:00:05,279 - INFO - Testing sentiment analysis for TCS.NS
2025-05-25 00:00:05,279 - INFO - ==================================================
2025-05-25 00:00:05,284 - INFO - Fetching news for ticker: TCS.NS
2025-05-25 00:00:05,438 - INFO - Found 10 total news items from Yahoo Finance
2025-05-25 00:00:05,442 - INFO - Found 5 relevant headlines from Yahoo Finance for TCS.NS
2025-05-25 00:00:05,442 - INFO - Analyzing sentiment for TCS.NS with headlines: ["{'id': '1bb70d34-f3a3-3347-bbd9-cd7965d6824f', 'contentType': 'STORY', 'title': 'Tata Consultancy Services carries out internal probe into M&S hack, FT reports', 'description': '', 'summary': 'M&S declined to comment and TCS did not immediately respond to a Reuters request for comment.  The cyberattack which M&S disclosed in April will cost the company about 300 million pounds ($404.9 million) in lost operating profit, and disruption to online services is likely until July.', 'pubDate': '2025-05-23T10:44:27Z', 'displayTime': '2025-05-23T10:44:27Z', 'isHosted': True, 'bypassModal': False, 'previewUrl': None, 'thumbnail': {'originalUrl': 'https://media.zenfs.com/en/reuters.com/d608865eabed4b90a88270d90a6e47b5', 'originalWidth': 800, 'originalHeight': 505, 'caption': 'Illustration shows TCS: Tata Consultancy Services logo', 'resolutions': [{'url': 'https://s.yimg.com/uu/api/res/1.2/tm.iNfN97Y5xaQqqJmpAWg--~B/aD01MDU7dz04MDA7YXBwaWQ9eXRhY2h5b24-/https://media.zenfs.com/en/reuters.com/d608865eabed4b90a88270d90a6e47b5', 'width': 800, 'height': 505, 'tag': 'original'}, {'url': 'https://s.yimg.com/uu/api/res/1.2/BfBYoswdb.IM2UGXL7YlQA--~B/Zmk9c3RyaW07aD0xMjg7dz0xNzA7YXBwaWQ9eXRhY2h5b24-/https://media.zenfs.com/en/reuters.com/d608865eabed4b90a88270d90a6e47b5', 'width': 170, 'height': 128, 'tag': '170x128'}]}, 'provider': {'displayName': 'Reuters', 'url': 'https://www.reuters.com/'}, 'canonicalUrl': {'url': 'https://finance.yahoo.com/news/tata-consultancy-services-carries-internal-104427057.html', 'site': 'finance', 'region': 'US', 'lang': 'en-US'}, 'clickThroughUrl': {'url': 'https://finance.yahoo.com/news/tata-consultancy-services-carries-internal-104427057.html', 'site': 'finance', 'region': 'US', 'lang': 'en-US'}, 'metadata': {'editorsPick': False}, 'finance': {'premiumFinance': {'isPremiumNews': False, 'isPremiumFreeNews': False}}, 'storyline': None}", '{\'id\': \'c85b93c8-9a78-3ccb-a202-a795542ea6d9\', \'contentType\': \'STORY\', \'title\': \'TCS expands partnership with SAP to drive cloud adoption\', \'description\': \'\', \'summary\': "The two companies will jointly work to support customers through the \'RISE with SAP\' initiative.", \'pubDate\': \'2025-05-02T10:12:48Z\', \'displayTime\': \'2025-05-02T10:12:48Z\', \'isHosted\': True, \'bypassModal\': False, \'previewUrl\': None, \'thumbnail\': {\'originalUrl\': \'https://media.zenfs.com/en/verdict_626/bb981f6c3332bb3037894d2d505ba89f\', \'originalWidth\': 1437, \'originalHeight\': 811, \'caption\': \'TCS will leverage its TCS Pace Port innovation network. Credit: Piotr Swat/Shutterstock.\', \'resolutions\': [{\'url\': \'https://s.yimg.com/uu/api/res/1.2/oEcWZB5k9XjZ8PDsaFejDg--~B/aD04MTE7dz0xNDM3O2FwcGlkPXl0YWNoeW9u/https://media.zenfs.com/en/verdict_626/bb981f6c3332bb3037894d2d505ba89f\', \'width\': 1437, \'height\': 811, \'tag\': \'original\'}, {\'url\': \'https://s.yimg.com/uu/api/res/1.2/9Qmdc8QLoVDr5WaMmqdneA--~B/Zmk9c3RyaW07aD0xMjg7dz0xNzA7YXBwaWQ9eXRhY2h5b24-/https://media.zenfs.com/en/verdict_626/bb981f6c3332bb3037894d2d505ba89f\', \'width\': 170, \'height\': 128, \'tag\': \'170x128\'}]}, \'provider\': {\'displayName\': \'Verdict\', \'url\': \'https://www.globaldata.com/\'}, \'canonicalUrl\': {\'url\': \'https://www.verdict.co.uk/tcs-sap-cloud-adoption/\', \'site\': \'finance\', \'region\': \'US\', \'lang\': \'en-US\'}, \'clickThroughUrl\': {\'url\': \'https://finance.yahoo.com/news/tcs-expands-partnership-sap-drive-101248167.html\', \'site\': \'finance\', \'region\': \'US\', \'lang\': \'en-US\'}, \'metadata\': {\'editorsPick\': False}, \'finance\': {\'premiumFinance\': {\'isPremiumNews\': False, \'isPremiumFreeNews\': False}}, \'storyline\': None}', "{'id': '4aac023d-6d8c-3420-ba4b-7c4fa6a2537c', 'contentType': 'STORY', 'title': 'Tata Consultancy Services Ltd (BOM:532540) Q4 2025 Earnings Call Highlights: Surpassing $30 ...', 'description': '', 'summary': 'Tata Consultancy Services Ltd (BOM:532540) reports strong fiscal year growth despite margin pressures and regional revenue declines.', 'pubDate': '2025-04-11T07:01:18Z', 'displayTime': '2025-04-11T07:01:18Z', 'isHosted': True, 'bypassModal': False, 'previewUrl': None, 'thumbnail': None, 'provider': {'displayName': 'GuruFocus.com', 'url': 'http://www.gurufocus.com/'}, 'canonicalUrl': {'url': 'https://finance.yahoo.com/news/tata-consultancy-services-ltd-bom-070118452.html', 'site': 'finance', 'region': 'US', 'lang': 'en-US'}, 'clickThroughUrl': {'url': 'https://finance.yahoo.com/news/tata-consultancy-services-ltd-bom-070118452.html', 'site': 'finance', 'region': 'US', 'lang': 'en-US'}, 'metadata': {'editorsPick': False}, 'finance': {'premiumFinance': {'isPremiumNews': False, 'isPremiumFreeNews': False}}, 'storyline': None}", '{\'id\': \'f1344859-d72b-33db-8876-471fce9c3eb4\', \'contentType\': \'STORY\', \'title\': "India\'s TCS warns US tariff chaos hurting client sentiment", \'description\': \'\', \'summary\': "BENGALURU (Reuters) -India\'s top software-services exporter Tata Consultancy Services reported weaker-than-expected quarterly results on Thursday and warned uncertainty around U.S. tariffs was prompting clients to rethink discretionary projects.  The $283 billion Indian IT sector was counting on the Trump administration\'s business-friendly policies to revive client confidence and spending in its biggest market, but the U.S. tariff saga has soured expectations of any immediate upswing in fortunes.", \'pubDate\': \'2025-04-10T10:46:40Z\', \'displayTime\': \'2025-04-10T10:46:40Z\', \'isHosted\': True, \'bypassModal\': False, \'previewUrl\': None, \'thumbnail\': {\'originalUrl\': \'https://media.zenfs.com/en/reuters.com/b3b2cabb8200f6c280fbf853979ae22a\', \'originalWidth\': 800, \'originalHeight\': 512, \'caption\': "A man walks past a logo of Tata Consultancy Services (TCS) before a press conference announcing the company\'s quarterly results in Mumbai", \'resolutions\': [{\'url\': \'https://s.yimg.com/uu/api/res/1.2/p_8wAmgwYP7.gXqiHSQG2Q--~B/aD01MTI7dz04MDA7YXBwaWQ9eXRhY2h5b24-/https://media.zenfs.com/en/reuters.com/b3b2cabb8200f6c280fbf853979ae22a\', \'width\': 800, \'height\': 512, \'tag\': \'original\'}, {\'url\': \'https://s.yimg.com/uu/api/res/1.2/qsi8zU9gdLmnPqg8PVS4og--~B/Zmk9c3RyaW07aD0xMjg7dz0xNzA7YXBwaWQ9eXRhY2h5b24-/https://media.zenfs.com/en/reuters.com/b3b2cabb8200f6c280fbf853979ae22a\', \'width\': 170, \'height\': 128, \'tag\': \'170x128\'}]}, \'provider\': {\'displayName\': \'Reuters\', \'url\': \'https://www.reuters.com/\'}, \'canonicalUrl\': {\'url\': \'https://finance.yahoo.com/news/indias-tcs-misses-fourth-quarter-104640504.html\', \'site\': \'finance\', \'region\': \'US\', \'lang\': \'en-US\'}, \'clickThroughUrl\': {\'url\': \'https://finance.yahoo.com/news/indias-tcs-misses-fourth-quarter-104640504.html\', \'site\': \'finance\', \'region\': \'US\', \'lang\': \'en-US\'}, \'metadata\': {\'editorsPick\': False}, \'finance\': {\'premiumFinance\': {\'isPremiumNews\': False, \'isPremiumFreeNews\': False}}, \'storyline\': None}', '{\'id\': \'32367872-10e4-3788-8b13-e8eefc7b630e\', \'contentType\': \'STORY\', \'title\': \'The Cumberland taps TCS for core system overhaul\', \'description\': \'\', \'summary\': "The partnership aims to “future-proof” The Cumberland\'s banking infrastructure and enhance service flexibility at its branches.", \'pubDate\': \'2025-03-21T12:17:28Z\', \'displayTime\': \'2025-03-21T12:17:28Z\', \'isHosted\': True, \'bypassModal\': False, \'previewUrl\': None, \'thumbnail\': {\'originalUrl\': \'https://media.zenfs.com/en/retail_banker_international_407/074eba11360eb8e40d8692cd12a7bdec\', \'originalWidth\': 1440, \'originalHeight\': 810, \'caption\': \'The collaboration will enable the implementation of TCS BaNCS for Core Banking to improve operational efficiency. Credit: Tada Images/Shutterstock.\', \'resolutions\': [{\'url\': \'https://s.yimg.com/uu/api/res/1.2/x72i_u96jk67chbrYr4_kw--~B/aD04MTA7dz0xNDQwO2FwcGlkPXl0YWNoeW9u/https://media.zenfs.com/en/retail_banker_international_407/074eba11360eb8e40d8692cd12a7bdec\', \'width\': 1440, \'height\': 810, \'tag\': \'original\'}, {\'url\': \'https://s.yimg.com/uu/api/res/1.2/BtePQkfuz0BN.xldm3TnEw--~B/Zmk9c3RyaW07aD0xMjg7dz0xNzA7YXBwaWQ9eXRhY2h5b24-/https://media.zenfs.com/en/retail_banker_international_407/074eba11360eb8e40d8692cd12a7bdec\', \'width\': 170, \'height\': 128, \'tag\': \'170x128\'}]}, \'provider\': {\'displayName\': \'Retail Banker International\', \'url\': \'https://www.globaldata.com/\'}, \'canonicalUrl\': {\'url\': \'https://www.retailbankerinternational.com/news/the-cumberland-taps-tcs-overhaul/\', \'site\': \'finance\', \'region\': \'US\', \'lang\': \'en-US\'}, \'clickThroughUrl\': {\'url\': \'https://finance.yahoo.com/news/cumberland-taps-tcs-core-system-121728910.html\', \'site\': \'finance\', \'region\': \'US\', \'lang\': \'en-US\'}, \'metadata\': {\'editorsPick\': False}, \'finance\': {\'premiumFinance\': {\'isPremiumNews\': False, \'isPremiumFreeNews\': False}}, \'storyline\': None}']
2025-05-25 00:00:05,443 - INFO - Sending prompt to LLM: 
            Analyze the sentiment of these recent news headlines for TCS.NS stock.
            Consider the overall tone, specific events, and market implications.
            
            Headlines:
            - {'id': '1bb70d34-f3a3-3347-bbd9-cd7965d6824f', 'contentType': 'STORY', 'title': 'Tata Consultancy Services carries out internal probe into M&S hack, FT reports', 'description': '', 'summary': 'M&S declined to comment and TCS did not immediately respond to a Reuters request for comment.  The cyberattack which M&S disclosed in April will cost the company about 300 million pounds ($404.9 million) in lost operating profit, and disruption to online services is likely until July.', 'pubDate': '2025-05-23T10:44:27Z', 'displayTime': '2025-05-23T10:44:27Z', 'isHosted': True, 'bypassModal': False, 'previewUrl': None, 'thumbnail': {'originalUrl': 'https://media.zenfs.com/en/reuters.com/d608865eabed4b90a88270d90a6e47b5', 'originalWidth': 800, 'originalHeight': 505, 'caption': 'Illustration shows TCS: Tata Consultancy Services logo', 'resolutions': [{'url': 'https://s.yimg.com/uu/api/res/1.2/tm.iNfN97Y5xaQqqJmpAWg--~B/aD01MDU7dz04MDA7YXBwaWQ9eXRhY2h5b24-/https://media.zenfs.com/en/reuters.com/d608865eabed4b90a88270d90a6e47b5', 'width': 800, 'height': 505, 'tag': 'original'}, {'url': 'https://s.yimg.com/uu/api/res/1.2/BfBYoswdb.IM2UGXL7YlQA--~B/Zmk9c3RyaW07aD0xMjg7dz0xNzA7YXBwaWQ9eXRhY2h5b24-/https://media.zenfs.com/en/reuters.com/d608865eabed4b90a88270d90a6e47b5', 'width': 170, 'height': 128, 'tag': '170x128'}]}, 'provider': {'displayName': 'Reuters', 'url': 'https://www.reuters.com/'}, 'canonicalUrl': {'url': 'https://finance.yahoo.com/news/tata-consultancy-services-carries-internal-104427057.html', 'site': 'finance', 'region': 'US', 'lang': 'en-US'}, 'clickThroughUrl': {'url': 'https://finance.yahoo.com/news/tata-consultancy-services-carries-internal-104427057.html', 'site': 'finance', 'region': 'US', 'lang': 'en-US'}, 'metadata': {'editorsPick': False}, 'finance': {'premiumFinance': {'isPremiumNews': False, 'isPremiumFreeNews': False}}, 'storyline': None}
- {'id': 'c85b93c8-9a78-3ccb-a202-a795542ea6d9', 'contentType': 'STORY', 'title': 'TCS expands partnership with SAP to drive cloud adoption', 'description': '', 'summary': "The two companies will jointly work to support customers through the 'RISE with SAP' initiative.", 'pubDate': '2025-05-02T10:12:48Z', 'displayTime': '2025-05-02T10:12:48Z', 'isHosted': True, 'bypassModal': False, 'previewUrl': None, 'thumbnail': {'originalUrl': 'https://media.zenfs.com/en/verdict_626/bb981f6c3332bb3037894d2d505ba89f', 'originalWidth': 1437, 'originalHeight': 811, 'caption': 'TCS will leverage its TCS Pace Port innovation network. Credit: Piotr Swat/Shutterstock.', 'resolutions': [{'url': 'https://s.yimg.com/uu/api/res/1.2/oEcWZB5k9XjZ8PDsaFejDg--~B/aD04MTE7dz0xNDM3O2FwcGlkPXl0YWNoeW9u/https://media.zenfs.com/en/verdict_626/bb981f6c3332bb3037894d2d505ba89f', 'width': 1437, 'height': 811, 'tag': 'original'}, {'url': 'https://s.yimg.com/uu/api/res/1.2/9Qmdc8QLoVDr5WaMmqdneA--~B/Zmk9c3RyaW07aD0xMjg7dz0xNzA7YXBwaWQ9eXRhY2h5b24-/https://media.zenfs.com/en/verdict_626/bb981f6c3332bb3037894d2d505ba89f', 'width': 170, 'height': 128, 'tag': '170x128'}]}, 'provider': {'displayName': 'Verdict', 'url': 'https://www.globaldata.com/'}, 'canonicalUrl': {'url': 'https://www.verdict.co.uk/tcs-sap-cloud-adoption/', 'site': 'finance', 'region': 'US', 'lang': 'en-US'}, 'clickThroughUrl': {'url': 'https://finance.yahoo.com/news/tcs-expands-partnership-sap-drive-101248167.html', 'site': 'finance', 'region': 'US', 'lang': 'en-US'}, 'metadata': {'editorsPick': False}, 'finance': {'premiumFinance': {'isPremiumNews': False, 'isPremiumFreeNews': False}}, 'storyline': None}
- {'id': '4aac023d-6d8c-3420-ba4b-7c4fa6a2537c', 'contentType': 'STORY', 'title': 'Tata Consultancy Services Ltd (BOM:532540) Q4 2025 Earnings Call Highlights: Surpassing $30 ...', 'description': '', 'summary': 'Tata Consultancy Services Ltd (BOM:532540) reports strong fiscal year growth despite margin pressures and regional revenue declines.', 'pubDate': '2025-04-11T07:01:18Z', 'displayTime': '2025-04-11T07:01:18Z', 'isHosted': True, 'bypassModal': False, 'previewUrl': None, 'thumbnail': None, 'provider': {'displayName': 'GuruFocus.com', 'url': 'http://www.gurufocus.com/'}, 'canonicalUrl': {'url': 'https://finance.yahoo.com/news/tata-consultancy-services-ltd-bom-070118452.html', 'site': 'finance', 'region': 'US', 'lang': 'en-US'}, 'clickThroughUrl': {'url': 'https://finance.yahoo.com/news/tata-consultancy-services-ltd-bom-070118452.html', 'site': 'finance', 'region': 'US', 'lang': 'en-US'}, 'metadata': {'editorsPick': False}, 'finance': {'premiumFinance': {'isPremiumNews': False, 'isPremiumFreeNews': False}}, 'storyline': None}
- {'id': 'f1344859-d72b-33db-8876-471fce9c3eb4', 'contentType': 'STORY', 'title': "India's TCS warns US tariff chaos hurting client sentiment", 'description': '', 'summary': "BENGALURU (Reuters) -India's top software-services exporter Tata Consultancy Services reported weaker-than-expected quarterly results on Thursday and warned uncertainty around U.S. tariffs was prompting clients to rethink discretionary projects.  The $283 billion Indian IT sector was counting on the Trump administration's business-friendly policies to revive client confidence and spending in its biggest market, but the U.S. tariff saga has soured expectations of any immediate upswing in fortunes.", 'pubDate': '2025-04-10T10:46:40Z', 'displayTime': '2025-04-10T10:46:40Z', 'isHosted': True, 'bypassModal': False, 'previewUrl': None, 'thumbnail': {'originalUrl': 'https://media.zenfs.com/en/reuters.com/b3b2cabb8200f6c280fbf853979ae22a', 'originalWidth': 800, 'originalHeight': 512, 'caption': "A man walks past a logo of Tata Consultancy Services (TCS) before a press conference announcing the company's quarterly results in Mumbai", 'resolutions': [{'url': 'https://s.yimg.com/uu/api/res/1.2/p_8wAmgwYP7.gXqiHSQG2Q--~B/aD01MTI7dz04MDA7YXBwaWQ9eXRhY2h5b24-/https://media.zenfs.com/en/reuters.com/b3b2cabb8200f6c280fbf853979ae22a', 'width': 800, 'height': 512, 'tag': 'original'}, {'url': 'https://s.yimg.com/uu/api/res/1.2/qsi8zU9gdLmnPqg8PVS4og--~B/Zmk9c3RyaW07aD0xMjg7dz0xNzA7YXBwaWQ9eXRhY2h5b24-/https://media.zenfs.com/en/reuters.com/b3b2cabb8200f6c280fbf853979ae22a', 'width': 170, 'height': 128, 'tag': '170x128'}]}, 'provider': {'displayName': 'Reuters', 'url': 'https://www.reuters.com/'}, 'canonicalUrl': {'url': 'https://finance.yahoo.com/news/indias-tcs-misses-fourth-quarter-104640504.html', 'site': 'finance', 'region': 'US', 'lang': 'en-US'}, 'clickThroughUrl': {'url': 'https://finance.yahoo.com/news/indias-tcs-misses-fourth-quarter-104640504.html', 'site': 'finance', 'region': 'US', 'lang': 'en-US'}, 'metadata': {'editorsPick': False}, 'finance': {'premiumFinance': {'isPremiumNews': False, 'isPremiumFreeNews': False}}, 'storyline': None}
- {'id': '32367872-10e4-3788-8b13-e8eefc7b630e', 'contentType': 'STORY', 'title': 'The Cumberland taps TCS for core system overhaul', 'description': '', 'summary': "The partnership aims to “future-proof” The Cumberland's banking infrastructure and enhance service flexibility at its branches.", 'pubDate': '2025-03-21T12:17:28Z', 'displayTime': '2025-03-21T12:17:28Z', 'isHosted': True, 'bypassModal': False, 'previewUrl': None, 'thumbnail': {'originalUrl': 'https://media.zenfs.com/en/retail_banker_international_407/074eba11360eb8e40d8692cd12a7bdec', 'originalWidth': 1440, 'originalHeight': 810, 'caption': 'The collaboration will enable the implementation of TCS BaNCS for Core Banking to improve operational efficiency. Credit: Tada Images/Shutterstock.', 'resolutions': [{'url': 'https://s.yimg.com/uu/api/res/1.2/x72i_u96jk67chbrYr4_kw--~B/aD04MTA7dz0xNDQwO2FwcGlkPXl0YWNoeW9u/https://media.zenfs.com/en/retail_banker_international_407/074eba11360eb8e40d8692cd12a7bdec', 'width': 1440, 'height': 810, 'tag': 'original'}, {'url': 'https://s.yimg.com/uu/api/res/1.2/BtePQkfuz0BN.xldm3TnEw--~B/Zmk9c3RyaW07aD0xMjg7dz0xNzA7YXBwaWQ9eXRhY2h5b24-/https://media.zenfs.com/en/retail_banker_international_407/074eba11360eb8e40d8692cd12a7bdec', 'width': 170, 'height': 128, 'tag': '170x128'}]}, 'provider': {'displayName': 'Retail Banker International', 'url': 'https://www.globaldata.com/'}, 'canonicalUrl': {'url': 'https://www.retailbankerinternational.com/news/the-cumberland-taps-tcs-overhaul/', 'site': 'finance', 'region': 'US', 'lang': 'en-US'}, 'clickThroughUrl': {'url': 'https://finance.yahoo.com/news/cumberland-taps-tcs-core-system-121728910.html', 'site': 'finance', 'region': 'US', 'lang': 'en-US'}, 'metadata': {'editorsPick': False}, 'finance': {'premiumFinance': {'isPremiumNews': False, 'isPremiumFreeNews': False}}, 'storyline': None}
            
            Provide your analysis in this exact format (include all sections):
            
            SENTIMENT: [POSITIVE/NEGATIVE/NEUTRAL]
            CONFIDENCE: [0-100]
            KEY_THEMES: [comma-separated list of 2-3 key themes or topics]
            
            Be specific and focus on actionable insights. If unsure, mark as NEUTRAL with 50 confidence.
            
2025-05-25 00:00:05,447 - INFO - Sending request to Ollama with model: llama3.2:latest
2025-05-25 00:00:18,973 - INFO - Ollama response status: 200
2025-05-25 00:00:18,976 - INFO - Received LLM response: SENTIMENT: NEGATIVE
CONFIDENCE: 60
KEY_THEMES: cyberattack, cloud adoption, US tariffs, client sentiment, banking infrastructure overhaul

Analysis:

The recent news headlines for TCS.NS stock convey a negative sentiment due to the company's involvement in a high-profile cyberattack on Marks & Spencer (M&S) and concerns about the impact of US tariffs on its clients. The first headline reports that TCS is conducting an internal probe into the M&S hack, which will cost the company approximately $404.9 million in lost operating profit. This incident suggests that TCS may be facing reputational damage and potential financial losses.

The second headline highlights TCS's expansion of its partnership with SAP to drive cloud adoption, but this news is overshadowed by the negative sentiment surrounding the cyberattack. The third headline reports on TCS's Q4 2025 earnings call, where the company misses expectations due to margin pressures and regional revenue declines. This suggests that TCS
2025-05-25 00:00:18,976 - INFO - Parsed sentiment result: {'sentiment': 'NEGATIVE', 'confidence': 60, 'themes': []}
2025-05-25 00:00:18,976 - INFO - 
Sentiment Analysis Results:
2025-05-25 00:00:18,976 - INFO - Stock: TCS.NS
2025-05-25 00:00:18,976 - INFO - Sentiment: NEGATIVE
2025-05-25 00:00:18,977 - INFO - Confidence: 60
2025-05-25 00:00:18,977 - INFO - Themes: None
2025-05-25 00:00:20,980 - INFO - 
==================================================
2025-05-25 00:00:20,981 - INFO - Testing sentiment analysis for HDFCBANK.NS
2025-05-25 00:00:20,981 - INFO - ==================================================
2025-05-25 00:00:20,982 - INFO - Fetching news for ticker: HDFCBANK.NS
2025-05-25 00:00:21,908 - INFO - Found 10 total news items from Yahoo Finance
2025-05-25 00:00:21,909 - INFO - Found 5 relevant headlines from Yahoo Finance for HDFCBANK.NS
2025-05-25 00:00:21,909 - INFO - Analyzing sentiment for HDFCBANK.NS with headlines: ["{'id': '29c4caf5-a422-33e8-b735-e59f66299a75', 'contentType': 'STORY', 'title': 'Is the Options Market Predicting a Spike in HDFC Bank (HDB) Stock?', 'description': '', 'summary': 'Investors need to pay close attention to HDFC Bank (HDB) stock based on the movements in the options market lately.', 'pubDate': '2025-05-19T15:29:00Z', 'displayTime': '2025-05-19T15:29:00Z', 'isHosted': True, 'bypassModal': False, 'previewUrl': None, 'thumbnail': {'originalUrl': 'https://media.zenfs.com/en/zacks.com/9fff9f84f51f11966f715ae738f14e1c', 'originalWidth': 635, 'originalHeight': 400, 'caption': '', 'resolutions': [{'url': 'https://s.yimg.com/uu/api/res/1.2/C0A28mdnkvImCwAim9iKdA--~B/aD00MDA7dz02MzU7YXBwaWQ9eXRhY2h5b24-/https://media.zenfs.com/en/zacks.com/9fff9f84f51f11966f715ae738f14e1c', 'width': 635, 'height': 400, 'tag': 'original'}, {'url': 'https://s.yimg.com/uu/api/res/1.2/lb5OMPWWyNvq8R23p0SyrA--~B/Zmk9c3RyaW07aD0xMjg7dz0xNzA7YXBwaWQ9eXRhY2h5b24-/https://media.zenfs.com/en/zacks.com/9fff9f84f51f11966f715ae738f14e1c', 'width': 170, 'height': 128, 'tag': '170x128'}]}, 'provider': {'displayName': 'Zacks', 'url': 'http://www.zacks.com/'}, 'canonicalUrl': {'url': 'https://finance.yahoo.com/news/options-market-predicting-spike-hdfc-152900430.html', 'site': 'finance', 'region': 'US', 'lang': 'en-US'}, 'clickThroughUrl': {'url': 'https://finance.yahoo.com/news/options-market-predicting-spike-hdfc-152900430.html', 'site': 'finance', 'region': 'US', 'lang': 'en-US'}, 'metadata': {'editorsPick': False}, 'finance': {'premiumFinance': {'isPremiumNews': False, 'isPremiumFreeNews': False}}, 'storyline': None}", '{\'id\': \'2fe253a0-593b-3021-b5f3-dc0736ca4672\', \'contentType\': \'STORY\', \'title\': \'Indian benchmarks log biggest five-day gains in four years as financials rally\', \'description\': \'\', \'summary\': "India\'s benchmark indexes logged their biggest five-day gains since February 2021, boosted by heavyweight financials following better-than-expected earnings, while a weaker U.S. dollar further propped up investor sentiment.  The Nifty 50  gained 1.15% to 24,125.55 on Monday, while the BSE Sensex rose 1.09% to 79,408.50.  Financials, which comprise over 37% of the Nifty 50, have jumped 9.5% in five sessions and hit lifetime highs.", \'pubDate\': \'2025-04-21T02:43:42Z\', \'displayTime\': \'2025-04-21T02:43:42Z\', \'isHosted\': True, \'bypassModal\': False, \'previewUrl\': None, \'thumbnail\': {\'originalUrl\': \'https://media.zenfs.com/en/reuters.com/a29b30409a67269f7ab6188accf2caa9\', \'originalWidth\': 800, \'originalHeight\': 542, \'caption\': \'Men walk past a screen displaying market results outside the Bombay Stock Exchange (BSE) in Mumbai\', \'resolutions\': [{\'url\': \'https://s.yimg.com/uu/api/res/1.2/0wNn94tQJHO66RPLDPPPrg--~B/aD01NDI7dz04MDA7YXBwaWQ9eXRhY2h5b24-/https://media.zenfs.com/en/reuters.com/a29b30409a67269f7ab6188accf2caa9\', \'width\': 800, \'height\': 542, \'tag\': \'original\'}, {\'url\': \'https://s.yimg.com/uu/api/res/1.2/leb_zy8aFZk9jKpa1IukhQ--~B/Zmk9c3RyaW07aD0xMjg7dz0xNzA7YXBwaWQ9eXRhY2h5b24-/https://media.zenfs.com/en/reuters.com/a29b30409a67269f7ab6188accf2caa9\', \'width\': 170, \'height\': 128, \'tag\': \'170x128\'}]}, \'provider\': {\'displayName\': \'Reuters\', \'url\': \'https://www.reuters.com/\'}, \'canonicalUrl\': {\'url\': \'https://sg.finance.yahoo.com/news/indian-benchmarks-likely-open-flat-024342790.html\', \'site\': \'finance\', \'region\': \'SG\', \'lang\': \'en-SG\'}, \'clickThroughUrl\': {\'url\': \'https://finance.yahoo.com/news/indian-benchmarks-likely-open-flat-024342790.html\', \'site\': \'finance\', \'region\': \'US\', \'lang\': \'en-US\'}, \'metadata\': {\'editorsPick\': False}, \'finance\': {\'premiumFinance\': {\'isPremiumNews\': False, \'isPremiumFreeNews\': False}}, \'storyline\': None}', "{'id': '2d323c37-703b-3340-837f-94ef3205fe1f', 'contentType': 'STORY', 'title': 'HDFC Bank Ltd (HDB) Q4 2025 Earnings Call Highlights: Strong Deposit Growth and Pristine Asset ...', 'description': '', 'summary': 'HDFC Bank Ltd (HDB) showcases robust financial stability with reduced credit deposit ratio and stable net interest margins, despite facing global economic challenges.', 'pubDate': '2025-04-20T07:00:21Z', 'displayTime': '2025-04-20T07:00:21Z', 'isHosted': True, 'bypassModal': False, 'previewUrl': None, 'thumbnail': {'originalUrl': 'https://media.zenfs.com/en/us.finance.gurufocus/5e2475e282daf59dda755837d90721a9', 'originalWidth': 134, 'originalHeight': 134, 'caption': '', 'resolutions': [{'url': 'https://s.yimg.com/uu/api/res/1.2/xlS5jajQAJ2k10VicwV6_g--~B/aD0xMzQ7dz0xMzQ7YXBwaWQ9eXRhY2h5b24-/https://media.zenfs.com/en/us.finance.gurufocus/5e2475e282daf59dda755837d90721a9', 'width': 134, 'height': 134, 'tag': 'original'}, {'url': 'https://s.yimg.com/uu/api/res/1.2/KEdqSExSYqgOD6Q4jIa7Tg--~B/Zmk9c3RyaW07aD0xMjg7dz0xNzA7YXBwaWQ9eXRhY2h5b24-/https://media.zenfs.com/en/us.finance.gurufocus/5e2475e282daf59dda755837d90721a9', 'width': 170, 'height': 128, 'tag': '170x128'}]}, 'provider': {'displayName': 'GuruFocus.com', 'url': 'http://www.gurufocus.com/'}, 'canonicalUrl': {'url': 'https://finance.yahoo.com/news/hdfc-bank-ltd-hdb-q4-070021819.html', 'site': 'finance', 'region': 'US', 'lang': 'en-US'}, 'clickThroughUrl': {'url': 'https://finance.yahoo.com/news/hdfc-bank-ltd-hdb-q4-070021819.html', 'site': 'finance', 'region': 'US', 'lang': 'en-US'}, 'metadata': {'editorsPick': False}, 'finance': {'premiumFinance': {'isPremiumNews': False, 'isPremiumFreeNews': False}}, 'storyline': None}", '{\'id\': \'4bfce8a9-2116-30eb-94ea-75ba088ddb5f\', \'contentType\': \'STORY\', \'title\': "India\'s HDFC Bank hits four-month high as deposit rate cut seen lifting margins", \'description\': \'\', \'summary\': "Shares of India\'s HDFC Bank rose as much as 4% on Tuesday to 1,876.80 rupees and were set for their best day in 10 months, after its deposit rate cuts were seen as a margin boost amid slowing loan growth in the industry.  India\'s largest private lender rose to 1,876.80 rupees as of 8:53 a.m. GMT, its highest since early December, after the bank cut savings deposit rates by 25 basis points across tiers - its first cut in the under-5-million-rupee ($58,263) category in five years.  Brokerage Macquarie said the rate cut could boost HDFC Bank\'s margins by five basis points starting the first quarter of fiscal 2026, while Jefferies estimated it would reduce costs on 23% of its deposits.", \'pubDate\': \'2025-04-15T08:47:24Z\', \'displayTime\': \'2025-04-15T08:47:24Z\', \'isHosted\': True, \'bypassModal\': False, \'previewUrl\': None, \'thumbnail\': {\'originalUrl\': \'https://media.zenfs.com/en/reuters.com/c16af189f4dcc9f240b5a384acfa4c16\', \'originalWidth\': 800, \'originalHeight\': 552, \'caption\': "The headquarters of India\'s HDFC bank is pictured in Mumbai", \'resolutions\': [{\'url\': \'https://s.yimg.com/uu/api/res/1.2/Y8sX7nGUC5jgaucS6RtWLg--~B/aD01NTI7dz04MDA7YXBwaWQ9eXRhY2h5b24-/https://media.zenfs.com/en/reuters.com/c16af189f4dcc9f240b5a384acfa4c16\', \'width\': 800, \'height\': 552, \'tag\': \'original\'}, {\'url\': \'https://s.yimg.com/uu/api/res/1.2/OM1nWpXIr62T21H_fAkbLw--~B/Zmk9c3RyaW07aD0xMjg7dz0xNzA7YXBwaWQ9eXRhY2h5b24-/https://media.zenfs.com/en/reuters.com/c16af189f4dcc9f240b5a384acfa4c16\', \'width\': 170, \'height\': 128, \'tag\': \'170x128\'}]}, \'provider\': {\'displayName\': \'Reuters\', \'url\': \'https://www.reuters.com/\'}, \'canonicalUrl\': {\'url\': \'https://sg.finance.yahoo.com/news/indias-hdfc-bank-hits-four-084724842.html\', \'site\': \'finance\', \'region\': \'SG\', \'lang\': \'en-SG\'}, \'clickThroughUrl\': {\'url\': \'https://finance.yahoo.com/news/indias-hdfc-bank-hits-four-084724842.html\', \'site\': \'finance\', \'region\': \'US\', \'lang\': \'en-US\'}, \'metadata\': {\'editorsPick\': False}, \'finance\': {\'premiumFinance\': {\'isPremiumNews\': False, \'isPremiumFreeNews\': False}}, \'storyline\': None}', "{'id': '2d731b88-f598-385f-8c54-d0b8e34a34be', 'contentType': 'STORY', 'title': 'HDFC Bank (HDB): The Best Indian Stock to Buy According to Billionaires', 'description': '', 'summary': 'We recently published a list of the 10 Best Indian Stocks to Buy According to Billionaires. In this article, we will take a look at where HDFC Bank Limited (NYSE:HDB) stands against other best Indian stocks. India’s stock market had a rough ride during the second half of FY25, amid uncertainty around US tariffs, weak […]', 'pubDate': '2025-04-14T14:11:48Z', 'displayTime': '2025-04-14T14:11:48Z', 'isHosted': True, 'bypassModal': False, 'previewUrl': None, 'thumbnail': {'originalUrl': 'https://media.zenfs.com/en/insidermonkey.com/666484a7dbf9a580c51efd5fef381187', 'originalWidth': 1456, 'originalHeight': 816, 'caption': 'Is HDFC Bank Limited (HDB) Among the Best Indian Stocks to Buy According to Billionaires?', 'resolutions': [{'url': 'https://s.yimg.com/uu/api/res/1.2/IKk5.O3E0m.0Vy3jsnFNyQ--~B/aD04MTY7dz0xNDU2O2FwcGlkPXl0YWNoeW9u/https://media.zenfs.com/en/insidermonkey.com/666484a7dbf9a580c51efd5fef381187', 'width': 1456, 'height': 816, 'tag': 'original'}, {'url': 'https://s.yimg.com/uu/api/res/1.2/Wfo.Vg5zsuFmyFPU6f8WXw--~B/Zmk9c3RyaW07aD0xMjg7dz0xNzA7YXBwaWQ9eXRhY2h5b24-/https://media.zenfs.com/en/insidermonkey.com/666484a7dbf9a580c51efd5fef381187', 'width': 170, 'height': 128, 'tag': '170x128'}]}, 'provider': {'displayName': 'Insider Monkey', 'url': 'http://www.insidermonkey.com'}, 'canonicalUrl': {'url': 'https://finance.yahoo.com/news/hdfc-bank-hdb-best-indian-141148135.html', 'site': 'finance', 'region': 'US', 'lang': 'en-US'}, 'clickThroughUrl': {'url': 'https://finance.yahoo.com/news/hdfc-bank-hdb-best-indian-141148135.html', 'site': 'finance', 'region': 'US', 'lang': 'en-US'}, 'metadata': {'editorsPick': False}, 'finance': {'premiumFinance': {'isPremiumNews': False, 'isPremiumFreeNews': False}}, 'storyline': None}"]
2025-05-25 00:00:21,910 - INFO - Sending prompt to LLM: 
            Analyze the sentiment of these recent news headlines for HDFCBANK.NS stock.
            Consider the overall tone, specific events, and market implications.
            
            Headlines:
            - {'id': '29c4caf5-a422-33e8-b735-e59f66299a75', 'contentType': 'STORY', 'title': 'Is the Options Market Predicting a Spike in HDFC Bank (HDB) Stock?', 'description': '', 'summary': 'Investors need to pay close attention to HDFC Bank (HDB) stock based on the movements in the options market lately.', 'pubDate': '2025-05-19T15:29:00Z', 'displayTime': '2025-05-19T15:29:00Z', 'isHosted': True, 'bypassModal': False, 'previewUrl': None, 'thumbnail': {'originalUrl': 'https://media.zenfs.com/en/zacks.com/9fff9f84f51f11966f715ae738f14e1c', 'originalWidth': 635, 'originalHeight': 400, 'caption': '', 'resolutions': [{'url': 'https://s.yimg.com/uu/api/res/1.2/C0A28mdnkvImCwAim9iKdA--~B/aD00MDA7dz02MzU7YXBwaWQ9eXRhY2h5b24-/https://media.zenfs.com/en/zacks.com/9fff9f84f51f11966f715ae738f14e1c', 'width': 635, 'height': 400, 'tag': 'original'}, {'url': 'https://s.yimg.com/uu/api/res/1.2/lb5OMPWWyNvq8R23p0SyrA--~B/Zmk9c3RyaW07aD0xMjg7dz0xNzA7YXBwaWQ9eXRhY2h5b24-/https://media.zenfs.com/en/zacks.com/9fff9f84f51f11966f715ae738f14e1c', 'width': 170, 'height': 128, 'tag': '170x128'}]}, 'provider': {'displayName': 'Zacks', 'url': 'http://www.zacks.com/'}, 'canonicalUrl': {'url': 'https://finance.yahoo.com/news/options-market-predicting-spike-hdfc-152900430.html', 'site': 'finance', 'region': 'US', 'lang': 'en-US'}, 'clickThroughUrl': {'url': 'https://finance.yahoo.com/news/options-market-predicting-spike-hdfc-152900430.html', 'site': 'finance', 'region': 'US', 'lang': 'en-US'}, 'metadata': {'editorsPick': False}, 'finance': {'premiumFinance': {'isPremiumNews': False, 'isPremiumFreeNews': False}}, 'storyline': None}
- {'id': '2fe253a0-593b-3021-b5f3-dc0736ca4672', 'contentType': 'STORY', 'title': 'Indian benchmarks log biggest five-day gains in four years as financials rally', 'description': '', 'summary': "India's benchmark indexes logged their biggest five-day gains since February 2021, boosted by heavyweight financials following better-than-expected earnings, while a weaker U.S. dollar further propped up investor sentiment.  The Nifty 50  gained 1.15% to 24,125.55 on Monday, while the BSE Sensex rose 1.09% to 79,408.50.  Financials, which comprise over 37% of the Nifty 50, have jumped 9.5% in five sessions and hit lifetime highs.", 'pubDate': '2025-04-21T02:43:42Z', 'displayTime': '2025-04-21T02:43:42Z', 'isHosted': True, 'bypassModal': False, 'previewUrl': None, 'thumbnail': {'originalUrl': 'https://media.zenfs.com/en/reuters.com/a29b30409a67269f7ab6188accf2caa9', 'originalWidth': 800, 'originalHeight': 542, 'caption': 'Men walk past a screen displaying market results outside the Bombay Stock Exchange (BSE) in Mumbai', 'resolutions': [{'url': 'https://s.yimg.com/uu/api/res/1.2/0wNn94tQJHO66RPLDPPPrg--~B/aD01NDI7dz04MDA7YXBwaWQ9eXRhY2h5b24-/https://media.zenfs.com/en/reuters.com/a29b30409a67269f7ab6188accf2caa9', 'width': 800, 'height': 542, 'tag': 'original'}, {'url': 'https://s.yimg.com/uu/api/res/1.2/leb_zy8aFZk9jKpa1IukhQ--~B/Zmk9c3RyaW07aD0xMjg7dz0xNzA7YXBwaWQ9eXRhY2h5b24-/https://media.zenfs.com/en/reuters.com/a29b30409a67269f7ab6188accf2caa9', 'width': 170, 'height': 128, 'tag': '170x128'}]}, 'provider': {'displayName': 'Reuters', 'url': 'https://www.reuters.com/'}, 'canonicalUrl': {'url': 'https://sg.finance.yahoo.com/news/indian-benchmarks-likely-open-flat-024342790.html', 'site': 'finance', 'region': 'SG', 'lang': 'en-SG'}, 'clickThroughUrl': {'url': 'https://finance.yahoo.com/news/indian-benchmarks-likely-open-flat-024342790.html', 'site': 'finance', 'region': 'US', 'lang': 'en-US'}, 'metadata': {'editorsPick': False}, 'finance': {'premiumFinance': {'isPremiumNews': False, 'isPremiumFreeNews': False}}, 'storyline': None}
- {'id': '2d323c37-703b-3340-837f-94ef3205fe1f', 'contentType': 'STORY', 'title': 'HDFC Bank Ltd (HDB) Q4 2025 Earnings Call Highlights: Strong Deposit Growth and Pristine Asset ...', 'description': '', 'summary': 'HDFC Bank Ltd (HDB) showcases robust financial stability with reduced credit deposit ratio and stable net interest margins, despite facing global economic challenges.', 'pubDate': '2025-04-20T07:00:21Z', 'displayTime': '2025-04-20T07:00:21Z', 'isHosted': True, 'bypassModal': False, 'previewUrl': None, 'thumbnail': {'originalUrl': 'https://media.zenfs.com/en/us.finance.gurufocus/5e2475e282daf59dda755837d90721a9', 'originalWidth': 134, 'originalHeight': 134, 'caption': '', 'resolutions': [{'url': 'https://s.yimg.com/uu/api/res/1.2/xlS5jajQAJ2k10VicwV6_g--~B/aD0xMzQ7dz0xMzQ7YXBwaWQ9eXRhY2h5b24-/https://media.zenfs.com/en/us.finance.gurufocus/5e2475e282daf59dda755837d90721a9', 'width': 134, 'height': 134, 'tag': 'original'}, {'url': 'https://s.yimg.com/uu/api/res/1.2/KEdqSExSYqgOD6Q4jIa7Tg--~B/Zmk9c3RyaW07aD0xMjg7dz0xNzA7YXBwaWQ9eXRhY2h5b24-/https://media.zenfs.com/en/us.finance.gurufocus/5e2475e282daf59dda755837d90721a9', 'width': 170, 'height': 128, 'tag': '170x128'}]}, 'provider': {'displayName': 'GuruFocus.com', 'url': 'http://www.gurufocus.com/'}, 'canonicalUrl': {'url': 'https://finance.yahoo.com/news/hdfc-bank-ltd-hdb-q4-070021819.html', 'site': 'finance', 'region': 'US', 'lang': 'en-US'}, 'clickThroughUrl': {'url': 'https://finance.yahoo.com/news/hdfc-bank-ltd-hdb-q4-070021819.html', 'site': 'finance', 'region': 'US', 'lang': 'en-US'}, 'metadata': {'editorsPick': False}, 'finance': {'premiumFinance': {'isPremiumNews': False, 'isPremiumFreeNews': False}}, 'storyline': None}
- {'id': '4bfce8a9-2116-30eb-94ea-75ba088ddb5f', 'contentType': 'STORY', 'title': "India's HDFC Bank hits four-month high as deposit rate cut seen lifting margins", 'description': '', 'summary': "Shares of India's HDFC Bank rose as much as 4% on Tuesday to 1,876.80 rupees and were set for their best day in 10 months, after its deposit rate cuts were seen as a margin boost amid slowing loan growth in the industry.  India's largest private lender rose to 1,876.80 rupees as of 8:53 a.m. GMT, its highest since early December, after the bank cut savings deposit rates by 25 basis points across tiers - its first cut in the under-5-million-rupee ($58,263) category in five years.  Brokerage Macquarie said the rate cut could boost HDFC Bank's margins by five basis points starting the first quarter of fiscal 2026, while Jefferies estimated it would reduce costs on 23% of its deposits.", 'pubDate': '2025-04-15T08:47:24Z', 'displayTime': '2025-04-15T08:47:24Z', 'isHosted': True, 'bypassModal': False, 'previewUrl': None, 'thumbnail': {'originalUrl': 'https://media.zenfs.com/en/reuters.com/c16af189f4dcc9f240b5a384acfa4c16', 'originalWidth': 800, 'originalHeight': 552, 'caption': "The headquarters of India's HDFC bank is pictured in Mumbai", 'resolutions': [{'url': 'https://s.yimg.com/uu/api/res/1.2/Y8sX7nGUC5jgaucS6RtWLg--~B/aD01NTI7dz04MDA7YXBwaWQ9eXRhY2h5b24-/https://media.zenfs.com/en/reuters.com/c16af189f4dcc9f240b5a384acfa4c16', 'width': 800, 'height': 552, 'tag': 'original'}, {'url': 'https://s.yimg.com/uu/api/res/1.2/OM1nWpXIr62T21H_fAkbLw--~B/Zmk9c3RyaW07aD0xMjg7dz0xNzA7YXBwaWQ9eXRhY2h5b24-/https://media.zenfs.com/en/reuters.com/c16af189f4dcc9f240b5a384acfa4c16', 'width': 170, 'height': 128, 'tag': '170x128'}]}, 'provider': {'displayName': 'Reuters', 'url': 'https://www.reuters.com/'}, 'canonicalUrl': {'url': 'https://sg.finance.yahoo.com/news/indias-hdfc-bank-hits-four-084724842.html', 'site': 'finance', 'region': 'SG', 'lang': 'en-SG'}, 'clickThroughUrl': {'url': 'https://finance.yahoo.com/news/indias-hdfc-bank-hits-four-084724842.html', 'site': 'finance', 'region': 'US', 'lang': 'en-US'}, 'metadata': {'editorsPick': False}, 'finance': {'premiumFinance': {'isPremiumNews': False, 'isPremiumFreeNews': False}}, 'storyline': None}
- {'id': '2d731b88-f598-385f-8c54-d0b8e34a34be', 'contentType': 'STORY', 'title': 'HDFC Bank (HDB): The Best Indian Stock to Buy According to Billionaires', 'description': '', 'summary': 'We recently published a list of the 10 Best Indian Stocks to Buy According to Billionaires. In this article, we will take a look at where HDFC Bank Limited (NYSE:HDB) stands against other best Indian stocks. India’s stock market had a rough ride during the second half of FY25, amid uncertainty around US tariffs, weak […]', 'pubDate': '2025-04-14T14:11:48Z', 'displayTime': '2025-04-14T14:11:48Z', 'isHosted': True, 'bypassModal': False, 'previewUrl': None, 'thumbnail': {'originalUrl': 'https://media.zenfs.com/en/insidermonkey.com/666484a7dbf9a580c51efd5fef381187', 'originalWidth': 1456, 'originalHeight': 816, 'caption': 'Is HDFC Bank Limited (HDB) Among the Best Indian Stocks to Buy According to Billionaires?', 'resolutions': [{'url': 'https://s.yimg.com/uu/api/res/1.2/IKk5.O3E0m.0Vy3jsnFNyQ--~B/aD04MTY7dz0xNDU2O2FwcGlkPXl0YWNoeW9u/https://media.zenfs.com/en/insidermonkey.com/666484a7dbf9a580c51efd5fef381187', 'width': 1456, 'height': 816, 'tag': 'original'}, {'url': 'https://s.yimg.com/uu/api/res/1.2/Wfo.Vg5zsuFmyFPU6f8WXw--~B/Zmk9c3RyaW07aD0xMjg7dz0xNzA7YXBwaWQ9eXRhY2h5b24-/https://media.zenfs.com/en/insidermonkey.com/666484a7dbf9a580c51efd5fef381187', 'width': 170, 'height': 128, 'tag': '170x128'}]}, 'provider': {'displayName': 'Insider Monkey', 'url': 'http://www.insidermonkey.com'}, 'canonicalUrl': {'url': 'https://finance.yahoo.com/news/hdfc-bank-hdb-best-indian-141148135.html', 'site': 'finance', 'region': 'US', 'lang': 'en-US'}, 'clickThroughUrl': {'url': 'https://finance.yahoo.com/news/hdfc-bank-hdb-best-indian-141148135.html', 'site': 'finance', 'region': 'US', 'lang': 'en-US'}, 'metadata': {'editorsPick': False}, 'finance': {'premiumFinance': {'isPremiumNews': False, 'isPremiumFreeNews': False}}, 'storyline': None}
            
            Provide your analysis in this exact format (include all sections):
            
            SENTIMENT: [POSITIVE/NEGATIVE/NEUTRAL]
            CONFIDENCE: [0-100]
            KEY_THEMES: [comma-separated list of 2-3 key themes or topics]
            
            Be specific and focus on actionable insights. If unsure, mark as NEUTRAL with 50 confidence.
            
2025-05-25 00:00:21,911 - INFO - Sending request to Ollama with model: llama3.2:latest
2025-05-25 00:00:36,760 - INFO - Ollama response status: 200
2025-05-25 00:00:36,762 - INFO - Received LLM response: SENTIMENT: POSITIVE
CONFIDENCE: 80
KEY_THEMES: HDFC Bank's strong financials, deposit rate cuts, margin boosts, Indian stock market rally, billionaire recommendations

Analysis:

The recent news headlines for HDFCBANK.NS stock suggest a positive sentiment towards the company. The headlines highlight HDFC Bank's strong financial performance, including reduced credit deposit ratio and stable net interest margins, despite facing global economic challenges.

The options market is predicting a spike in HDFC Bank stock, indicating investor confidence in the company's prospects. The bank's decision to cut savings deposit rates has been seen as a margin boost, with brokerage Macquarie estimating a five basis point increase in margins starting from the first quarter of fiscal 2026.

Furthermore, HDFC Bank has been recommended as one of the best Indian stocks to buy according to billionaires, indicating a positive sentiment among high-net-worth individuals. The Indian stock market has also rallied, with benchmarks logging their biggest five-day gains
2025-05-25 00:00:36,762 - INFO - Parsed sentiment result: {'sentiment': 'POSITIVE', 'confidence': 80, 'themes': []}
2025-05-25 00:00:36,762 - INFO - 
Sentiment Analysis Results:
2025-05-25 00:00:36,762 - INFO - Stock: HDFCBANK.NS
2025-05-25 00:00:36,762 - INFO - Sentiment: POSITIVE
2025-05-25 00:00:36,762 - INFO - Confidence: 80
2025-05-25 00:00:36,762 - INFO - Themes: None
2025-05-25 00:00:38,767 - INFO - 
Testing sector analysis...
2025-05-25 00:00:38,770 - INFO - Sending request to Ollama with model: llama3.2:latest
2025-05-25 00:00:44,384 - INFO - Ollama response status: 200
2025-05-25 00:00:44,385 - INFO - 
Sector Analysis Results:
2025-05-25 00:00:44,385 - INFO - Sector: Technology
2025-05-25 00:00:44,385 - INFO - Outlook: NEUTRAL
2025-05-25 00:00:44,385 - INFO - Drivers: None
2025-05-25 00:00:44,385 - INFO - Risks: None
2025-05-25 00:00:44,385 - INFO - 
Test completed. Check sentiment_analysis.log for detailed logs.
2025-05-25 00:03:56,486 - INFO - Starting sentiment analysis test...
2025-05-25 00:03:56,486 - INFO - 
==================================================
2025-05-25 00:03:56,486 - INFO - Testing sentiment analysis for RELIANCE.NS
2025-05-25 00:03:56,486 - INFO - ==================================================
2025-05-25 00:03:56,487 - INFO - Fetching news for ticker: RELIANCE.NS
2025-05-25 00:03:57,324 - INFO - Found 10 total news items from Yahoo Finance
2025-05-25 00:03:57,325 - INFO - Found 5 relevant headlines from Yahoo Finance for RELIANCE.NS
2025-05-25 00:03:57,325 - INFO - Analyzing sentiment for RELIANCE.NS with headlines: ['{\'id\': \'506744b7-1fb8-33ce-a5ec-96487d533aa2\', \'contentType\': \'STORY\', \'title\': "India\'s Reliance to start solar module factory this year, exec says", \'description\': \'\', \'summary\': \'"We are today building three bigger factories... in order to produce clean energy requirements," said Partha P Maitra, President, Strategy and Initiatives at Reliance Industries.  Reliance aims to eventually scale up solar module capacity to 20 GW per year, Maitra said.\', \'pubDate\': \'2025-05-22T07:37:54Z\', \'displayTime\': \'2025-05-22T07:37:54Z\', \'isHosted\': True, \'bypassModal\': False, \'previewUrl\': None, \'thumbnail\': {\'originalUrl\': \'https://media.zenfs.com/en/reuters.com/80df2ac4029b940dcceda9cdeca654c7\', \'originalWidth\': 800, \'originalHeight\': 580, \'caption\': \'FILE PHOTO: A guard walks past the Reliance Industries logo near the entrance of Dhirubhai Ambani Knowledge City in Navi Mumbai\', \'resolutions\': [{\'url\': \'https://s.yimg.com/uu/api/res/1.2/b.BMyZSgLRcIhJeC8otx8w--~B/aD01ODA7dz04MDA7YXBwaWQ9eXRhY2h5b24-/https://media.zenfs.com/en/reuters.com/80df2ac4029b940dcceda9cdeca654c7\', \'width\': 800, \'height\': 580, \'tag\': \'original\'}, {\'url\': \'https://s.yimg.com/uu/api/res/1.2/wDgHem_ZaNykvF3P5vQbcA--~B/Zmk9c3RyaW07aD0xMjg7dz0xNzA7YXBwaWQ9eXRhY2h5b24-/https://media.zenfs.com/en/reuters.com/80df2ac4029b940dcceda9cdeca654c7\', \'width\': 170, \'height\': 128, \'tag\': \'170x128\'}]}, \'provider\': {\'displayName\': \'Reuters\', \'url\': \'https://www.reuters.com/\'}, \'canonicalUrl\': {\'url\': \'https://sg.finance.yahoo.com/news/indias-reliance-start-solar-module-073754086.html\', \'site\': \'finance\', \'region\': \'SG\', \'lang\': \'en-SG\'}, \'clickThroughUrl\': {\'url\': \'https://finance.yahoo.com/news/indias-reliance-start-solar-module-073754086.html\', \'site\': \'finance\', \'region\': \'US\', \'lang\': \'en-US\'}, \'metadata\': {\'editorsPick\': False}, \'finance\': {\'premiumFinance\': {\'isPremiumNews\': False, \'isPremiumFreeNews\': False}}, \'storyline\': None}', '{\'id\': \'3733040f-ca67-3706-bb76-0c2601eb765f\', \'contentType\': \'STORY\', \'title\': \'Indian billionaire Ambani to meet Trump, Qatar emir in Doha, sources say\', \'description\': \'\', \'summary\': "NEW DELHI (Reuters) -Indian billionaire Mukesh Ambani will meet U.S. President Donald Trump and the emir of Qatar in Doha on Wednesday, two sources told Reuters, as his company Reliance Industries looks to foster ties with authorities in both nations.  Qatar\'s sovereign wealth fund, QIA, has invested in Reliance businesses over the years, and Ambani, who is Asia\'s richest man, has many business partnerships with the likes of U.S. tech giants such as Google and Meta.  Ambani will attend a state dinner for Trump at the Lusail Palace in Doha, but did not plan to hold any investment or business discussions, said the first source, who had direct knowledge of the matter.", \'pubDate\': \'2025-05-14T09:08:43Z\', \'displayTime\': \'2025-05-14T09:08:43Z\', \'isHosted\': True, \'bypassModal\': False, \'previewUrl\': None, \'thumbnail\': {\'originalUrl\': \'https://media.zenfs.com/en/reuters-finance.com/f79808db95b5eba52463805745f17d86\', \'originalWidth\': 800, \'originalHeight\': 533, \'caption\': \'Vibrant Gujarat Global Summit, in Gandhinagar\', \'resolutions\': [{\'url\': \'https://s.yimg.com/uu/api/res/1.2/htbhm6Cq9xaBPdxvZdWKkg--~B/aD01MzM7dz04MDA7YXBwaWQ9eXRhY2h5b24-/https://media.zenfs.com/en/reuters-finance.com/f79808db95b5eba52463805745f17d86\', \'width\': 800, \'height\': 533, \'tag\': \'original\'}, {\'url\': \'https://s.yimg.com/uu/api/res/1.2/Z.8vQN0k4QsVbd2PoPyuXw--~B/Zmk9c3RyaW07aD0xMjg7dz0xNzA7YXBwaWQ9eXRhY2h5b24-/https://media.zenfs.com/en/reuters-finance.com/f79808db95b5eba52463805745f17d86\', \'width\': 170, \'height\': 128, \'tag\': \'170x128\'}]}, \'provider\': {\'displayName\': \'Reuters\', \'url\': \'http://www.reuters.com/\'}, \'canonicalUrl\': {\'url\': \'https://finance.yahoo.com/news/indian-billionaire-ambani-meet-trump-090843484.html\', \'site\': \'finance\', \'region\': \'US\', \'lang\': \'en-US\'}, \'clickThroughUrl\': {\'url\': \'https://finance.yahoo.com/news/indian-billionaire-ambani-meet-trump-090843484.html\', \'site\': \'finance\', \'region\': \'US\', \'lang\': \'en-US\'}, \'metadata\': {\'editorsPick\': False}, \'finance\': {\'premiumFinance\': {\'isPremiumNews\': False, \'isPremiumFreeNews\': False}}, \'storyline\': None}', '{\'id\': \'7d82daf0-c9e4-38f0-83fd-30ea4e4a7680\', \'contentType\': \'STORY\', \'title\': "India\'s April diesel exports likely hit lowest level in over a decade, sources say", \'description\': \'\', \'summary\': \'SINGAPORE (Reuters) -India\\\'s diesel exports likely hit their lowest level in over a decade in April as major exporter Reliance cut refining output for maintenance at a time when domestic demand was robust, trade sources and analysts said.  India, one of Asia\\\'s top-three diesel exporters, exported around 1.15 million metric tons (9.69 million barrels) of the industrial and transportation fuel in April, an average of data from LSEG, Kpler, Vortexa and two trade sources showed.  "The unexpectedly low outflows from India for April resulted in limited supplies heading for Asia and Europe," LSEG Oil Research senior analyst Charles Ong wrote in a note.\', \'pubDate\': \'2025-05-06T07:45:00Z\', \'displayTime\': \'2025-05-06T07:45:00Z\', \'isHosted\': True, \'bypassModal\': False, \'previewUrl\': None, \'thumbnail\': {\'originalUrl\': \'https://media.zenfs.com/en/reuters.com/33e703c88677146cc6eb02247020c872\', \'originalWidth\': 800, \'originalHeight\': 501, \'caption\': \'A worker fills diesel in a container at a fuel station in Kolkata\', \'resolutions\': [{\'url\': \'https://s.yimg.com/uu/api/res/1.2/I9VdEjunE8gc34d8h6uCxQ--~B/aD01MDE7dz04MDA7YXBwaWQ9eXRhY2h5b24-/https://media.zenfs.com/en/reuters.com/33e703c88677146cc6eb02247020c872\', \'width\': 800, \'height\': 501, \'tag\': \'original\'}, {\'url\': \'https://s.yimg.com/uu/api/res/1.2/dfzgU7L7iSSD0lDuCQNgjw--~B/Zmk9c3RyaW07aD0xMjg7dz0xNzA7YXBwaWQ9eXRhY2h5b24-/https://media.zenfs.com/en/reuters.com/33e703c88677146cc6eb02247020c872\', \'width\': 170, \'height\': 128, \'tag\': \'170x128\'}]}, \'provider\': {\'displayName\': \'Reuters\', \'url\': \'https://www.reuters.com/\'}, \'canonicalUrl\': {\'url\': \'https://sg.finance.yahoo.com/news/indias-april-diesel-exports-likely-074500388.html\', \'site\': \'finance\', \'region\': \'SG\', \'lang\': \'en-SG\'}, \'clickThroughUrl\': {\'url\': \'https://finance.yahoo.com/news/indias-april-diesel-exports-likely-074500388.html\', \'site\': \'finance\', \'region\': \'US\', \'lang\': \'en-US\'}, \'metadata\': {\'editorsPick\': False}, \'finance\': {\'premiumFinance\': {\'isPremiumNews\': False, \'isPremiumFreeNews\': False}}, \'storyline\': None}', '{\'id\': \'18b5c5c2-5d65-3bf6-b0bd-aee865e45f42\', \'contentType\': \'VIDEO\', \'title\': "How Ambani\'s Campa Cola is Hurting Coke, Pepsi in India", \'description\': "Asia\'s richest man, Mukesh Ambani, is challenging Coca-Cola and PepsiCo\'s dominance in India with Reliance Industries\' Campa Cola brand.\\nBloomberg\'s Satviki Sanjay appeared on Insight with Haslinda Amin to discuss what\'s behind the growing success of the brand.", \'summary\': "Asia\'s richest man, Mukesh Ambani, is challenging Coca-Cola and PepsiCo\'s dominance in India with Reliance Industries\' Campa Cola brand. Bloomberg\'s Satviki Sanjay appeared on Insight with Haslinda Amin to discuss what\'s behind the growing success of the brand.", \'pubDate\': \'2025-05-06T05:36:43Z\', \'displayTime\': \'\', \'isHosted\': True, \'bypassModal\': False, \'previewUrl\': None, \'thumbnail\': {\'originalUrl\': \'https://media.zenfs.com/en/bloomberg_markets_video_2/12310404b077c8de4f929ec72b95679d\', \'originalWidth\': 1280, \'originalHeight\': 720, \'caption\': \'\', \'resolutions\': [{\'url\': \'https://s.yimg.com/uu/api/res/1.2/kB_Nhx1U6kkOYfbwbkrPLA--~B/aD03MjA7dz0xMjgwO2FwcGlkPXl0YWNoeW9u/https://media.zenfs.com/en/bloomberg_markets_video_2/12310404b077c8de4f929ec72b95679d\', \'width\': 1280, \'height\': 720, \'tag\': \'original\'}, {\'url\': \'https://s.yimg.com/uu/api/res/1.2/3QIyuTdJS_HRkieGNQAoHQ--~B/Zmk9c3RyaW07aD0xMjg7dz0xNzA7YXBwaWQ9eXRhY2h5b24-/https://media.zenfs.com/en/bloomberg_markets_video_2/12310404b077c8de4f929ec72b95679d\', \'width\': 170, \'height\': 128, \'tag\': \'170x128\'}]}, \'provider\': {\'displayName\': \'Bloomberg\', \'url\': \'https://www.bloomberg.com/\'}, \'canonicalUrl\': {\'url\': \'https://finance.yahoo.com/video/ambanis-campa-cola-hurting-coke-053643944.html\', \'site\': \'finance\', \'region\': \'US\', \'lang\': \'en-US\'}, \'clickThroughUrl\': {\'url\': \'https://finance.yahoo.com/video/ambanis-campa-cola-hurting-coke-053643944.html\', \'site\': \'finance\', \'region\': \'US\', \'lang\': \'en-US\'}, \'metadata\': {\'editorsPick\': False}, \'finance\': {\'premiumFinance\': {\'isPremiumNews\': False, \'isPremiumFreeNews\': False}}, \'storyline\': None}', "{'id': 'e31eb9d7-b117-4bc3-bd2a-d0f79716b1eb', 'contentType': 'STORY', 'title': 'Trending tickers: Deliveroo, Reliance, Toyota, Novavax and M&S', 'description': '', 'summary': 'The latest investor updates on stocks that are trending on Monday', 'pubDate': '2025-04-28T09:44:36Z', 'displayTime': '2025-04-28T09:44:36Z', 'isHosted': True, 'bypassModal': False, 'previewUrl': None, 'thumbnail': {'originalUrl': 'https://s.yimg.com/os/creatr-uploaded-images/2025-04/d9028e40-2412-11f0-a77e-e6460752fb57', 'originalWidth': 4313, 'originalHeight': 2871, 'caption': '', 'resolutions': [{'url': 'https://s.yimg.com/uu/api/res/1.2/L13AVNw_ziMsQdRzLif9Fg--~B/aD0yODcxO3c9NDMxMzthcHBpZD15dGFjaHlvbg--/https://s.yimg.com/os/creatr-uploaded-images/2025-04/d9028e40-2412-11f0-a77e-e6460752fb57', 'width': 4313, 'height': 2871, 'tag': 'original'}, {'url': 'https://s.yimg.com/uu/api/res/1.2/gzlCxUYD4cjqGXjxHfGu9g--~B/Zmk9c3RyaW07aD0xMjg7dz0xNzA7YXBwaWQ9eXRhY2h5b24-/https://s.yimg.com/os/creatr-uploaded-images/2025-04/d9028e40-2412-11f0-a77e-e6460752fb57', 'width': 170, 'height': 128, 'tag': '170x128'}]}, 'provider': {'displayName': 'Yahoo Finance UK', 'url': 'http://uk.finance.yahoo.com/'}, 'canonicalUrl': {'url': 'https://uk.finance.yahoo.com/news/deliveroo-reliance-toyota-novavax-ms-trending-tickers-094342819.html', 'site': 'finance', 'region': 'GB', 'lang': 'en-GB'}, 'clickThroughUrl': {'url': 'https://finance.yahoo.com/news/deliveroo-reliance-toyota-novavax-ms-trending-tickers-094342819.html', 'site': 'finance', 'region': 'US', 'lang': 'en-US'}, 'metadata': {'editorsPick': False}, 'finance': {'premiumFinance': {'isPremiumNews': False, 'isPremiumFreeNews': False}}, 'storyline': None}"]
2025-05-25 00:03:57,326 - INFO - Sending prompt to LLM: 
            Analyze the sentiment of these recent news headlines for RELIANCE.NS stock.
            Consider the overall tone, specific events, and market implications.
            
            Headlines:
            - {'id': '506744b7-1fb8-33ce-a5ec-96487d533aa2', 'contentType': 'STORY', 'title': "India's Reliance to start solar module factory this year, exec says", 'description': '', 'summary': '"We are today building three bigger factories... in order to produce clean energy requirements," said Partha P Maitra, President, Strategy and Initiatives at Reliance Industries.  Reliance aims to eventually scale up solar module capacity to 20 GW per year, Maitra said.', 'pubDate': '2025-05-22T07:37:54Z', 'displayTime': '2025-05-22T07:37:54Z', 'isHosted': True, 'bypassModal': False, 'previewUrl': None, 'thumbnail': {'originalUrl': 'https://media.zenfs.com/en/reuters.com/80df2ac4029b940dcceda9cdeca654c7', 'originalWidth': 800, 'originalHeight': 580, 'caption': 'FILE PHOTO: A guard walks past the Reliance Industries logo near the entrance of Dhirubhai Ambani Knowledge City in Navi Mumbai', 'resolutions': [{'url': 'https://s.yimg.com/uu/api/res/1.2/b.BMyZSgLRcIhJeC8otx8w--~B/aD01ODA7dz04MDA7YXBwaWQ9eXRhY2h5b24-/https://media.zenfs.com/en/reuters.com/80df2ac4029b940dcceda9cdeca654c7', 'width': 800, 'height': 580, 'tag': 'original'}, {'url': 'https://s.yimg.com/uu/api/res/1.2/wDgHem_ZaNykvF3P5vQbcA--~B/Zmk9c3RyaW07aD0xMjg7dz0xNzA7YXBwaWQ9eXRhY2h5b24-/https://media.zenfs.com/en/reuters.com/80df2ac4029b940dcceda9cdeca654c7', 'width': 170, 'height': 128, 'tag': '170x128'}]}, 'provider': {'displayName': 'Reuters', 'url': 'https://www.reuters.com/'}, 'canonicalUrl': {'url': 'https://sg.finance.yahoo.com/news/indias-reliance-start-solar-module-073754086.html', 'site': 'finance', 'region': 'SG', 'lang': 'en-SG'}, 'clickThroughUrl': {'url': 'https://finance.yahoo.com/news/indias-reliance-start-solar-module-073754086.html', 'site': 'finance', 'region': 'US', 'lang': 'en-US'}, 'metadata': {'editorsPick': False}, 'finance': {'premiumFinance': {'isPremiumNews': False, 'isPremiumFreeNews': False}}, 'storyline': None}
- {'id': '3733040f-ca67-3706-bb76-0c2601eb765f', 'contentType': 'STORY', 'title': 'Indian billionaire Ambani to meet Trump, Qatar emir in Doha, sources say', 'description': '', 'summary': "NEW DELHI (Reuters) -Indian billionaire Mukesh Ambani will meet U.S. President Donald Trump and the emir of Qatar in Doha on Wednesday, two sources told Reuters, as his company Reliance Industries looks to foster ties with authorities in both nations.  Qatar's sovereign wealth fund, QIA, has invested in Reliance businesses over the years, and Ambani, who is Asia's richest man, has many business partnerships with the likes of U.S. tech giants such as Google and Meta.  Ambani will attend a state dinner for Trump at the Lusail Palace in Doha, but did not plan to hold any investment or business discussions, said the first source, who had direct knowledge of the matter.", 'pubDate': '2025-05-14T09:08:43Z', 'displayTime': '2025-05-14T09:08:43Z', 'isHosted': True, 'bypassModal': False, 'previewUrl': None, 'thumbnail': {'originalUrl': 'https://media.zenfs.com/en/reuters-finance.com/f79808db95b5eba52463805745f17d86', 'originalWidth': 800, 'originalHeight': 533, 'caption': 'Vibrant Gujarat Global Summit, in Gandhinagar', 'resolutions': [{'url': 'https://s.yimg.com/uu/api/res/1.2/htbhm6Cq9xaBPdxvZdWKkg--~B/aD01MzM7dz04MDA7YXBwaWQ9eXRhY2h5b24-/https://media.zenfs.com/en/reuters-finance.com/f79808db95b5eba52463805745f17d86', 'width': 800, 'height': 533, 'tag': 'original'}, {'url': 'https://s.yimg.com/uu/api/res/1.2/Z.8vQN0k4QsVbd2PoPyuXw--~B/Zmk9c3RyaW07aD0xMjg7dz0xNzA7YXBwaWQ9eXRhY2h5b24-/https://media.zenfs.com/en/reuters-finance.com/f79808db95b5eba52463805745f17d86', 'width': 170, 'height': 128, 'tag': '170x128'}]}, 'provider': {'displayName': 'Reuters', 'url': 'http://www.reuters.com/'}, 'canonicalUrl': {'url': 'https://finance.yahoo.com/news/indian-billionaire-ambani-meet-trump-090843484.html', 'site': 'finance', 'region': 'US', 'lang': 'en-US'}, 'clickThroughUrl': {'url': 'https://finance.yahoo.com/news/indian-billionaire-ambani-meet-trump-090843484.html', 'site': 'finance', 'region': 'US', 'lang': 'en-US'}, 'metadata': {'editorsPick': False}, 'finance': {'premiumFinance': {'isPremiumNews': False, 'isPremiumFreeNews': False}}, 'storyline': None}
- {'id': '7d82daf0-c9e4-38f0-83fd-30ea4e4a7680', 'contentType': 'STORY', 'title': "India's April diesel exports likely hit lowest level in over a decade, sources say", 'description': '', 'summary': 'SINGAPORE (Reuters) -India\'s diesel exports likely hit their lowest level in over a decade in April as major exporter Reliance cut refining output for maintenance at a time when domestic demand was robust, trade sources and analysts said.  India, one of Asia\'s top-three diesel exporters, exported around 1.15 million metric tons (9.69 million barrels) of the industrial and transportation fuel in April, an average of data from LSEG, Kpler, Vortexa and two trade sources showed.  "The unexpectedly low outflows from India for April resulted in limited supplies heading for Asia and Europe," LSEG Oil Research senior analyst Charles Ong wrote in a note.', 'pubDate': '2025-05-06T07:45:00Z', 'displayTime': '2025-05-06T07:45:00Z', 'isHosted': True, 'bypassModal': False, 'previewUrl': None, 'thumbnail': {'originalUrl': 'https://media.zenfs.com/en/reuters.com/33e703c88677146cc6eb02247020c872', 'originalWidth': 800, 'originalHeight': 501, 'caption': 'A worker fills diesel in a container at a fuel station in Kolkata', 'resolutions': [{'url': 'https://s.yimg.com/uu/api/res/1.2/I9VdEjunE8gc34d8h6uCxQ--~B/aD01MDE7dz04MDA7YXBwaWQ9eXRhY2h5b24-/https://media.zenfs.com/en/reuters.com/33e703c88677146cc6eb02247020c872', 'width': 800, 'height': 501, 'tag': 'original'}, {'url': 'https://s.yimg.com/uu/api/res/1.2/dfzgU7L7iSSD0lDuCQNgjw--~B/Zmk9c3RyaW07aD0xMjg7dz0xNzA7YXBwaWQ9eXRhY2h5b24-/https://media.zenfs.com/en/reuters.com/33e703c88677146cc6eb02247020c872', 'width': 170, 'height': 128, 'tag': '170x128'}]}, 'provider': {'displayName': 'Reuters', 'url': 'https://www.reuters.com/'}, 'canonicalUrl': {'url': 'https://sg.finance.yahoo.com/news/indias-april-diesel-exports-likely-074500388.html', 'site': 'finance', 'region': 'SG', 'lang': 'en-SG'}, 'clickThroughUrl': {'url': 'https://finance.yahoo.com/news/indias-april-diesel-exports-likely-074500388.html', 'site': 'finance', 'region': 'US', 'lang': 'en-US'}, 'metadata': {'editorsPick': False}, 'finance': {'premiumFinance': {'isPremiumNews': False, 'isPremiumFreeNews': False}}, 'storyline': None}
- {'id': '18b5c5c2-5d65-3bf6-b0bd-aee865e45f42', 'contentType': 'VIDEO', 'title': "How Ambani's Campa Cola is Hurting Coke, Pepsi in India", 'description': "Asia's richest man, Mukesh Ambani, is challenging Coca-Cola and PepsiCo's dominance in India with Reliance Industries' Campa Cola brand.\nBloomberg's Satviki Sanjay appeared on Insight with Haslinda Amin to discuss what's behind the growing success of the brand.", 'summary': "Asia's richest man, Mukesh Ambani, is challenging Coca-Cola and PepsiCo's dominance in India with Reliance Industries' Campa Cola brand. Bloomberg's Satviki Sanjay appeared on Insight with Haslinda Amin to discuss what's behind the growing success of the brand.", 'pubDate': '2025-05-06T05:36:43Z', 'displayTime': '', 'isHosted': True, 'bypassModal': False, 'previewUrl': None, 'thumbnail': {'originalUrl': 'https://media.zenfs.com/en/bloomberg_markets_video_2/12310404b077c8de4f929ec72b95679d', 'originalWidth': 1280, 'originalHeight': 720, 'caption': '', 'resolutions': [{'url': 'https://s.yimg.com/uu/api/res/1.2/kB_Nhx1U6kkOYfbwbkrPLA--~B/aD03MjA7dz0xMjgwO2FwcGlkPXl0YWNoeW9u/https://media.zenfs.com/en/bloomberg_markets_video_2/12310404b077c8de4f929ec72b95679d', 'width': 1280, 'height': 720, 'tag': 'original'}, {'url': 'https://s.yimg.com/uu/api/res/1.2/3QIyuTdJS_HRkieGNQAoHQ--~B/Zmk9c3RyaW07aD0xMjg7dz0xNzA7YXBwaWQ9eXRhY2h5b24-/https://media.zenfs.com/en/bloomberg_markets_video_2/12310404b077c8de4f929ec72b95679d', 'width': 170, 'height': 128, 'tag': '170x128'}]}, 'provider': {'displayName': 'Bloomberg', 'url': 'https://www.bloomberg.com/'}, 'canonicalUrl': {'url': 'https://finance.yahoo.com/video/ambanis-campa-cola-hurting-coke-053643944.html', 'site': 'finance', 'region': 'US', 'lang': 'en-US'}, 'clickThroughUrl': {'url': 'https://finance.yahoo.com/video/ambanis-campa-cola-hurting-coke-053643944.html', 'site': 'finance', 'region': 'US', 'lang': 'en-US'}, 'metadata': {'editorsPick': False}, 'finance': {'premiumFinance': {'isPremiumNews': False, 'isPremiumFreeNews': False}}, 'storyline': None}
- {'id': 'e31eb9d7-b117-4bc3-bd2a-d0f79716b1eb', 'contentType': 'STORY', 'title': 'Trending tickers: Deliveroo, Reliance, Toyota, Novavax and M&S', 'description': '', 'summary': 'The latest investor updates on stocks that are trending on Monday', 'pubDate': '2025-04-28T09:44:36Z', 'displayTime': '2025-04-28T09:44:36Z', 'isHosted': True, 'bypassModal': False, 'previewUrl': None, 'thumbnail': {'originalUrl': 'https://s.yimg.com/os/creatr-uploaded-images/2025-04/d9028e40-2412-11f0-a77e-e6460752fb57', 'originalWidth': 4313, 'originalHeight': 2871, 'caption': '', 'resolutions': [{'url': 'https://s.yimg.com/uu/api/res/1.2/L13AVNw_ziMsQdRzLif9Fg--~B/aD0yODcxO3c9NDMxMzthcHBpZD15dGFjaHlvbg--/https://s.yimg.com/os/creatr-uploaded-images/2025-04/d9028e40-2412-11f0-a77e-e6460752fb57', 'width': 4313, 'height': 2871, 'tag': 'original'}, {'url': 'https://s.yimg.com/uu/api/res/1.2/gzlCxUYD4cjqGXjxHfGu9g--~B/Zmk9c3RyaW07aD0xMjg7dz0xNzA7YXBwaWQ9eXRhY2h5b24-/https://s.yimg.com/os/creatr-uploaded-images/2025-04/d9028e40-2412-11f0-a77e-e6460752fb57', 'width': 170, 'height': 128, 'tag': '170x128'}]}, 'provider': {'displayName': 'Yahoo Finance UK', 'url': 'http://uk.finance.yahoo.com/'}, 'canonicalUrl': {'url': 'https://uk.finance.yahoo.com/news/deliveroo-reliance-toyota-novavax-ms-trending-tickers-094342819.html', 'site': 'finance', 'region': 'GB', 'lang': 'en-GB'}, 'clickThroughUrl': {'url': 'https://finance.yahoo.com/news/deliveroo-reliance-toyota-novavax-ms-trending-tickers-094342819.html', 'site': 'finance', 'region': 'US', 'lang': 'en-US'}, 'metadata': {'editorsPick': False}, 'finance': {'premiumFinance': {'isPremiumNews': False, 'isPremiumFreeNews': False}}, 'storyline': None}
            
            Provide your analysis in this exact format (include all sections):
            
            SENTIMENT: [POSITIVE/NEGATIVE/NEUTRAL]
            CONFIDENCE: [0-100]
            KEY_THEMES: [comma-separated list of 2-3 key themes or topics]
            
            Be specific and focus on actionable insights. If unsure, mark as NEUTRAL with 50 confidence.
            
2025-05-25 00:03:57,326 - INFO - Sending request to Ollama with model: llama3.2:latest
2025-05-25 00:04:13,666 - INFO - Ollama response status: 200
2025-05-25 00:04:13,668 - INFO - Received LLM response: SENTIMENT: NEUTRAL
CONFIDENCE: 50

KEY_THEMES: Reliance Industries' expansion into solar energy, Mukesh Ambani's business meetings with Trump and the Qatar emir, impact of Campa Cola on Coca-Cola and PepsiCo in India.

Analysis:

The recent news headlines provide a mix of neutral and slightly positive sentiments. The first headline about Reliance starting a solar module factory this year is positive, indicating a growth in clean energy production. However, the second headline about Ambani's meeting with Trump and the Qatar emir does not provide any specific information on business deals or investments, making it difficult to gauge the sentiment.

The third headline about India's April diesel exports likely hitting their lowest level in over a decade is negative, indicating a decline in Reliance's export business. However, this event seems to be an isolated incident and does not have a significant impact on the overall sentiment of the company.

The fourth headline about Campa Cola hurting Coca
2025-05-25 00:04:13,669 - INFO - Parsed sentiment result: {'sentiment': 'NEUTRAL', 'confidence': 50, 'themes': []}
2025-05-25 00:04:13,669 - INFO - 
Sentiment Analysis Results:
2025-05-25 00:04:13,669 - INFO - Stock: RELIANCE.NS
2025-05-25 00:04:13,669 - INFO - Sentiment: NEUTRAL
2025-05-25 00:04:13,669 - INFO - Confidence: 50
2025-05-25 00:04:13,669 - INFO - Themes: None
2025-05-25 00:04:15,675 - INFO - 
==================================================
2025-05-25 00:04:15,676 - INFO - Testing sentiment analysis for TCS.NS
2025-05-25 00:04:15,676 - INFO - ==================================================
2025-05-25 00:04:15,678 - INFO - Fetching news for ticker: TCS.NS
2025-05-25 00:04:16,502 - INFO - Found 10 total news items from Yahoo Finance
2025-05-25 00:04:16,503 - INFO - Found 5 relevant headlines from Yahoo Finance for TCS.NS
2025-05-25 00:04:16,503 - INFO - Analyzing sentiment for TCS.NS with headlines: ["{'id': '1bb70d34-f3a3-3347-bbd9-cd7965d6824f', 'contentType': 'STORY', 'title': 'Tata Consultancy Services carries out internal probe into M&S hack, FT reports', 'description': '', 'summary': 'M&S declined to comment and TCS did not immediately respond to a Reuters request for comment.  The cyberattack which M&S disclosed in April will cost the company about 300 million pounds ($404.9 million) in lost operating profit, and disruption to online services is likely until July.', 'pubDate': '2025-05-23T10:44:27Z', 'displayTime': '2025-05-23T10:44:27Z', 'isHosted': True, 'bypassModal': False, 'previewUrl': None, 'thumbnail': {'originalUrl': 'https://media.zenfs.com/en/reuters.com/d608865eabed4b90a88270d90a6e47b5', 'originalWidth': 800, 'originalHeight': 505, 'caption': 'Illustration shows TCS: Tata Consultancy Services logo', 'resolutions': [{'url': 'https://s.yimg.com/uu/api/res/1.2/tm.iNfN97Y5xaQqqJmpAWg--~B/aD01MDU7dz04MDA7YXBwaWQ9eXRhY2h5b24-/https://media.zenfs.com/en/reuters.com/d608865eabed4b90a88270d90a6e47b5', 'width': 800, 'height': 505, 'tag': 'original'}, {'url': 'https://s.yimg.com/uu/api/res/1.2/BfBYoswdb.IM2UGXL7YlQA--~B/Zmk9c3RyaW07aD0xMjg7dz0xNzA7YXBwaWQ9eXRhY2h5b24-/https://media.zenfs.com/en/reuters.com/d608865eabed4b90a88270d90a6e47b5', 'width': 170, 'height': 128, 'tag': '170x128'}]}, 'provider': {'displayName': 'Reuters', 'url': 'https://www.reuters.com/'}, 'canonicalUrl': {'url': 'https://finance.yahoo.com/news/tata-consultancy-services-carries-internal-104427057.html', 'site': 'finance', 'region': 'US', 'lang': 'en-US'}, 'clickThroughUrl': {'url': 'https://finance.yahoo.com/news/tata-consultancy-services-carries-internal-104427057.html', 'site': 'finance', 'region': 'US', 'lang': 'en-US'}, 'metadata': {'editorsPick': False}, 'finance': {'premiumFinance': {'isPremiumNews': False, 'isPremiumFreeNews': False}}, 'storyline': None}", '{\'id\': \'c85b93c8-9a78-3ccb-a202-a795542ea6d9\', \'contentType\': \'STORY\', \'title\': \'TCS expands partnership with SAP to drive cloud adoption\', \'description\': \'\', \'summary\': "The two companies will jointly work to support customers through the \'RISE with SAP\' initiative.", \'pubDate\': \'2025-05-02T10:12:48Z\', \'displayTime\': \'2025-05-02T10:12:48Z\', \'isHosted\': True, \'bypassModal\': False, \'previewUrl\': None, \'thumbnail\': {\'originalUrl\': \'https://media.zenfs.com/en/verdict_626/bb981f6c3332bb3037894d2d505ba89f\', \'originalWidth\': 1437, \'originalHeight\': 811, \'caption\': \'TCS will leverage its TCS Pace Port innovation network. Credit: Piotr Swat/Shutterstock.\', \'resolutions\': [{\'url\': \'https://s.yimg.com/uu/api/res/1.2/oEcWZB5k9XjZ8PDsaFejDg--~B/aD04MTE7dz0xNDM3O2FwcGlkPXl0YWNoeW9u/https://media.zenfs.com/en/verdict_626/bb981f6c3332bb3037894d2d505ba89f\', \'width\': 1437, \'height\': 811, \'tag\': \'original\'}, {\'url\': \'https://s.yimg.com/uu/api/res/1.2/9Qmdc8QLoVDr5WaMmqdneA--~B/Zmk9c3RyaW07aD0xMjg7dz0xNzA7YXBwaWQ9eXRhY2h5b24-/https://media.zenfs.com/en/verdict_626/bb981f6c3332bb3037894d2d505ba89f\', \'width\': 170, \'height\': 128, \'tag\': \'170x128\'}]}, \'provider\': {\'displayName\': \'Verdict\', \'url\': \'https://www.globaldata.com/\'}, \'canonicalUrl\': {\'url\': \'https://www.verdict.co.uk/tcs-sap-cloud-adoption/\', \'site\': \'finance\', \'region\': \'US\', \'lang\': \'en-US\'}, \'clickThroughUrl\': {\'url\': \'https://finance.yahoo.com/news/tcs-expands-partnership-sap-drive-101248167.html\', \'site\': \'finance\', \'region\': \'US\', \'lang\': \'en-US\'}, \'metadata\': {\'editorsPick\': False}, \'finance\': {\'premiumFinance\': {\'isPremiumNews\': False, \'isPremiumFreeNews\': False}}, \'storyline\': None}', "{'id': '4aac023d-6d8c-3420-ba4b-7c4fa6a2537c', 'contentType': 'STORY', 'title': 'Tata Consultancy Services Ltd (BOM:532540) Q4 2025 Earnings Call Highlights: Surpassing $30 ...', 'description': '', 'summary': 'Tata Consultancy Services Ltd (BOM:532540) reports strong fiscal year growth despite margin pressures and regional revenue declines.', 'pubDate': '2025-04-11T07:01:18Z', 'displayTime': '2025-04-11T07:01:18Z', 'isHosted': True, 'bypassModal': False, 'previewUrl': None, 'thumbnail': None, 'provider': {'displayName': 'GuruFocus.com', 'url': 'http://www.gurufocus.com/'}, 'canonicalUrl': {'url': 'https://finance.yahoo.com/news/tata-consultancy-services-ltd-bom-070118452.html', 'site': 'finance', 'region': 'US', 'lang': 'en-US'}, 'clickThroughUrl': {'url': 'https://finance.yahoo.com/news/tata-consultancy-services-ltd-bom-070118452.html', 'site': 'finance', 'region': 'US', 'lang': 'en-US'}, 'metadata': {'editorsPick': False}, 'finance': {'premiumFinance': {'isPremiumNews': False, 'isPremiumFreeNews': False}}, 'storyline': None}", '{\'id\': \'f1344859-d72b-33db-8876-471fce9c3eb4\', \'contentType\': \'STORY\', \'title\': "India\'s TCS warns US tariff chaos hurting client sentiment", \'description\': \'\', \'summary\': "BENGALURU (Reuters) -India\'s top software-services exporter Tata Consultancy Services reported weaker-than-expected quarterly results on Thursday and warned uncertainty around U.S. tariffs was prompting clients to rethink discretionary projects.  The $283 billion Indian IT sector was counting on the Trump administration\'s business-friendly policies to revive client confidence and spending in its biggest market, but the U.S. tariff saga has soured expectations of any immediate upswing in fortunes.", \'pubDate\': \'2025-04-10T10:46:40Z\', \'displayTime\': \'2025-04-10T10:46:40Z\', \'isHosted\': True, \'bypassModal\': False, \'previewUrl\': None, \'thumbnail\': {\'originalUrl\': \'https://media.zenfs.com/en/reuters.com/b3b2cabb8200f6c280fbf853979ae22a\', \'originalWidth\': 800, \'originalHeight\': 512, \'caption\': "A man walks past a logo of Tata Consultancy Services (TCS) before a press conference announcing the company\'s quarterly results in Mumbai", \'resolutions\': [{\'url\': \'https://s.yimg.com/uu/api/res/1.2/p_8wAmgwYP7.gXqiHSQG2Q--~B/aD01MTI7dz04MDA7YXBwaWQ9eXRhY2h5b24-/https://media.zenfs.com/en/reuters.com/b3b2cabb8200f6c280fbf853979ae22a\', \'width\': 800, \'height\': 512, \'tag\': \'original\'}, {\'url\': \'https://s.yimg.com/uu/api/res/1.2/qsi8zU9gdLmnPqg8PVS4og--~B/Zmk9c3RyaW07aD0xMjg7dz0xNzA7YXBwaWQ9eXRhY2h5b24-/https://media.zenfs.com/en/reuters.com/b3b2cabb8200f6c280fbf853979ae22a\', \'width\': 170, \'height\': 128, \'tag\': \'170x128\'}]}, \'provider\': {\'displayName\': \'Reuters\', \'url\': \'https://www.reuters.com/\'}, \'canonicalUrl\': {\'url\': \'https://finance.yahoo.com/news/indias-tcs-misses-fourth-quarter-104640504.html\', \'site\': \'finance\', \'region\': \'US\', \'lang\': \'en-US\'}, \'clickThroughUrl\': {\'url\': \'https://finance.yahoo.com/news/indias-tcs-misses-fourth-quarter-104640504.html\', \'site\': \'finance\', \'region\': \'US\', \'lang\': \'en-US\'}, \'metadata\': {\'editorsPick\': False}, \'finance\': {\'premiumFinance\': {\'isPremiumNews\': False, \'isPremiumFreeNews\': False}}, \'storyline\': None}', '{\'id\': \'32367872-10e4-3788-8b13-e8eefc7b630e\', \'contentType\': \'STORY\', \'title\': \'The Cumberland taps TCS for core system overhaul\', \'description\': \'\', \'summary\': "The partnership aims to “future-proof” The Cumberland\'s banking infrastructure and enhance service flexibility at its branches.", \'pubDate\': \'2025-03-21T12:17:28Z\', \'displayTime\': \'2025-03-21T12:17:28Z\', \'isHosted\': True, \'bypassModal\': False, \'previewUrl\': None, \'thumbnail\': {\'originalUrl\': \'https://media.zenfs.com/en/retail_banker_international_407/074eba11360eb8e40d8692cd12a7bdec\', \'originalWidth\': 1440, \'originalHeight\': 810, \'caption\': \'The collaboration will enable the implementation of TCS BaNCS for Core Banking to improve operational efficiency. Credit: Tada Images/Shutterstock.\', \'resolutions\': [{\'url\': \'https://s.yimg.com/uu/api/res/1.2/x72i_u96jk67chbrYr4_kw--~B/aD04MTA7dz0xNDQwO2FwcGlkPXl0YWNoeW9u/https://media.zenfs.com/en/retail_banker_international_407/074eba11360eb8e40d8692cd12a7bdec\', \'width\': 1440, \'height\': 810, \'tag\': \'original\'}, {\'url\': \'https://s.yimg.com/uu/api/res/1.2/BtePQkfuz0BN.xldm3TnEw--~B/Zmk9c3RyaW07aD0xMjg7dz0xNzA7YXBwaWQ9eXRhY2h5b24-/https://media.zenfs.com/en/retail_banker_international_407/074eba11360eb8e40d8692cd12a7bdec\', \'width\': 170, \'height\': 128, \'tag\': \'170x128\'}]}, \'provider\': {\'displayName\': \'Retail Banker International\', \'url\': \'https://www.globaldata.com/\'}, \'canonicalUrl\': {\'url\': \'https://www.retailbankerinternational.com/news/the-cumberland-taps-tcs-overhaul/\', \'site\': \'finance\', \'region\': \'US\', \'lang\': \'en-US\'}, \'clickThroughUrl\': {\'url\': \'https://finance.yahoo.com/news/cumberland-taps-tcs-core-system-121728910.html\', \'site\': \'finance\', \'region\': \'US\', \'lang\': \'en-US\'}, \'metadata\': {\'editorsPick\': False}, \'finance\': {\'premiumFinance\': {\'isPremiumNews\': False, \'isPremiumFreeNews\': False}}, \'storyline\': None}']
2025-05-25 00:04:16,504 - INFO - Sending prompt to LLM: 
            Analyze the sentiment of these recent news headlines for TCS.NS stock.
            Consider the overall tone, specific events, and market implications.
            
            Headlines:
            - {'id': '1bb70d34-f3a3-3347-bbd9-cd7965d6824f', 'contentType': 'STORY', 'title': 'Tata Consultancy Services carries out internal probe into M&S hack, FT reports', 'description': '', 'summary': 'M&S declined to comment and TCS did not immediately respond to a Reuters request for comment.  The cyberattack which M&S disclosed in April will cost the company about 300 million pounds ($404.9 million) in lost operating profit, and disruption to online services is likely until July.', 'pubDate': '2025-05-23T10:44:27Z', 'displayTime': '2025-05-23T10:44:27Z', 'isHosted': True, 'bypassModal': False, 'previewUrl': None, 'thumbnail': {'originalUrl': 'https://media.zenfs.com/en/reuters.com/d608865eabed4b90a88270d90a6e47b5', 'originalWidth': 800, 'originalHeight': 505, 'caption': 'Illustration shows TCS: Tata Consultancy Services logo', 'resolutions': [{'url': 'https://s.yimg.com/uu/api/res/1.2/tm.iNfN97Y5xaQqqJmpAWg--~B/aD01MDU7dz04MDA7YXBwaWQ9eXRhY2h5b24-/https://media.zenfs.com/en/reuters.com/d608865eabed4b90a88270d90a6e47b5', 'width': 800, 'height': 505, 'tag': 'original'}, {'url': 'https://s.yimg.com/uu/api/res/1.2/BfBYoswdb.IM2UGXL7YlQA--~B/Zmk9c3RyaW07aD0xMjg7dz0xNzA7YXBwaWQ9eXRhY2h5b24-/https://media.zenfs.com/en/reuters.com/d608865eabed4b90a88270d90a6e47b5', 'width': 170, 'height': 128, 'tag': '170x128'}]}, 'provider': {'displayName': 'Reuters', 'url': 'https://www.reuters.com/'}, 'canonicalUrl': {'url': 'https://finance.yahoo.com/news/tata-consultancy-services-carries-internal-104427057.html', 'site': 'finance', 'region': 'US', 'lang': 'en-US'}, 'clickThroughUrl': {'url': 'https://finance.yahoo.com/news/tata-consultancy-services-carries-internal-104427057.html', 'site': 'finance', 'region': 'US', 'lang': 'en-US'}, 'metadata': {'editorsPick': False}, 'finance': {'premiumFinance': {'isPremiumNews': False, 'isPremiumFreeNews': False}}, 'storyline': None}
- {'id': 'c85b93c8-9a78-3ccb-a202-a795542ea6d9', 'contentType': 'STORY', 'title': 'TCS expands partnership with SAP to drive cloud adoption', 'description': '', 'summary': "The two companies will jointly work to support customers through the 'RISE with SAP' initiative.", 'pubDate': '2025-05-02T10:12:48Z', 'displayTime': '2025-05-02T10:12:48Z', 'isHosted': True, 'bypassModal': False, 'previewUrl': None, 'thumbnail': {'originalUrl': 'https://media.zenfs.com/en/verdict_626/bb981f6c3332bb3037894d2d505ba89f', 'originalWidth': 1437, 'originalHeight': 811, 'caption': 'TCS will leverage its TCS Pace Port innovation network. Credit: Piotr Swat/Shutterstock.', 'resolutions': [{'url': 'https://s.yimg.com/uu/api/res/1.2/oEcWZB5k9XjZ8PDsaFejDg--~B/aD04MTE7dz0xNDM3O2FwcGlkPXl0YWNoeW9u/https://media.zenfs.com/en/verdict_626/bb981f6c3332bb3037894d2d505ba89f', 'width': 1437, 'height': 811, 'tag': 'original'}, {'url': 'https://s.yimg.com/uu/api/res/1.2/9Qmdc8QLoVDr5WaMmqdneA--~B/Zmk9c3RyaW07aD0xMjg7dz0xNzA7YXBwaWQ9eXRhY2h5b24-/https://media.zenfs.com/en/verdict_626/bb981f6c3332bb3037894d2d505ba89f', 'width': 170, 'height': 128, 'tag': '170x128'}]}, 'provider': {'displayName': 'Verdict', 'url': 'https://www.globaldata.com/'}, 'canonicalUrl': {'url': 'https://www.verdict.co.uk/tcs-sap-cloud-adoption/', 'site': 'finance', 'region': 'US', 'lang': 'en-US'}, 'clickThroughUrl': {'url': 'https://finance.yahoo.com/news/tcs-expands-partnership-sap-drive-101248167.html', 'site': 'finance', 'region': 'US', 'lang': 'en-US'}, 'metadata': {'editorsPick': False}, 'finance': {'premiumFinance': {'isPremiumNews': False, 'isPremiumFreeNews': False}}, 'storyline': None}
- {'id': '4aac023d-6d8c-3420-ba4b-7c4fa6a2537c', 'contentType': 'STORY', 'title': 'Tata Consultancy Services Ltd (BOM:532540) Q4 2025 Earnings Call Highlights: Surpassing $30 ...', 'description': '', 'summary': 'Tata Consultancy Services Ltd (BOM:532540) reports strong fiscal year growth despite margin pressures and regional revenue declines.', 'pubDate': '2025-04-11T07:01:18Z', 'displayTime': '2025-04-11T07:01:18Z', 'isHosted': True, 'bypassModal': False, 'previewUrl': None, 'thumbnail': None, 'provider': {'displayName': 'GuruFocus.com', 'url': 'http://www.gurufocus.com/'}, 'canonicalUrl': {'url': 'https://finance.yahoo.com/news/tata-consultancy-services-ltd-bom-070118452.html', 'site': 'finance', 'region': 'US', 'lang': 'en-US'}, 'clickThroughUrl': {'url': 'https://finance.yahoo.com/news/tata-consultancy-services-ltd-bom-070118452.html', 'site': 'finance', 'region': 'US', 'lang': 'en-US'}, 'metadata': {'editorsPick': False}, 'finance': {'premiumFinance': {'isPremiumNews': False, 'isPremiumFreeNews': False}}, 'storyline': None}
- {'id': 'f1344859-d72b-33db-8876-471fce9c3eb4', 'contentType': 'STORY', 'title': "India's TCS warns US tariff chaos hurting client sentiment", 'description': '', 'summary': "BENGALURU (Reuters) -India's top software-services exporter Tata Consultancy Services reported weaker-than-expected quarterly results on Thursday and warned uncertainty around U.S. tariffs was prompting clients to rethink discretionary projects.  The $283 billion Indian IT sector was counting on the Trump administration's business-friendly policies to revive client confidence and spending in its biggest market, but the U.S. tariff saga has soured expectations of any immediate upswing in fortunes.", 'pubDate': '2025-04-10T10:46:40Z', 'displayTime': '2025-04-10T10:46:40Z', 'isHosted': True, 'bypassModal': False, 'previewUrl': None, 'thumbnail': {'originalUrl': 'https://media.zenfs.com/en/reuters.com/b3b2cabb8200f6c280fbf853979ae22a', 'originalWidth': 800, 'originalHeight': 512, 'caption': "A man walks past a logo of Tata Consultancy Services (TCS) before a press conference announcing the company's quarterly results in Mumbai", 'resolutions': [{'url': 'https://s.yimg.com/uu/api/res/1.2/p_8wAmgwYP7.gXqiHSQG2Q--~B/aD01MTI7dz04MDA7YXBwaWQ9eXRhY2h5b24-/https://media.zenfs.com/en/reuters.com/b3b2cabb8200f6c280fbf853979ae22a', 'width': 800, 'height': 512, 'tag': 'original'}, {'url': 'https://s.yimg.com/uu/api/res/1.2/qsi8zU9gdLmnPqg8PVS4og--~B/Zmk9c3RyaW07aD0xMjg7dz0xNzA7YXBwaWQ9eXRhY2h5b24-/https://media.zenfs.com/en/reuters.com/b3b2cabb8200f6c280fbf853979ae22a', 'width': 170, 'height': 128, 'tag': '170x128'}]}, 'provider': {'displayName': 'Reuters', 'url': 'https://www.reuters.com/'}, 'canonicalUrl': {'url': 'https://finance.yahoo.com/news/indias-tcs-misses-fourth-quarter-104640504.html', 'site': 'finance', 'region': 'US', 'lang': 'en-US'}, 'clickThroughUrl': {'url': 'https://finance.yahoo.com/news/indias-tcs-misses-fourth-quarter-104640504.html', 'site': 'finance', 'region': 'US', 'lang': 'en-US'}, 'metadata': {'editorsPick': False}, 'finance': {'premiumFinance': {'isPremiumNews': False, 'isPremiumFreeNews': False}}, 'storyline': None}
- {'id': '32367872-10e4-3788-8b13-e8eefc7b630e', 'contentType': 'STORY', 'title': 'The Cumberland taps TCS for core system overhaul', 'description': '', 'summary': "The partnership aims to “future-proof” The Cumberland's banking infrastructure and enhance service flexibility at its branches.", 'pubDate': '2025-03-21T12:17:28Z', 'displayTime': '2025-03-21T12:17:28Z', 'isHosted': True, 'bypassModal': False, 'previewUrl': None, 'thumbnail': {'originalUrl': 'https://media.zenfs.com/en/retail_banker_international_407/074eba11360eb8e40d8692cd12a7bdec', 'originalWidth': 1440, 'originalHeight': 810, 'caption': 'The collaboration will enable the implementation of TCS BaNCS for Core Banking to improve operational efficiency. Credit: Tada Images/Shutterstock.', 'resolutions': [{'url': 'https://s.yimg.com/uu/api/res/1.2/x72i_u96jk67chbrYr4_kw--~B/aD04MTA7dz0xNDQwO2FwcGlkPXl0YWNoeW9u/https://media.zenfs.com/en/retail_banker_international_407/074eba11360eb8e40d8692cd12a7bdec', 'width': 1440, 'height': 810, 'tag': 'original'}, {'url': 'https://s.yimg.com/uu/api/res/1.2/BtePQkfuz0BN.xldm3TnEw--~B/Zmk9c3RyaW07aD0xMjg7dz0xNzA7YXBwaWQ9eXRhY2h5b24-/https://media.zenfs.com/en/retail_banker_international_407/074eba11360eb8e40d8692cd12a7bdec', 'width': 170, 'height': 128, 'tag': '170x128'}]}, 'provider': {'displayName': 'Retail Banker International', 'url': 'https://www.globaldata.com/'}, 'canonicalUrl': {'url': 'https://www.retailbankerinternational.com/news/the-cumberland-taps-tcs-overhaul/', 'site': 'finance', 'region': 'US', 'lang': 'en-US'}, 'clickThroughUrl': {'url': 'https://finance.yahoo.com/news/cumberland-taps-tcs-core-system-121728910.html', 'site': 'finance', 'region': 'US', 'lang': 'en-US'}, 'metadata': {'editorsPick': False}, 'finance': {'premiumFinance': {'isPremiumNews': False, 'isPremiumFreeNews': False}}, 'storyline': None}
            
            Provide your analysis in this exact format (include all sections):
            
            SENTIMENT: [POSITIVE/NEGATIVE/NEUTRAL]
            CONFIDENCE: [0-100]
            KEY_THEMES: [comma-separated list of 2-3 key themes or topics]
            
            Be specific and focus on actionable insights. If unsure, mark as NEUTRAL with 50 confidence.
            
2025-05-25 00:04:16,505 - INFO - Sending request to Ollama with model: llama3.2:latest
2025-05-25 00:04:29,777 - INFO - Ollama response status: 200
2025-05-25 00:04:29,781 - INFO - Received LLM response: SENTIMENT: NEUTRAL
CONFIDENCE: 60

KEY_THEMES: Cybersecurity threats, Cloud adoption, Partnership expansions, Financial performance, Industry trends

Analysis:

The recent news headlines for TCS.NS stock provide a mixed bag of information. On one hand, the company is expanding its partnership with SAP to drive cloud adoption (STORY ID 'c85b93c8-9a78-3ccb-a202-a795542ea6d9'), which suggests a positive development for the company's growth prospects.

On the other hand, TCS has carried out an internal probe into a cyberattack on Marks & Spencer (M&S) that will cost the company about $404.9 million in lost operating profit (STORY ID '1bb70d34-f3a3-3347-bbd9-cd7965d6824f'). This incident highlights the growing threat of cybersecurity attacks and the need for companies to invest in robust security measures.

Additionally
2025-05-25 00:04:29,782 - INFO - Parsed sentiment result: {'sentiment': 'NEUTRAL', 'confidence': 60, 'themes': []}
2025-05-25 00:04:29,782 - INFO - 
Sentiment Analysis Results:
2025-05-25 00:04:29,782 - INFO - Stock: TCS.NS
2025-05-25 00:04:29,782 - INFO - Sentiment: NEUTRAL
2025-05-25 00:04:29,782 - INFO - Confidence: 60
2025-05-25 00:04:29,782 - INFO - Themes: None
2025-05-25 00:04:31,789 - INFO - 
==================================================
2025-05-25 00:04:31,790 - INFO - Testing sentiment analysis for HDFCBANK.NS
2025-05-25 00:04:31,790 - INFO - ==================================================
2025-05-25 00:04:31,791 - INFO - Fetching news for ticker: HDFCBANK.NS
2025-05-25 00:04:31,975 - INFO - Found 10 total news items from Yahoo Finance
2025-05-25 00:04:31,975 - INFO - Found 5 relevant headlines from Yahoo Finance for HDFCBANK.NS
2025-05-25 00:04:31,975 - INFO - Analyzing sentiment for HDFCBANK.NS with headlines: ["{'id': '29c4caf5-a422-33e8-b735-e59f66299a75', 'contentType': 'STORY', 'title': 'Is the Options Market Predicting a Spike in HDFC Bank (HDB) Stock?', 'description': '', 'summary': 'Investors need to pay close attention to HDFC Bank (HDB) stock based on the movements in the options market lately.', 'pubDate': '2025-05-19T15:29:00Z', 'displayTime': '2025-05-19T15:29:00Z', 'isHosted': True, 'bypassModal': False, 'previewUrl': None, 'thumbnail': {'originalUrl': 'https://media.zenfs.com/en/zacks.com/9fff9f84f51f11966f715ae738f14e1c', 'originalWidth': 635, 'originalHeight': 400, 'caption': '', 'resolutions': [{'url': 'https://s.yimg.com/uu/api/res/1.2/C0A28mdnkvImCwAim9iKdA--~B/aD00MDA7dz02MzU7YXBwaWQ9eXRhY2h5b24-/https://media.zenfs.com/en/zacks.com/9fff9f84f51f11966f715ae738f14e1c', 'width': 635, 'height': 400, 'tag': 'original'}, {'url': 'https://s.yimg.com/uu/api/res/1.2/lb5OMPWWyNvq8R23p0SyrA--~B/Zmk9c3RyaW07aD0xMjg7dz0xNzA7YXBwaWQ9eXRhY2h5b24-/https://media.zenfs.com/en/zacks.com/9fff9f84f51f11966f715ae738f14e1c', 'width': 170, 'height': 128, 'tag': '170x128'}]}, 'provider': {'displayName': 'Zacks', 'url': 'http://www.zacks.com/'}, 'canonicalUrl': {'url': 'https://finance.yahoo.com/news/options-market-predicting-spike-hdfc-152900430.html', 'site': 'finance', 'region': 'US', 'lang': 'en-US'}, 'clickThroughUrl': {'url': 'https://finance.yahoo.com/news/options-market-predicting-spike-hdfc-152900430.html', 'site': 'finance', 'region': 'US', 'lang': 'en-US'}, 'metadata': {'editorsPick': False}, 'finance': {'premiumFinance': {'isPremiumNews': False, 'isPremiumFreeNews': False}}, 'storyline': None}", '{\'id\': \'2fe253a0-593b-3021-b5f3-dc0736ca4672\', \'contentType\': \'STORY\', \'title\': \'Indian benchmarks log biggest five-day gains in four years as financials rally\', \'description\': \'\', \'summary\': "India\'s benchmark indexes logged their biggest five-day gains since February 2021, boosted by heavyweight financials following better-than-expected earnings, while a weaker U.S. dollar further propped up investor sentiment.  The Nifty 50  gained 1.15% to 24,125.55 on Monday, while the BSE Sensex rose 1.09% to 79,408.50.  Financials, which comprise over 37% of the Nifty 50, have jumped 9.5% in five sessions and hit lifetime highs.", \'pubDate\': \'2025-04-21T02:43:42Z\', \'displayTime\': \'2025-04-21T02:43:42Z\', \'isHosted\': True, \'bypassModal\': False, \'previewUrl\': None, \'thumbnail\': {\'originalUrl\': \'https://media.zenfs.com/en/reuters.com/a29b30409a67269f7ab6188accf2caa9\', \'originalWidth\': 800, \'originalHeight\': 542, \'caption\': \'Men walk past a screen displaying market results outside the Bombay Stock Exchange (BSE) in Mumbai\', \'resolutions\': [{\'url\': \'https://s.yimg.com/uu/api/res/1.2/0wNn94tQJHO66RPLDPPPrg--~B/aD01NDI7dz04MDA7YXBwaWQ9eXRhY2h5b24-/https://media.zenfs.com/en/reuters.com/a29b30409a67269f7ab6188accf2caa9\', \'width\': 800, \'height\': 542, \'tag\': \'original\'}, {\'url\': \'https://s.yimg.com/uu/api/res/1.2/leb_zy8aFZk9jKpa1IukhQ--~B/Zmk9c3RyaW07aD0xMjg7dz0xNzA7YXBwaWQ9eXRhY2h5b24-/https://media.zenfs.com/en/reuters.com/a29b30409a67269f7ab6188accf2caa9\', \'width\': 170, \'height\': 128, \'tag\': \'170x128\'}]}, \'provider\': {\'displayName\': \'Reuters\', \'url\': \'https://www.reuters.com/\'}, \'canonicalUrl\': {\'url\': \'https://sg.finance.yahoo.com/news/indian-benchmarks-likely-open-flat-024342790.html\', \'site\': \'finance\', \'region\': \'SG\', \'lang\': \'en-SG\'}, \'clickThroughUrl\': {\'url\': \'https://finance.yahoo.com/news/indian-benchmarks-likely-open-flat-024342790.html\', \'site\': \'finance\', \'region\': \'US\', \'lang\': \'en-US\'}, \'metadata\': {\'editorsPick\': False}, \'finance\': {\'premiumFinance\': {\'isPremiumNews\': False, \'isPremiumFreeNews\': False}}, \'storyline\': None}', "{'id': '2d323c37-703b-3340-837f-94ef3205fe1f', 'contentType': 'STORY', 'title': 'HDFC Bank Ltd (HDB) Q4 2025 Earnings Call Highlights: Strong Deposit Growth and Pristine Asset ...', 'description': '', 'summary': 'HDFC Bank Ltd (HDB) showcases robust financial stability with reduced credit deposit ratio and stable net interest margins, despite facing global economic challenges.', 'pubDate': '2025-04-20T07:00:21Z', 'displayTime': '2025-04-20T07:00:21Z', 'isHosted': True, 'bypassModal': False, 'previewUrl': None, 'thumbnail': {'originalUrl': 'https://media.zenfs.com/en/us.finance.gurufocus/5e2475e282daf59dda755837d90721a9', 'originalWidth': 134, 'originalHeight': 134, 'caption': '', 'resolutions': [{'url': 'https://s.yimg.com/uu/api/res/1.2/xlS5jajQAJ2k10VicwV6_g--~B/aD0xMzQ7dz0xMzQ7YXBwaWQ9eXRhY2h5b24-/https://media.zenfs.com/en/us.finance.gurufocus/5e2475e282daf59dda755837d90721a9', 'width': 134, 'height': 134, 'tag': 'original'}, {'url': 'https://s.yimg.com/uu/api/res/1.2/KEdqSExSYqgOD6Q4jIa7Tg--~B/Zmk9c3RyaW07aD0xMjg7dz0xNzA7YXBwaWQ9eXRhY2h5b24-/https://media.zenfs.com/en/us.finance.gurufocus/5e2475e282daf59dda755837d90721a9', 'width': 170, 'height': 128, 'tag': '170x128'}]}, 'provider': {'displayName': 'GuruFocus.com', 'url': 'http://www.gurufocus.com/'}, 'canonicalUrl': {'url': 'https://finance.yahoo.com/news/hdfc-bank-ltd-hdb-q4-070021819.html', 'site': 'finance', 'region': 'US', 'lang': 'en-US'}, 'clickThroughUrl': {'url': 'https://finance.yahoo.com/news/hdfc-bank-ltd-hdb-q4-070021819.html', 'site': 'finance', 'region': 'US', 'lang': 'en-US'}, 'metadata': {'editorsPick': False}, 'finance': {'premiumFinance': {'isPremiumNews': False, 'isPremiumFreeNews': False}}, 'storyline': None}", '{\'id\': \'4bfce8a9-2116-30eb-94ea-75ba088ddb5f\', \'contentType\': \'STORY\', \'title\': "India\'s HDFC Bank hits four-month high as deposit rate cut seen lifting margins", \'description\': \'\', \'summary\': "Shares of India\'s HDFC Bank rose as much as 4% on Tuesday to 1,876.80 rupees and were set for their best day in 10 months, after its deposit rate cuts were seen as a margin boost amid slowing loan growth in the industry.  India\'s largest private lender rose to 1,876.80 rupees as of 8:53 a.m. GMT, its highest since early December, after the bank cut savings deposit rates by 25 basis points across tiers - its first cut in the under-5-million-rupee ($58,263) category in five years.  Brokerage Macquarie said the rate cut could boost HDFC Bank\'s margins by five basis points starting the first quarter of fiscal 2026, while Jefferies estimated it would reduce costs on 23% of its deposits.", \'pubDate\': \'2025-04-15T08:47:24Z\', \'displayTime\': \'2025-04-15T08:47:24Z\', \'isHosted\': True, \'bypassModal\': False, \'previewUrl\': None, \'thumbnail\': {\'originalUrl\': \'https://media.zenfs.com/en/reuters.com/c16af189f4dcc9f240b5a384acfa4c16\', \'originalWidth\': 800, \'originalHeight\': 552, \'caption\': "The headquarters of India\'s HDFC bank is pictured in Mumbai", \'resolutions\': [{\'url\': \'https://s.yimg.com/uu/api/res/1.2/Y8sX7nGUC5jgaucS6RtWLg--~B/aD01NTI7dz04MDA7YXBwaWQ9eXRhY2h5b24-/https://media.zenfs.com/en/reuters.com/c16af189f4dcc9f240b5a384acfa4c16\', \'width\': 800, \'height\': 552, \'tag\': \'original\'}, {\'url\': \'https://s.yimg.com/uu/api/res/1.2/OM1nWpXIr62T21H_fAkbLw--~B/Zmk9c3RyaW07aD0xMjg7dz0xNzA7YXBwaWQ9eXRhY2h5b24-/https://media.zenfs.com/en/reuters.com/c16af189f4dcc9f240b5a384acfa4c16\', \'width\': 170, \'height\': 128, \'tag\': \'170x128\'}]}, \'provider\': {\'displayName\': \'Reuters\', \'url\': \'https://www.reuters.com/\'}, \'canonicalUrl\': {\'url\': \'https://sg.finance.yahoo.com/news/indias-hdfc-bank-hits-four-084724842.html\', \'site\': \'finance\', \'region\': \'SG\', \'lang\': \'en-SG\'}, \'clickThroughUrl\': {\'url\': \'https://finance.yahoo.com/news/indias-hdfc-bank-hits-four-084724842.html\', \'site\': \'finance\', \'region\': \'US\', \'lang\': \'en-US\'}, \'metadata\': {\'editorsPick\': False}, \'finance\': {\'premiumFinance\': {\'isPremiumNews\': False, \'isPremiumFreeNews\': False}}, \'storyline\': None}', "{'id': '2d731b88-f598-385f-8c54-d0b8e34a34be', 'contentType': 'STORY', 'title': 'HDFC Bank (HDB): The Best Indian Stock to Buy According to Billionaires', 'description': '', 'summary': 'We recently published a list of the 10 Best Indian Stocks to Buy According to Billionaires. In this article, we will take a look at where HDFC Bank Limited (NYSE:HDB) stands against other best Indian stocks. India’s stock market had a rough ride during the second half of FY25, amid uncertainty around US tariffs, weak […]', 'pubDate': '2025-04-14T14:11:48Z', 'displayTime': '2025-04-14T14:11:48Z', 'isHosted': True, 'bypassModal': False, 'previewUrl': None, 'thumbnail': {'originalUrl': 'https://media.zenfs.com/en/insidermonkey.com/666484a7dbf9a580c51efd5fef381187', 'originalWidth': 1456, 'originalHeight': 816, 'caption': 'Is HDFC Bank Limited (HDB) Among the Best Indian Stocks to Buy According to Billionaires?', 'resolutions': [{'url': 'https://s.yimg.com/uu/api/res/1.2/IKk5.O3E0m.0Vy3jsnFNyQ--~B/aD04MTY7dz0xNDU2O2FwcGlkPXl0YWNoeW9u/https://media.zenfs.com/en/insidermonkey.com/666484a7dbf9a580c51efd5fef381187', 'width': 1456, 'height': 816, 'tag': 'original'}, {'url': 'https://s.yimg.com/uu/api/res/1.2/Wfo.Vg5zsuFmyFPU6f8WXw--~B/Zmk9c3RyaW07aD0xMjg7dz0xNzA7YXBwaWQ9eXRhY2h5b24-/https://media.zenfs.com/en/insidermonkey.com/666484a7dbf9a580c51efd5fef381187', 'width': 170, 'height': 128, 'tag': '170x128'}]}, 'provider': {'displayName': 'Insider Monkey', 'url': 'http://www.insidermonkey.com'}, 'canonicalUrl': {'url': 'https://finance.yahoo.com/news/hdfc-bank-hdb-best-indian-141148135.html', 'site': 'finance', 'region': 'US', 'lang': 'en-US'}, 'clickThroughUrl': {'url': 'https://finance.yahoo.com/news/hdfc-bank-hdb-best-indian-141148135.html', 'site': 'finance', 'region': 'US', 'lang': 'en-US'}, 'metadata': {'editorsPick': False}, 'finance': {'premiumFinance': {'isPremiumNews': False, 'isPremiumFreeNews': False}}, 'storyline': None}"]
2025-05-25 00:04:31,976 - INFO - Sending prompt to LLM: 
            Analyze the sentiment of these recent news headlines for HDFCBANK.NS stock.
            Consider the overall tone, specific events, and market implications.
            
            Headlines:
            - {'id': '29c4caf5-a422-33e8-b735-e59f66299a75', 'contentType': 'STORY', 'title': 'Is the Options Market Predicting a Spike in HDFC Bank (HDB) Stock?', 'description': '', 'summary': 'Investors need to pay close attention to HDFC Bank (HDB) stock based on the movements in the options market lately.', 'pubDate': '2025-05-19T15:29:00Z', 'displayTime': '2025-05-19T15:29:00Z', 'isHosted': True, 'bypassModal': False, 'previewUrl': None, 'thumbnail': {'originalUrl': 'https://media.zenfs.com/en/zacks.com/9fff9f84f51f11966f715ae738f14e1c', 'originalWidth': 635, 'originalHeight': 400, 'caption': '', 'resolutions': [{'url': 'https://s.yimg.com/uu/api/res/1.2/C0A28mdnkvImCwAim9iKdA--~B/aD00MDA7dz02MzU7YXBwaWQ9eXRhY2h5b24-/https://media.zenfs.com/en/zacks.com/9fff9f84f51f11966f715ae738f14e1c', 'width': 635, 'height': 400, 'tag': 'original'}, {'url': 'https://s.yimg.com/uu/api/res/1.2/lb5OMPWWyNvq8R23p0SyrA--~B/Zmk9c3RyaW07aD0xMjg7dz0xNzA7YXBwaWQ9eXRhY2h5b24-/https://media.zenfs.com/en/zacks.com/9fff9f84f51f11966f715ae738f14e1c', 'width': 170, 'height': 128, 'tag': '170x128'}]}, 'provider': {'displayName': 'Zacks', 'url': 'http://www.zacks.com/'}, 'canonicalUrl': {'url': 'https://finance.yahoo.com/news/options-market-predicting-spike-hdfc-152900430.html', 'site': 'finance', 'region': 'US', 'lang': 'en-US'}, 'clickThroughUrl': {'url': 'https://finance.yahoo.com/news/options-market-predicting-spike-hdfc-152900430.html', 'site': 'finance', 'region': 'US', 'lang': 'en-US'}, 'metadata': {'editorsPick': False}, 'finance': {'premiumFinance': {'isPremiumNews': False, 'isPremiumFreeNews': False}}, 'storyline': None}
- {'id': '2fe253a0-593b-3021-b5f3-dc0736ca4672', 'contentType': 'STORY', 'title': 'Indian benchmarks log biggest five-day gains in four years as financials rally', 'description': '', 'summary': "India's benchmark indexes logged their biggest five-day gains since February 2021, boosted by heavyweight financials following better-than-expected earnings, while a weaker U.S. dollar further propped up investor sentiment.  The Nifty 50  gained 1.15% to 24,125.55 on Monday, while the BSE Sensex rose 1.09% to 79,408.50.  Financials, which comprise over 37% of the Nifty 50, have jumped 9.5% in five sessions and hit lifetime highs.", 'pubDate': '2025-04-21T02:43:42Z', 'displayTime': '2025-04-21T02:43:42Z', 'isHosted': True, 'bypassModal': False, 'previewUrl': None, 'thumbnail': {'originalUrl': 'https://media.zenfs.com/en/reuters.com/a29b30409a67269f7ab6188accf2caa9', 'originalWidth': 800, 'originalHeight': 542, 'caption': 'Men walk past a screen displaying market results outside the Bombay Stock Exchange (BSE) in Mumbai', 'resolutions': [{'url': 'https://s.yimg.com/uu/api/res/1.2/0wNn94tQJHO66RPLDPPPrg--~B/aD01NDI7dz04MDA7YXBwaWQ9eXRhY2h5b24-/https://media.zenfs.com/en/reuters.com/a29b30409a67269f7ab6188accf2caa9', 'width': 800, 'height': 542, 'tag': 'original'}, {'url': 'https://s.yimg.com/uu/api/res/1.2/leb_zy8aFZk9jKpa1IukhQ--~B/Zmk9c3RyaW07aD0xMjg7dz0xNzA7YXBwaWQ9eXRhY2h5b24-/https://media.zenfs.com/en/reuters.com/a29b30409a67269f7ab6188accf2caa9', 'width': 170, 'height': 128, 'tag': '170x128'}]}, 'provider': {'displayName': 'Reuters', 'url': 'https://www.reuters.com/'}, 'canonicalUrl': {'url': 'https://sg.finance.yahoo.com/news/indian-benchmarks-likely-open-flat-024342790.html', 'site': 'finance', 'region': 'SG', 'lang': 'en-SG'}, 'clickThroughUrl': {'url': 'https://finance.yahoo.com/news/indian-benchmarks-likely-open-flat-024342790.html', 'site': 'finance', 'region': 'US', 'lang': 'en-US'}, 'metadata': {'editorsPick': False}, 'finance': {'premiumFinance': {'isPremiumNews': False, 'isPremiumFreeNews': False}}, 'storyline': None}
- {'id': '2d323c37-703b-3340-837f-94ef3205fe1f', 'contentType': 'STORY', 'title': 'HDFC Bank Ltd (HDB) Q4 2025 Earnings Call Highlights: Strong Deposit Growth and Pristine Asset ...', 'description': '', 'summary': 'HDFC Bank Ltd (HDB) showcases robust financial stability with reduced credit deposit ratio and stable net interest margins, despite facing global economic challenges.', 'pubDate': '2025-04-20T07:00:21Z', 'displayTime': '2025-04-20T07:00:21Z', 'isHosted': True, 'bypassModal': False, 'previewUrl': None, 'thumbnail': {'originalUrl': 'https://media.zenfs.com/en/us.finance.gurufocus/5e2475e282daf59dda755837d90721a9', 'originalWidth': 134, 'originalHeight': 134, 'caption': '', 'resolutions': [{'url': 'https://s.yimg.com/uu/api/res/1.2/xlS5jajQAJ2k10VicwV6_g--~B/aD0xMzQ7dz0xMzQ7YXBwaWQ9eXRhY2h5b24-/https://media.zenfs.com/en/us.finance.gurufocus/5e2475e282daf59dda755837d90721a9', 'width': 134, 'height': 134, 'tag': 'original'}, {'url': 'https://s.yimg.com/uu/api/res/1.2/KEdqSExSYqgOD6Q4jIa7Tg--~B/Zmk9c3RyaW07aD0xMjg7dz0xNzA7YXBwaWQ9eXRhY2h5b24-/https://media.zenfs.com/en/us.finance.gurufocus/5e2475e282daf59dda755837d90721a9', 'width': 170, 'height': 128, 'tag': '170x128'}]}, 'provider': {'displayName': 'GuruFocus.com', 'url': 'http://www.gurufocus.com/'}, 'canonicalUrl': {'url': 'https://finance.yahoo.com/news/hdfc-bank-ltd-hdb-q4-070021819.html', 'site': 'finance', 'region': 'US', 'lang': 'en-US'}, 'clickThroughUrl': {'url': 'https://finance.yahoo.com/news/hdfc-bank-ltd-hdb-q4-070021819.html', 'site': 'finance', 'region': 'US', 'lang': 'en-US'}, 'metadata': {'editorsPick': False}, 'finance': {'premiumFinance': {'isPremiumNews': False, 'isPremiumFreeNews': False}}, 'storyline': None}
- {'id': '4bfce8a9-2116-30eb-94ea-75ba088ddb5f', 'contentType': 'STORY', 'title': "India's HDFC Bank hits four-month high as deposit rate cut seen lifting margins", 'description': '', 'summary': "Shares of India's HDFC Bank rose as much as 4% on Tuesday to 1,876.80 rupees and were set for their best day in 10 months, after its deposit rate cuts were seen as a margin boost amid slowing loan growth in the industry.  India's largest private lender rose to 1,876.80 rupees as of 8:53 a.m. GMT, its highest since early December, after the bank cut savings deposit rates by 25 basis points across tiers - its first cut in the under-5-million-rupee ($58,263) category in five years.  Brokerage Macquarie said the rate cut could boost HDFC Bank's margins by five basis points starting the first quarter of fiscal 2026, while Jefferies estimated it would reduce costs on 23% of its deposits.", 'pubDate': '2025-04-15T08:47:24Z', 'displayTime': '2025-04-15T08:47:24Z', 'isHosted': True, 'bypassModal': False, 'previewUrl': None, 'thumbnail': {'originalUrl': 'https://media.zenfs.com/en/reuters.com/c16af189f4dcc9f240b5a384acfa4c16', 'originalWidth': 800, 'originalHeight': 552, 'caption': "The headquarters of India's HDFC bank is pictured in Mumbai", 'resolutions': [{'url': 'https://s.yimg.com/uu/api/res/1.2/Y8sX7nGUC5jgaucS6RtWLg--~B/aD01NTI7dz04MDA7YXBwaWQ9eXRhY2h5b24-/https://media.zenfs.com/en/reuters.com/c16af189f4dcc9f240b5a384acfa4c16', 'width': 800, 'height': 552, 'tag': 'original'}, {'url': 'https://s.yimg.com/uu/api/res/1.2/OM1nWpXIr62T21H_fAkbLw--~B/Zmk9c3RyaW07aD0xMjg7dz0xNzA7YXBwaWQ9eXRhY2h5b24-/https://media.zenfs.com/en/reuters.com/c16af189f4dcc9f240b5a384acfa4c16', 'width': 170, 'height': 128, 'tag': '170x128'}]}, 'provider': {'displayName': 'Reuters', 'url': 'https://www.reuters.com/'}, 'canonicalUrl': {'url': 'https://sg.finance.yahoo.com/news/indias-hdfc-bank-hits-four-084724842.html', 'site': 'finance', 'region': 'SG', 'lang': 'en-SG'}, 'clickThroughUrl': {'url': 'https://finance.yahoo.com/news/indias-hdfc-bank-hits-four-084724842.html', 'site': 'finance', 'region': 'US', 'lang': 'en-US'}, 'metadata': {'editorsPick': False}, 'finance': {'premiumFinance': {'isPremiumNews': False, 'isPremiumFreeNews': False}}, 'storyline': None}
- {'id': '2d731b88-f598-385f-8c54-d0b8e34a34be', 'contentType': 'STORY', 'title': 'HDFC Bank (HDB): The Best Indian Stock to Buy According to Billionaires', 'description': '', 'summary': 'We recently published a list of the 10 Best Indian Stocks to Buy According to Billionaires. In this article, we will take a look at where HDFC Bank Limited (NYSE:HDB) stands against other best Indian stocks. India’s stock market had a rough ride during the second half of FY25, amid uncertainty around US tariffs, weak […]', 'pubDate': '2025-04-14T14:11:48Z', 'displayTime': '2025-04-14T14:11:48Z', 'isHosted': True, 'bypassModal': False, 'previewUrl': None, 'thumbnail': {'originalUrl': 'https://media.zenfs.com/en/insidermonkey.com/666484a7dbf9a580c51efd5fef381187', 'originalWidth': 1456, 'originalHeight': 816, 'caption': 'Is HDFC Bank Limited (HDB) Among the Best Indian Stocks to Buy According to Billionaires?', 'resolutions': [{'url': 'https://s.yimg.com/uu/api/res/1.2/IKk5.O3E0m.0Vy3jsnFNyQ--~B/aD04MTY7dz0xNDU2O2FwcGlkPXl0YWNoeW9u/https://media.zenfs.com/en/insidermonkey.com/666484a7dbf9a580c51efd5fef381187', 'width': 1456, 'height': 816, 'tag': 'original'}, {'url': 'https://s.yimg.com/uu/api/res/1.2/Wfo.Vg5zsuFmyFPU6f8WXw--~B/Zmk9c3RyaW07aD0xMjg7dz0xNzA7YXBwaWQ9eXRhY2h5b24-/https://media.zenfs.com/en/insidermonkey.com/666484a7dbf9a580c51efd5fef381187', 'width': 170, 'height': 128, 'tag': '170x128'}]}, 'provider': {'displayName': 'Insider Monkey', 'url': 'http://www.insidermonkey.com'}, 'canonicalUrl': {'url': 'https://finance.yahoo.com/news/hdfc-bank-hdb-best-indian-141148135.html', 'site': 'finance', 'region': 'US', 'lang': 'en-US'}, 'clickThroughUrl': {'url': 'https://finance.yahoo.com/news/hdfc-bank-hdb-best-indian-141148135.html', 'site': 'finance', 'region': 'US', 'lang': 'en-US'}, 'metadata': {'editorsPick': False}, 'finance': {'premiumFinance': {'isPremiumNews': False, 'isPremiumFreeNews': False}}, 'storyline': None}
            
            Provide your analysis in this exact format (include all sections):
            
            SENTIMENT: [POSITIVE/NEGATIVE/NEUTRAL]
            CONFIDENCE: [0-100]
            KEY_THEMES: [comma-separated list of 2-3 key themes or topics]
            
            Be specific and focus on actionable insights. If unsure, mark as NEUTRAL with 50 confidence.
            
2025-05-25 00:04:31,977 - INFO - Sending request to Ollama with model: llama3.2:latest
2025-05-25 00:04:46,817 - INFO - Ollama response status: 200
2025-05-25 00:04:46,819 - INFO - Received LLM response: SENTIMENT: POSITIVE
CONFIDENCE: 80
KEY_THEMES: HDFC Bank's strong financial performance, deposit rate cuts, and positive sentiment from billionaire investors.

Analysis:

The recent news headlines for HDFCBANK.NS stock suggest a positive sentiment towards the company. The first headline mentions that the options market is predicting a spike in HDFC Bank stock, indicating investor confidence. The second headline reports on India's benchmark indexes logging their biggest five-day gains in four years, with financials leading the charge. This suggests that HDFC Bank's strong financial performance is contributing to the overall market rally.

The third headline provides details on HDFC Bank's Q4 2025 earnings call, highlighting the company's robust financial stability and reduced credit deposit ratio. The fourth headline reports on HDFC Bank hitting a four-month high after its deposit rate cuts were seen as a margin boost. The fifth headline from Insider Monkey suggests that HDFC Bank is among the best Indian stocks to buy according to
2025-05-25 00:04:46,819 - INFO - Parsed sentiment result: {'sentiment': 'POSITIVE', 'confidence': 80, 'themes': []}
2025-05-25 00:04:46,819 - INFO - 
Sentiment Analysis Results:
2025-05-25 00:04:46,819 - INFO - Stock: HDFCBANK.NS
2025-05-25 00:04:46,819 - INFO - Sentiment: POSITIVE
2025-05-25 00:04:46,819 - INFO - Confidence: 80
2025-05-25 00:04:46,819 - INFO - Themes: None
2025-05-25 00:04:48,825 - INFO - 
Testing sector analysis...
2025-05-25 00:04:48,825 - INFO - Sending request to Ollama with model: llama3.2:latest
2025-05-25 00:04:54,394 - INFO - Ollama response status: 200
2025-05-25 00:04:54,395 - INFO - 
Sector Analysis Results:
2025-05-25 00:04:54,395 - INFO - Sector: Technology
2025-05-25 00:04:54,395 - INFO - Outlook: NEUTRAL
2025-05-25 00:04:54,395 - INFO - Drivers: None
2025-05-25 00:04:54,395 - INFO - Risks: None
2025-05-25 00:04:54,395 - INFO - 
Test completed. Check sentiment_analysis.log for detailed logs.
2025-05-25 00:09:03,301 - INFO - Starting sentiment analysis test...
2025-05-25 00:09:03,301 - INFO - 
==================================================
2025-05-25 00:09:03,301 - INFO - Testing sentiment analysis for RELIANCE.NS
2025-05-25 00:09:03,301 - INFO - ==================================================
2025-05-25 00:09:03,301 - INFO - Fetching news for ticker: RELIANCE.NS
2025-05-25 00:09:04,154 - INFO - Found 10 total news items from Yahoo Finance
2025-05-25 00:09:04,155 - INFO - Found 5 relevant headlines from Yahoo Finance for RELIANCE.NS
2025-05-25 00:09:04,156 - INFO - Analyzing sentiment for RELIANCE.NS with headlines: ['{\'id\': \'506744b7-1fb8-33ce-a5ec-96487d533aa2\', \'contentType\': \'STORY\', \'title\': "India\'s Reliance to start solar module factory this year, exec says", \'description\': \'\', \'summary\': \'"We are today building three bigger factories... in order to produce clean energy requirements," said Partha P Maitra, President, Strategy and Initiatives at Reliance Industries.  Reliance aims to eventually scale up solar module capacity to 20 GW per year, Maitra said.\', \'pubDate\': \'2025-05-22T07:37:54Z\', \'displayTime\': \'2025-05-22T07:37:54Z\', \'isHosted\': True, \'bypassModal\': False, \'previewUrl\': None, \'thumbnail\': {\'originalUrl\': \'https://media.zenfs.com/en/reuters.com/80df2ac4029b940dcceda9cdeca654c7\', \'originalWidth\': 800, \'originalHeight\': 580, \'caption\': \'FILE PHOTO: A guard walks past the Reliance Industries logo near the entrance of Dhirubhai Ambani Knowledge City in Navi Mumbai\', \'resolutions\': [{\'url\': \'https://s.yimg.com/uu/api/res/1.2/b.BMyZSgLRcIhJeC8otx8w--~B/aD01ODA7dz04MDA7YXBwaWQ9eXRhY2h5b24-/https://media.zenfs.com/en/reuters.com/80df2ac4029b940dcceda9cdeca654c7\', \'width\': 800, \'height\': 580, \'tag\': \'original\'}, {\'url\': \'https://s.yimg.com/uu/api/res/1.2/wDgHem_ZaNykvF3P5vQbcA--~B/Zmk9c3RyaW07aD0xMjg7dz0xNzA7YXBwaWQ9eXRhY2h5b24-/https://media.zenfs.com/en/reuters.com/80df2ac4029b940dcceda9cdeca654c7\', \'width\': 170, \'height\': 128, \'tag\': \'170x128\'}]}, \'provider\': {\'displayName\': \'Reuters\', \'url\': \'https://www.reuters.com/\'}, \'canonicalUrl\': {\'url\': \'https://sg.finance.yahoo.com/news/indias-reliance-start-solar-module-073754086.html\', \'site\': \'finance\', \'region\': \'SG\', \'lang\': \'en-SG\'}, \'clickThroughUrl\': {\'url\': \'https://finance.yahoo.com/news/indias-reliance-start-solar-module-073754086.html\', \'site\': \'finance\', \'region\': \'US\', \'lang\': \'en-US\'}, \'metadata\': {\'editorsPick\': False}, \'finance\': {\'premiumFinance\': {\'isPremiumNews\': False, \'isPremiumFreeNews\': False}}, \'storyline\': None}', '{\'id\': \'d72999bc-b28d-38cd-9b5a-54faf626678f\', \'contentType\': \'STORY\', \'title\': \'Indian billionaire Ambani to meet Trump, Qatar emir in Doha, sources say\', \'description\': \'\', \'summary\': "NEW DELHI (Reuters) -Indian billionaire Mukesh Ambani will meet U.S. President Donald Trump and the emir of Qatar in Doha on Wednesday, two sources told Reuters, as his company Reliance Industries looks to foster ties with authorities in both nations.  Qatar\'s sovereign wealth fund, QIA, has invested in Reliance businesses over the years, and Ambani, who is Asia\'s richest man, has many business partnerships with the likes of U.S. tech giants such as Google and Meta.  Ambani will attend a state dinner for Trump at the Lusail Palace in Doha, but did not plan to hold any investment or business discussions, said the first source, who had direct knowledge of the matter.", \'pubDate\': \'2025-05-14T09:08:43Z\', \'displayTime\': \'2025-05-14T09:08:43Z\', \'isHosted\': True, \'bypassModal\': False, \'previewUrl\': None, \'thumbnail\': {\'originalUrl\': \'https://media.zenfs.com/en/reuters.com/f79808db95b5eba52463805745f17d86\', \'originalWidth\': 800, \'originalHeight\': 533, \'caption\': \'Vibrant Gujarat Global Summit, in Gandhinagar\', \'resolutions\': [{\'url\': \'https://s.yimg.com/uu/api/res/1.2/N9oGthKEoDRLmyqjYIY9Wg--~B/aD01MzM7dz04MDA7YXBwaWQ9eXRhY2h5b24-/https://media.zenfs.com/en/reuters.com/f79808db95b5eba52463805745f17d86\', \'width\': 800, \'height\': 533, \'tag\': \'original\'}, {\'url\': \'https://s.yimg.com/uu/api/res/1.2/CPOVculvoNGRxM4H4hDLfQ--~B/Zmk9c3RyaW07aD0xMjg7dz0xNzA7YXBwaWQ9eXRhY2h5b24-/https://media.zenfs.com/en/reuters.com/f79808db95b5eba52463805745f17d86\', \'width\': 170, \'height\': 128, \'tag\': \'170x128\'}]}, \'provider\': {\'displayName\': \'Reuters\', \'url\': \'https://www.reuters.com/\'}, \'canonicalUrl\': {\'url\': \'https://finance.yahoo.com/news/indian-billionaire-ambani-meet-trump-090843927.html\', \'site\': \'finance\', \'region\': \'US\', \'lang\': \'en-US\'}, \'clickThroughUrl\': {\'url\': \'https://finance.yahoo.com/news/indian-billionaire-ambani-meet-trump-090843927.html\', \'site\': \'finance\', \'region\': \'US\', \'lang\': \'en-US\'}, \'metadata\': {\'editorsPick\': False}, \'finance\': {\'premiumFinance\': {\'isPremiumNews\': False, \'isPremiumFreeNews\': False}}, \'storyline\': None}', '{\'id\': \'7d82daf0-c9e4-38f0-83fd-30ea4e4a7680\', \'contentType\': \'STORY\', \'title\': "India\'s April diesel exports likely hit lowest level in over a decade, sources say", \'description\': \'\', \'summary\': \'SINGAPORE (Reuters) -India\\\'s diesel exports likely hit their lowest level in over a decade in April as major exporter Reliance cut refining output for maintenance at a time when domestic demand was robust, trade sources and analysts said.  India, one of Asia\\\'s top-three diesel exporters, exported around 1.15 million metric tons (9.69 million barrels) of the industrial and transportation fuel in April, an average of data from LSEG, Kpler, Vortexa and two trade sources showed.  "The unexpectedly low outflows from India for April resulted in limited supplies heading for Asia and Europe," LSEG Oil Research senior analyst Charles Ong wrote in a note.\', \'pubDate\': \'2025-05-06T07:45:00Z\', \'displayTime\': \'2025-05-06T07:45:00Z\', \'isHosted\': True, \'bypassModal\': False, \'previewUrl\': None, \'thumbnail\': {\'originalUrl\': \'https://media.zenfs.com/en/reuters.com/33e703c88677146cc6eb02247020c872\', \'originalWidth\': 800, \'originalHeight\': 501, \'caption\': \'A worker fills diesel in a container at a fuel station in Kolkata\', \'resolutions\': [{\'url\': \'https://s.yimg.com/uu/api/res/1.2/I9VdEjunE8gc34d8h6uCxQ--~B/aD01MDE7dz04MDA7YXBwaWQ9eXRhY2h5b24-/https://media.zenfs.com/en/reuters.com/33e703c88677146cc6eb02247020c872\', \'width\': 800, \'height\': 501, \'tag\': \'original\'}, {\'url\': \'https://s.yimg.com/uu/api/res/1.2/dfzgU7L7iSSD0lDuCQNgjw--~B/Zmk9c3RyaW07aD0xMjg7dz0xNzA7YXBwaWQ9eXRhY2h5b24-/https://media.zenfs.com/en/reuters.com/33e703c88677146cc6eb02247020c872\', \'width\': 170, \'height\': 128, \'tag\': \'170x128\'}]}, \'provider\': {\'displayName\': \'Reuters\', \'url\': \'https://www.reuters.com/\'}, \'canonicalUrl\': {\'url\': \'https://sg.finance.yahoo.com/news/indias-april-diesel-exports-likely-074500388.html\', \'site\': \'finance\', \'region\': \'SG\', \'lang\': \'en-SG\'}, \'clickThroughUrl\': {\'url\': \'https://finance.yahoo.com/news/indias-april-diesel-exports-likely-074500388.html\', \'site\': \'finance\', \'region\': \'US\', \'lang\': \'en-US\'}, \'metadata\': {\'editorsPick\': False}, \'finance\': {\'premiumFinance\': {\'isPremiumNews\': False, \'isPremiumFreeNews\': False}}, \'storyline\': None}', '{\'id\': \'18b5c5c2-5d65-3bf6-b0bd-aee865e45f42\', \'contentType\': \'VIDEO\', \'title\': "How Ambani\'s Campa Cola is Hurting Coke, Pepsi in India", \'description\': "Asia\'s richest man, Mukesh Ambani, is challenging Coca-Cola and PepsiCo\'s dominance in India with Reliance Industries\' Campa Cola brand.\\nBloomberg\'s Satviki Sanjay appeared on Insight with Haslinda Amin to discuss what\'s behind the growing success of the brand.", \'summary\': "Asia\'s richest man, Mukesh Ambani, is challenging Coca-Cola and PepsiCo\'s dominance in India with Reliance Industries\' Campa Cola brand. Bloomberg\'s Satviki Sanjay appeared on Insight with Haslinda Amin to discuss what\'s behind the growing success of the brand.", \'pubDate\': \'2025-05-06T05:36:43Z\', \'displayTime\': \'\', \'isHosted\': True, \'bypassModal\': False, \'previewUrl\': None, \'thumbnail\': {\'originalUrl\': \'https://media.zenfs.com/en/bloomberg_markets_video_2/12310404b077c8de4f929ec72b95679d\', \'originalWidth\': 1280, \'originalHeight\': 720, \'caption\': \'\', \'resolutions\': [{\'url\': \'https://s.yimg.com/uu/api/res/1.2/kB_Nhx1U6kkOYfbwbkrPLA--~B/aD03MjA7dz0xMjgwO2FwcGlkPXl0YWNoeW9u/https://media.zenfs.com/en/bloomberg_markets_video_2/12310404b077c8de4f929ec72b95679d\', \'width\': 1280, \'height\': 720, \'tag\': \'original\'}, {\'url\': \'https://s.yimg.com/uu/api/res/1.2/3QIyuTdJS_HRkieGNQAoHQ--~B/Zmk9c3RyaW07aD0xMjg7dz0xNzA7YXBwaWQ9eXRhY2h5b24-/https://media.zenfs.com/en/bloomberg_markets_video_2/12310404b077c8de4f929ec72b95679d\', \'width\': 170, \'height\': 128, \'tag\': \'170x128\'}]}, \'provider\': {\'displayName\': \'Bloomberg\', \'url\': \'https://www.bloomberg.com/\'}, \'canonicalUrl\': {\'url\': \'https://finance.yahoo.com/video/ambanis-campa-cola-hurting-coke-053643944.html\', \'site\': \'finance\', \'region\': \'US\', \'lang\': \'en-US\'}, \'clickThroughUrl\': {\'url\': \'https://finance.yahoo.com/video/ambanis-campa-cola-hurting-coke-053643944.html\', \'site\': \'finance\', \'region\': \'US\', \'lang\': \'en-US\'}, \'metadata\': {\'editorsPick\': False}, \'finance\': {\'premiumFinance\': {\'isPremiumNews\': False, \'isPremiumFreeNews\': False}}, \'storyline\': None}', "{'id': 'e31eb9d7-b117-4bc3-bd2a-d0f79716b1eb', 'contentType': 'STORY', 'title': 'Trending tickers: Deliveroo, Reliance, Toyota, Novavax and M&S', 'description': '', 'summary': 'The latest investor updates on stocks that are trending on Monday', 'pubDate': '2025-04-28T09:44:36Z', 'displayTime': '2025-04-28T09:44:36Z', 'isHosted': True, 'bypassModal': False, 'previewUrl': None, 'thumbnail': {'originalUrl': 'https://s.yimg.com/os/creatr-uploaded-images/2025-04/d9028e40-2412-11f0-a77e-e6460752fb57', 'originalWidth': 4313, 'originalHeight': 2871, 'caption': '', 'resolutions': [{'url': 'https://s.yimg.com/uu/api/res/1.2/L13AVNw_ziMsQdRzLif9Fg--~B/aD0yODcxO3c9NDMxMzthcHBpZD15dGFjaHlvbg--/https://s.yimg.com/os/creatr-uploaded-images/2025-04/d9028e40-2412-11f0-a77e-e6460752fb57', 'width': 4313, 'height': 2871, 'tag': 'original'}, {'url': 'https://s.yimg.com/uu/api/res/1.2/gzlCxUYD4cjqGXjxHfGu9g--~B/Zmk9c3RyaW07aD0xMjg7dz0xNzA7YXBwaWQ9eXRhY2h5b24-/https://s.yimg.com/os/creatr-uploaded-images/2025-04/d9028e40-2412-11f0-a77e-e6460752fb57', 'width': 170, 'height': 128, 'tag': '170x128'}]}, 'provider': {'displayName': 'Yahoo Finance UK', 'url': 'http://uk.finance.yahoo.com/'}, 'canonicalUrl': {'url': 'https://uk.finance.yahoo.com/news/deliveroo-reliance-toyota-novavax-ms-trending-tickers-094342819.html', 'site': 'finance', 'region': 'GB', 'lang': 'en-GB'}, 'clickThroughUrl': {'url': 'https://finance.yahoo.com/news/deliveroo-reliance-toyota-novavax-ms-trending-tickers-094342819.html', 'site': 'finance', 'region': 'US', 'lang': 'en-US'}, 'metadata': {'editorsPick': False}, 'finance': {'premiumFinance': {'isPremiumNews': False, 'isPremiumFreeNews': False}}, 'storyline': None}"]
2025-05-25 00:09:04,156 - INFO - Sending prompt to LLM: 
            Analyze the sentiment of these recent news headlines for RELIANCE.NS stock.
            Consider the overall tone, specific events, and market implications.
            
            Headlines:
            - {'id': '506744b7-1fb8-33ce-a5ec-96487d533aa2', 'contentType': 'STORY', 'title': "India's Reliance to start solar module factory this year, exec says", 'description': '', 'summary': '"We are today building three bigger factories... in order to produce clean energy requirements," said Partha P Maitra, President, Strategy and Initiatives at Reliance Industries.  Reliance aims to eventually scale up solar module capacity to 20 GW per year, Maitra said.', 'pubDate': '2025-05-22T07:37:54Z', 'displayTime': '2025-05-22T07:37:54Z', 'isHosted': True, 'bypassModal': False, 'previewUrl': None, 'thumbnail': {'originalUrl': 'https://media.zenfs.com/en/reuters.com/80df2ac4029b940dcceda9cdeca654c7', 'originalWidth': 800, 'originalHeight': 580, 'caption': 'FILE PHOTO: A guard walks past the Reliance Industries logo near the entrance of Dhirubhai Ambani Knowledge City in Navi Mumbai', 'resolutions': [{'url': 'https://s.yimg.com/uu/api/res/1.2/b.BMyZSgLRcIhJeC8otx8w--~B/aD01ODA7dz04MDA7YXBwaWQ9eXRhY2h5b24-/https://media.zenfs.com/en/reuters.com/80df2ac4029b940dcceda9cdeca654c7', 'width': 800, 'height': 580, 'tag': 'original'}, {'url': 'https://s.yimg.com/uu/api/res/1.2/wDgHem_ZaNykvF3P5vQbcA--~B/Zmk9c3RyaW07aD0xMjg7dz0xNzA7YXBwaWQ9eXRhY2h5b24-/https://media.zenfs.com/en/reuters.com/80df2ac4029b940dcceda9cdeca654c7', 'width': 170, 'height': 128, 'tag': '170x128'}]}, 'provider': {'displayName': 'Reuters', 'url': 'https://www.reuters.com/'}, 'canonicalUrl': {'url': 'https://sg.finance.yahoo.com/news/indias-reliance-start-solar-module-073754086.html', 'site': 'finance', 'region': 'SG', 'lang': 'en-SG'}, 'clickThroughUrl': {'url': 'https://finance.yahoo.com/news/indias-reliance-start-solar-module-073754086.html', 'site': 'finance', 'region': 'US', 'lang': 'en-US'}, 'metadata': {'editorsPick': False}, 'finance': {'premiumFinance': {'isPremiumNews': False, 'isPremiumFreeNews': False}}, 'storyline': None}
- {'id': 'd72999bc-b28d-38cd-9b5a-54faf626678f', 'contentType': 'STORY', 'title': 'Indian billionaire Ambani to meet Trump, Qatar emir in Doha, sources say', 'description': '', 'summary': "NEW DELHI (Reuters) -Indian billionaire Mukesh Ambani will meet U.S. President Donald Trump and the emir of Qatar in Doha on Wednesday, two sources told Reuters, as his company Reliance Industries looks to foster ties with authorities in both nations.  Qatar's sovereign wealth fund, QIA, has invested in Reliance businesses over the years, and Ambani, who is Asia's richest man, has many business partnerships with the likes of U.S. tech giants such as Google and Meta.  Ambani will attend a state dinner for Trump at the Lusail Palace in Doha, but did not plan to hold any investment or business discussions, said the first source, who had direct knowledge of the matter.", 'pubDate': '2025-05-14T09:08:43Z', 'displayTime': '2025-05-14T09:08:43Z', 'isHosted': True, 'bypassModal': False, 'previewUrl': None, 'thumbnail': {'originalUrl': 'https://media.zenfs.com/en/reuters.com/f79808db95b5eba52463805745f17d86', 'originalWidth': 800, 'originalHeight': 533, 'caption': 'Vibrant Gujarat Global Summit, in Gandhinagar', 'resolutions': [{'url': 'https://s.yimg.com/uu/api/res/1.2/N9oGthKEoDRLmyqjYIY9Wg--~B/aD01MzM7dz04MDA7YXBwaWQ9eXRhY2h5b24-/https://media.zenfs.com/en/reuters.com/f79808db95b5eba52463805745f17d86', 'width': 800, 'height': 533, 'tag': 'original'}, {'url': 'https://s.yimg.com/uu/api/res/1.2/CPOVculvoNGRxM4H4hDLfQ--~B/Zmk9c3RyaW07aD0xMjg7dz0xNzA7YXBwaWQ9eXRhY2h5b24-/https://media.zenfs.com/en/reuters.com/f79808db95b5eba52463805745f17d86', 'width': 170, 'height': 128, 'tag': '170x128'}]}, 'provider': {'displayName': 'Reuters', 'url': 'https://www.reuters.com/'}, 'canonicalUrl': {'url': 'https://finance.yahoo.com/news/indian-billionaire-ambani-meet-trump-090843927.html', 'site': 'finance', 'region': 'US', 'lang': 'en-US'}, 'clickThroughUrl': {'url': 'https://finance.yahoo.com/news/indian-billionaire-ambani-meet-trump-090843927.html', 'site': 'finance', 'region': 'US', 'lang': 'en-US'}, 'metadata': {'editorsPick': False}, 'finance': {'premiumFinance': {'isPremiumNews': False, 'isPremiumFreeNews': False}}, 'storyline': None}
- {'id': '7d82daf0-c9e4-38f0-83fd-30ea4e4a7680', 'contentType': 'STORY', 'title': "India's April diesel exports likely hit lowest level in over a decade, sources say", 'description': '', 'summary': 'SINGAPORE (Reuters) -India\'s diesel exports likely hit their lowest level in over a decade in April as major exporter Reliance cut refining output for maintenance at a time when domestic demand was robust, trade sources and analysts said.  India, one of Asia\'s top-three diesel exporters, exported around 1.15 million metric tons (9.69 million barrels) of the industrial and transportation fuel in April, an average of data from LSEG, Kpler, Vortexa and two trade sources showed.  "The unexpectedly low outflows from India for April resulted in limited supplies heading for Asia and Europe," LSEG Oil Research senior analyst Charles Ong wrote in a note.', 'pubDate': '2025-05-06T07:45:00Z', 'displayTime': '2025-05-06T07:45:00Z', 'isHosted': True, 'bypassModal': False, 'previewUrl': None, 'thumbnail': {'originalUrl': 'https://media.zenfs.com/en/reuters.com/33e703c88677146cc6eb02247020c872', 'originalWidth': 800, 'originalHeight': 501, 'caption': 'A worker fills diesel in a container at a fuel station in Kolkata', 'resolutions': [{'url': 'https://s.yimg.com/uu/api/res/1.2/I9VdEjunE8gc34d8h6uCxQ--~B/aD01MDE7dz04MDA7YXBwaWQ9eXRhY2h5b24-/https://media.zenfs.com/en/reuters.com/33e703c88677146cc6eb02247020c872', 'width': 800, 'height': 501, 'tag': 'original'}, {'url': 'https://s.yimg.com/uu/api/res/1.2/dfzgU7L7iSSD0lDuCQNgjw--~B/Zmk9c3RyaW07aD0xMjg7dz0xNzA7YXBwaWQ9eXRhY2h5b24-/https://media.zenfs.com/en/reuters.com/33e703c88677146cc6eb02247020c872', 'width': 170, 'height': 128, 'tag': '170x128'}]}, 'provider': {'displayName': 'Reuters', 'url': 'https://www.reuters.com/'}, 'canonicalUrl': {'url': 'https://sg.finance.yahoo.com/news/indias-april-diesel-exports-likely-074500388.html', 'site': 'finance', 'region': 'SG', 'lang': 'en-SG'}, 'clickThroughUrl': {'url': 'https://finance.yahoo.com/news/indias-april-diesel-exports-likely-074500388.html', 'site': 'finance', 'region': 'US', 'lang': 'en-US'}, 'metadata': {'editorsPick': False}, 'finance': {'premiumFinance': {'isPremiumNews': False, 'isPremiumFreeNews': False}}, 'storyline': None}
- {'id': '18b5c5c2-5d65-3bf6-b0bd-aee865e45f42', 'contentType': 'VIDEO', 'title': "How Ambani's Campa Cola is Hurting Coke, Pepsi in India", 'description': "Asia's richest man, Mukesh Ambani, is challenging Coca-Cola and PepsiCo's dominance in India with Reliance Industries' Campa Cola brand.\nBloomberg's Satviki Sanjay appeared on Insight with Haslinda Amin to discuss what's behind the growing success of the brand.", 'summary': "Asia's richest man, Mukesh Ambani, is challenging Coca-Cola and PepsiCo's dominance in India with Reliance Industries' Campa Cola brand. Bloomberg's Satviki Sanjay appeared on Insight with Haslinda Amin to discuss what's behind the growing success of the brand.", 'pubDate': '2025-05-06T05:36:43Z', 'displayTime': '', 'isHosted': True, 'bypassModal': False, 'previewUrl': None, 'thumbnail': {'originalUrl': 'https://media.zenfs.com/en/bloomberg_markets_video_2/12310404b077c8de4f929ec72b95679d', 'originalWidth': 1280, 'originalHeight': 720, 'caption': '', 'resolutions': [{'url': 'https://s.yimg.com/uu/api/res/1.2/kB_Nhx1U6kkOYfbwbkrPLA--~B/aD03MjA7dz0xMjgwO2FwcGlkPXl0YWNoeW9u/https://media.zenfs.com/en/bloomberg_markets_video_2/12310404b077c8de4f929ec72b95679d', 'width': 1280, 'height': 720, 'tag': 'original'}, {'url': 'https://s.yimg.com/uu/api/res/1.2/3QIyuTdJS_HRkieGNQAoHQ--~B/Zmk9c3RyaW07aD0xMjg7dz0xNzA7YXBwaWQ9eXRhY2h5b24-/https://media.zenfs.com/en/bloomberg_markets_video_2/12310404b077c8de4f929ec72b95679d', 'width': 170, 'height': 128, 'tag': '170x128'}]}, 'provider': {'displayName': 'Bloomberg', 'url': 'https://www.bloomberg.com/'}, 'canonicalUrl': {'url': 'https://finance.yahoo.com/video/ambanis-campa-cola-hurting-coke-053643944.html', 'site': 'finance', 'region': 'US', 'lang': 'en-US'}, 'clickThroughUrl': {'url': 'https://finance.yahoo.com/video/ambanis-campa-cola-hurting-coke-053643944.html', 'site': 'finance', 'region': 'US', 'lang': 'en-US'}, 'metadata': {'editorsPick': False}, 'finance': {'premiumFinance': {'isPremiumNews': False, 'isPremiumFreeNews': False}}, 'storyline': None}
- {'id': 'e31eb9d7-b117-4bc3-bd2a-d0f79716b1eb', 'contentType': 'STORY', 'title': 'Trending tickers: Deliveroo, Reliance, Toyota, Novavax and M&S', 'description': '', 'summary': 'The latest investor updates on stocks that are trending on Monday', 'pubDate': '2025-04-28T09:44:36Z', 'displayTime': '2025-04-28T09:44:36Z', 'isHosted': True, 'bypassModal': False, 'previewUrl': None, 'thumbnail': {'originalUrl': 'https://s.yimg.com/os/creatr-uploaded-images/2025-04/d9028e40-2412-11f0-a77e-e6460752fb57', 'originalWidth': 4313, 'originalHeight': 2871, 'caption': '', 'resolutions': [{'url': 'https://s.yimg.com/uu/api/res/1.2/L13AVNw_ziMsQdRzLif9Fg--~B/aD0yODcxO3c9NDMxMzthcHBpZD15dGFjaHlvbg--/https://s.yimg.com/os/creatr-uploaded-images/2025-04/d9028e40-2412-11f0-a77e-e6460752fb57', 'width': 4313, 'height': 2871, 'tag': 'original'}, {'url': 'https://s.yimg.com/uu/api/res/1.2/gzlCxUYD4cjqGXjxHfGu9g--~B/Zmk9c3RyaW07aD0xMjg7dz0xNzA7YXBwaWQ9eXRhY2h5b24-/https://s.yimg.com/os/creatr-uploaded-images/2025-04/d9028e40-2412-11f0-a77e-e6460752fb57', 'width': 170, 'height': 128, 'tag': '170x128'}]}, 'provider': {'displayName': 'Yahoo Finance UK', 'url': 'http://uk.finance.yahoo.com/'}, 'canonicalUrl': {'url': 'https://uk.finance.yahoo.com/news/deliveroo-reliance-toyota-novavax-ms-trending-tickers-094342819.html', 'site': 'finance', 'region': 'GB', 'lang': 'en-GB'}, 'clickThroughUrl': {'url': 'https://finance.yahoo.com/news/deliveroo-reliance-toyota-novavax-ms-trending-tickers-094342819.html', 'site': 'finance', 'region': 'US', 'lang': 'en-US'}, 'metadata': {'editorsPick': False}, 'finance': {'premiumFinance': {'isPremiumNews': False, 'isPremiumFreeNews': False}}, 'storyline': None}
            
            Provide your analysis in this exact format (include all sections):
            
            SENTIMENT: [POSITIVE/NEGATIVE/NEUTRAL]
            CONFIDENCE: [0-100]
            KEY_THEMES: [comma-separated list of 2-3 key themes or topics]
            
            Be specific and focus on actionable insights. If unsure, mark as NEUTRAL with 50 confidence.
            
2025-05-25 00:09:04,157 - INFO - Sending request to Ollama with model: llama3.2:latest
2025-05-25 00:09:20,595 - INFO - Ollama response status: 200
2025-05-25 00:09:20,598 - INFO - Received LLM response: SENTIMENT: NEUTRAL
CONFIDENCE: 50

KEY_THEMES: Reliance Industries' expansion into solar energy, Mukesh Ambani's meetings with Trump and the Qatar emir, diesel exports, Campa Cola brand's impact on Coca-Cola and PepsiCo in India.

Analysis:

The recent news headlines provide mixed information about Reliance Industries, a key player in the Indian market. On one hand, the company is expanding its solar energy capabilities, which could be seen as a positive development for the environment and the country's energy sector. However, the diesel exports data suggests that Reliance Industries' production was lower than expected, which could have a negative impact on the company's revenue.

The meeting between Mukesh Ambani and Trump, as well as his meeting with the Qatar emir, may indicate efforts to expand business ties and investments in these countries. This could be seen as a positive development for Reliance Industries, but it is also unclear how these meetings will directly
2025-05-25 00:09:20,599 - WARNING - Error parsing quoted themes: No closing quotation
2025-05-25 00:09:20,599 - INFO - Parsed sentiment result: {'sentiment': 'NEUTRAL', 'confidence': 50, 'themes': ["Reliance Industries' expansion into solar energy", "Mukesh Ambani's meetings with Trump and the Qatar emir", 'diesel exports']}
2025-05-25 00:09:20,599 - INFO - 
Sentiment Analysis Results:
2025-05-25 00:09:20,599 - INFO - Stock: RELIANCE.NS
2025-05-25 00:09:20,599 - INFO - Sentiment: NEUTRAL
2025-05-25 00:09:20,599 - INFO - Confidence: 50
2025-05-25 00:09:20,599 - INFO - Themes: Reliance Industries' expansion into solar energy, Mukesh Ambani's meetings with Trump and the Qatar emir, diesel exports
2025-05-25 00:09:22,602 - INFO - 
==================================================
2025-05-25 00:09:22,602 - INFO - Testing sentiment analysis for TCS.NS
2025-05-25 00:09:22,602 - INFO - ==================================================
2025-05-25 00:09:22,604 - INFO - Fetching news for ticker: TCS.NS
2025-05-25 00:09:22,892 - INFO - Found 10 total news items from Yahoo Finance
2025-05-25 00:09:22,892 - INFO - Found 5 relevant headlines from Yahoo Finance for TCS.NS
2025-05-25 00:09:22,892 - INFO - Analyzing sentiment for TCS.NS with headlines: ["{'id': '1bb70d34-f3a3-3347-bbd9-cd7965d6824f', 'contentType': 'STORY', 'title': 'Tata Consultancy Services carries out internal probe into M&S hack, FT reports', 'description': '', 'summary': 'M&S declined to comment and TCS did not immediately respond to a Reuters request for comment.  The cyberattack which M&S disclosed in April will cost the company about 300 million pounds ($404.9 million) in lost operating profit, and disruption to online services is likely until July.', 'pubDate': '2025-05-23T10:44:27Z', 'displayTime': '2025-05-23T10:44:27Z', 'isHosted': True, 'bypassModal': False, 'previewUrl': None, 'thumbnail': {'originalUrl': 'https://media.zenfs.com/en/reuters.com/d608865eabed4b90a88270d90a6e47b5', 'originalWidth': 800, 'originalHeight': 505, 'caption': 'Illustration shows TCS: Tata Consultancy Services logo', 'resolutions': [{'url': 'https://s.yimg.com/uu/api/res/1.2/tm.iNfN97Y5xaQqqJmpAWg--~B/aD01MDU7dz04MDA7YXBwaWQ9eXRhY2h5b24-/https://media.zenfs.com/en/reuters.com/d608865eabed4b90a88270d90a6e47b5', 'width': 800, 'height': 505, 'tag': 'original'}, {'url': 'https://s.yimg.com/uu/api/res/1.2/BfBYoswdb.IM2UGXL7YlQA--~B/Zmk9c3RyaW07aD0xMjg7dz0xNzA7YXBwaWQ9eXRhY2h5b24-/https://media.zenfs.com/en/reuters.com/d608865eabed4b90a88270d90a6e47b5', 'width': 170, 'height': 128, 'tag': '170x128'}]}, 'provider': {'displayName': 'Reuters', 'url': 'https://www.reuters.com/'}, 'canonicalUrl': {'url': 'https://finance.yahoo.com/news/tata-consultancy-services-carries-internal-104427057.html', 'site': 'finance', 'region': 'US', 'lang': 'en-US'}, 'clickThroughUrl': {'url': 'https://finance.yahoo.com/news/tata-consultancy-services-carries-internal-104427057.html', 'site': 'finance', 'region': 'US', 'lang': 'en-US'}, 'metadata': {'editorsPick': False}, 'finance': {'premiumFinance': {'isPremiumNews': False, 'isPremiumFreeNews': False}}, 'storyline': None}", '{\'id\': \'c85b93c8-9a78-3ccb-a202-a795542ea6d9\', \'contentType\': \'STORY\', \'title\': \'TCS expands partnership with SAP to drive cloud adoption\', \'description\': \'\', \'summary\': "The two companies will jointly work to support customers through the \'RISE with SAP\' initiative.", \'pubDate\': \'2025-05-02T10:12:48Z\', \'displayTime\': \'2025-05-02T10:12:48Z\', \'isHosted\': True, \'bypassModal\': False, \'previewUrl\': None, \'thumbnail\': {\'originalUrl\': \'https://media.zenfs.com/en/verdict_626/bb981f6c3332bb3037894d2d505ba89f\', \'originalWidth\': 1437, \'originalHeight\': 811, \'caption\': \'TCS will leverage its TCS Pace Port innovation network. Credit: Piotr Swat/Shutterstock.\', \'resolutions\': [{\'url\': \'https://s.yimg.com/uu/api/res/1.2/oEcWZB5k9XjZ8PDsaFejDg--~B/aD04MTE7dz0xNDM3O2FwcGlkPXl0YWNoeW9u/https://media.zenfs.com/en/verdict_626/bb981f6c3332bb3037894d2d505ba89f\', \'width\': 1437, \'height\': 811, \'tag\': \'original\'}, {\'url\': \'https://s.yimg.com/uu/api/res/1.2/9Qmdc8QLoVDr5WaMmqdneA--~B/Zmk9c3RyaW07aD0xMjg7dz0xNzA7YXBwaWQ9eXRhY2h5b24-/https://media.zenfs.com/en/verdict_626/bb981f6c3332bb3037894d2d505ba89f\', \'width\': 170, \'height\': 128, \'tag\': \'170x128\'}]}, \'provider\': {\'displayName\': \'Verdict\', \'url\': \'https://www.globaldata.com/\'}, \'canonicalUrl\': {\'url\': \'https://www.verdict.co.uk/tcs-sap-cloud-adoption/\', \'site\': \'finance\', \'region\': \'US\', \'lang\': \'en-US\'}, \'clickThroughUrl\': {\'url\': \'https://finance.yahoo.com/news/tcs-expands-partnership-sap-drive-101248167.html\', \'site\': \'finance\', \'region\': \'US\', \'lang\': \'en-US\'}, \'metadata\': {\'editorsPick\': False}, \'finance\': {\'premiumFinance\': {\'isPremiumNews\': False, \'isPremiumFreeNews\': False}}, \'storyline\': None}', "{'id': '4aac023d-6d8c-3420-ba4b-7c4fa6a2537c', 'contentType': 'STORY', 'title': 'Tata Consultancy Services Ltd (BOM:532540) Q4 2025 Earnings Call Highlights: Surpassing $30 ...', 'description': '', 'summary': 'Tata Consultancy Services Ltd (BOM:532540) reports strong fiscal year growth despite margin pressures and regional revenue declines.', 'pubDate': '2025-04-11T07:01:18Z', 'displayTime': '2025-04-11T07:01:18Z', 'isHosted': True, 'bypassModal': False, 'previewUrl': None, 'thumbnail': None, 'provider': {'displayName': 'GuruFocus.com', 'url': 'http://www.gurufocus.com/'}, 'canonicalUrl': {'url': 'https://finance.yahoo.com/news/tata-consultancy-services-ltd-bom-070118452.html', 'site': 'finance', 'region': 'US', 'lang': 'en-US'}, 'clickThroughUrl': {'url': 'https://finance.yahoo.com/news/tata-consultancy-services-ltd-bom-070118452.html', 'site': 'finance', 'region': 'US', 'lang': 'en-US'}, 'metadata': {'editorsPick': False}, 'finance': {'premiumFinance': {'isPremiumNews': False, 'isPremiumFreeNews': False}}, 'storyline': None}", '{\'id\': \'f1344859-d72b-33db-8876-471fce9c3eb4\', \'contentType\': \'STORY\', \'title\': "India\'s TCS warns US tariff chaos hurting client sentiment", \'description\': \'\', \'summary\': "BENGALURU (Reuters) -India\'s top software-services exporter Tata Consultancy Services reported weaker-than-expected quarterly results on Thursday and warned uncertainty around U.S. tariffs was prompting clients to rethink discretionary projects.  The $283 billion Indian IT sector was counting on the Trump administration\'s business-friendly policies to revive client confidence and spending in its biggest market, but the U.S. tariff saga has soured expectations of any immediate upswing in fortunes.", \'pubDate\': \'2025-04-10T10:46:40Z\', \'displayTime\': \'2025-04-10T10:46:40Z\', \'isHosted\': True, \'bypassModal\': False, \'previewUrl\': None, \'thumbnail\': {\'originalUrl\': \'https://media.zenfs.com/en/reuters.com/b3b2cabb8200f6c280fbf853979ae22a\', \'originalWidth\': 800, \'originalHeight\': 512, \'caption\': "A man walks past a logo of Tata Consultancy Services (TCS) before a press conference announcing the company\'s quarterly results in Mumbai", \'resolutions\': [{\'url\': \'https://s.yimg.com/uu/api/res/1.2/p_8wAmgwYP7.gXqiHSQG2Q--~B/aD01MTI7dz04MDA7YXBwaWQ9eXRhY2h5b24-/https://media.zenfs.com/en/reuters.com/b3b2cabb8200f6c280fbf853979ae22a\', \'width\': 800, \'height\': 512, \'tag\': \'original\'}, {\'url\': \'https://s.yimg.com/uu/api/res/1.2/qsi8zU9gdLmnPqg8PVS4og--~B/Zmk9c3RyaW07aD0xMjg7dz0xNzA7YXBwaWQ9eXRhY2h5b24-/https://media.zenfs.com/en/reuters.com/b3b2cabb8200f6c280fbf853979ae22a\', \'width\': 170, \'height\': 128, \'tag\': \'170x128\'}]}, \'provider\': {\'displayName\': \'Reuters\', \'url\': \'https://www.reuters.com/\'}, \'canonicalUrl\': {\'url\': \'https://finance.yahoo.com/news/indias-tcs-misses-fourth-quarter-104640504.html\', \'site\': \'finance\', \'region\': \'US\', \'lang\': \'en-US\'}, \'clickThroughUrl\': {\'url\': \'https://finance.yahoo.com/news/indias-tcs-misses-fourth-quarter-104640504.html\', \'site\': \'finance\', \'region\': \'US\', \'lang\': \'en-US\'}, \'metadata\': {\'editorsPick\': False}, \'finance\': {\'premiumFinance\': {\'isPremiumNews\': False, \'isPremiumFreeNews\': False}}, \'storyline\': None}', '{\'id\': \'32367872-10e4-3788-8b13-e8eefc7b630e\', \'contentType\': \'STORY\', \'title\': \'The Cumberland taps TCS for core system overhaul\', \'description\': \'\', \'summary\': "The partnership aims to “future-proof” The Cumberland\'s banking infrastructure and enhance service flexibility at its branches.", \'pubDate\': \'2025-03-21T12:17:28Z\', \'displayTime\': \'2025-03-21T12:17:28Z\', \'isHosted\': True, \'bypassModal\': False, \'previewUrl\': None, \'thumbnail\': {\'originalUrl\': \'https://media.zenfs.com/en/retail_banker_international_407/074eba11360eb8e40d8692cd12a7bdec\', \'originalWidth\': 1440, \'originalHeight\': 810, \'caption\': \'The collaboration will enable the implementation of TCS BaNCS for Core Banking to improve operational efficiency. Credit: Tada Images/Shutterstock.\', \'resolutions\': [{\'url\': \'https://s.yimg.com/uu/api/res/1.2/x72i_u96jk67chbrYr4_kw--~B/aD04MTA7dz0xNDQwO2FwcGlkPXl0YWNoeW9u/https://media.zenfs.com/en/retail_banker_international_407/074eba11360eb8e40d8692cd12a7bdec\', \'width\': 1440, \'height\': 810, \'tag\': \'original\'}, {\'url\': \'https://s.yimg.com/uu/api/res/1.2/BtePQkfuz0BN.xldm3TnEw--~B/Zmk9c3RyaW07aD0xMjg7dz0xNzA7YXBwaWQ9eXRhY2h5b24-/https://media.zenfs.com/en/retail_banker_international_407/074eba11360eb8e40d8692cd12a7bdec\', \'width\': 170, \'height\': 128, \'tag\': \'170x128\'}]}, \'provider\': {\'displayName\': \'Retail Banker International\', \'url\': \'https://www.globaldata.com/\'}, \'canonicalUrl\': {\'url\': \'https://www.retailbankerinternational.com/news/the-cumberland-taps-tcs-overhaul/\', \'site\': \'finance\', \'region\': \'US\', \'lang\': \'en-US\'}, \'clickThroughUrl\': {\'url\': \'https://finance.yahoo.com/news/cumberland-taps-tcs-core-system-121728910.html\', \'site\': \'finance\', \'region\': \'US\', \'lang\': \'en-US\'}, \'metadata\': {\'editorsPick\': False}, \'finance\': {\'premiumFinance\': {\'isPremiumNews\': False, \'isPremiumFreeNews\': False}}, \'storyline\': None}']
2025-05-25 00:09:22,892 - INFO - Sending prompt to LLM: 
            Analyze the sentiment of these recent news headlines for TCS.NS stock.
            Consider the overall tone, specific events, and market implications.
            
            Headlines:
            - {'id': '1bb70d34-f3a3-3347-bbd9-cd7965d6824f', 'contentType': 'STORY', 'title': 'Tata Consultancy Services carries out internal probe into M&S hack, FT reports', 'description': '', 'summary': 'M&S declined to comment and TCS did not immediately respond to a Reuters request for comment.  The cyberattack which M&S disclosed in April will cost the company about 300 million pounds ($404.9 million) in lost operating profit, and disruption to online services is likely until July.', 'pubDate': '2025-05-23T10:44:27Z', 'displayTime': '2025-05-23T10:44:27Z', 'isHosted': True, 'bypassModal': False, 'previewUrl': None, 'thumbnail': {'originalUrl': 'https://media.zenfs.com/en/reuters.com/d608865eabed4b90a88270d90a6e47b5', 'originalWidth': 800, 'originalHeight': 505, 'caption': 'Illustration shows TCS: Tata Consultancy Services logo', 'resolutions': [{'url': 'https://s.yimg.com/uu/api/res/1.2/tm.iNfN97Y5xaQqqJmpAWg--~B/aD01MDU7dz04MDA7YXBwaWQ9eXRhY2h5b24-/https://media.zenfs.com/en/reuters.com/d608865eabed4b90a88270d90a6e47b5', 'width': 800, 'height': 505, 'tag': 'original'}, {'url': 'https://s.yimg.com/uu/api/res/1.2/BfBYoswdb.IM2UGXL7YlQA--~B/Zmk9c3RyaW07aD0xMjg7dz0xNzA7YXBwaWQ9eXRhY2h5b24-/https://media.zenfs.com/en/reuters.com/d608865eabed4b90a88270d90a6e47b5', 'width': 170, 'height': 128, 'tag': '170x128'}]}, 'provider': {'displayName': 'Reuters', 'url': 'https://www.reuters.com/'}, 'canonicalUrl': {'url': 'https://finance.yahoo.com/news/tata-consultancy-services-carries-internal-104427057.html', 'site': 'finance', 'region': 'US', 'lang': 'en-US'}, 'clickThroughUrl': {'url': 'https://finance.yahoo.com/news/tata-consultancy-services-carries-internal-104427057.html', 'site': 'finance', 'region': 'US', 'lang': 'en-US'}, 'metadata': {'editorsPick': False}, 'finance': {'premiumFinance': {'isPremiumNews': False, 'isPremiumFreeNews': False}}, 'storyline': None}
- {'id': 'c85b93c8-9a78-3ccb-a202-a795542ea6d9', 'contentType': 'STORY', 'title': 'TCS expands partnership with SAP to drive cloud adoption', 'description': '', 'summary': "The two companies will jointly work to support customers through the 'RISE with SAP' initiative.", 'pubDate': '2025-05-02T10:12:48Z', 'displayTime': '2025-05-02T10:12:48Z', 'isHosted': True, 'bypassModal': False, 'previewUrl': None, 'thumbnail': {'originalUrl': 'https://media.zenfs.com/en/verdict_626/bb981f6c3332bb3037894d2d505ba89f', 'originalWidth': 1437, 'originalHeight': 811, 'caption': 'TCS will leverage its TCS Pace Port innovation network. Credit: Piotr Swat/Shutterstock.', 'resolutions': [{'url': 'https://s.yimg.com/uu/api/res/1.2/oEcWZB5k9XjZ8PDsaFejDg--~B/aD04MTE7dz0xNDM3O2FwcGlkPXl0YWNoeW9u/https://media.zenfs.com/en/verdict_626/bb981f6c3332bb3037894d2d505ba89f', 'width': 1437, 'height': 811, 'tag': 'original'}, {'url': 'https://s.yimg.com/uu/api/res/1.2/9Qmdc8QLoVDr5WaMmqdneA--~B/Zmk9c3RyaW07aD0xMjg7dz0xNzA7YXBwaWQ9eXRhY2h5b24-/https://media.zenfs.com/en/verdict_626/bb981f6c3332bb3037894d2d505ba89f', 'width': 170, 'height': 128, 'tag': '170x128'}]}, 'provider': {'displayName': 'Verdict', 'url': 'https://www.globaldata.com/'}, 'canonicalUrl': {'url': 'https://www.verdict.co.uk/tcs-sap-cloud-adoption/', 'site': 'finance', 'region': 'US', 'lang': 'en-US'}, 'clickThroughUrl': {'url': 'https://finance.yahoo.com/news/tcs-expands-partnership-sap-drive-101248167.html', 'site': 'finance', 'region': 'US', 'lang': 'en-US'}, 'metadata': {'editorsPick': False}, 'finance': {'premiumFinance': {'isPremiumNews': False, 'isPremiumFreeNews': False}}, 'storyline': None}
- {'id': '4aac023d-6d8c-3420-ba4b-7c4fa6a2537c', 'contentType': 'STORY', 'title': 'Tata Consultancy Services Ltd (BOM:532540) Q4 2025 Earnings Call Highlights: Surpassing $30 ...', 'description': '', 'summary': 'Tata Consultancy Services Ltd (BOM:532540) reports strong fiscal year growth despite margin pressures and regional revenue declines.', 'pubDate': '2025-04-11T07:01:18Z', 'displayTime': '2025-04-11T07:01:18Z', 'isHosted': True, 'bypassModal': False, 'previewUrl': None, 'thumbnail': None, 'provider': {'displayName': 'GuruFocus.com', 'url': 'http://www.gurufocus.com/'}, 'canonicalUrl': {'url': 'https://finance.yahoo.com/news/tata-consultancy-services-ltd-bom-070118452.html', 'site': 'finance', 'region': 'US', 'lang': 'en-US'}, 'clickThroughUrl': {'url': 'https://finance.yahoo.com/news/tata-consultancy-services-ltd-bom-070118452.html', 'site': 'finance', 'region': 'US', 'lang': 'en-US'}, 'metadata': {'editorsPick': False}, 'finance': {'premiumFinance': {'isPremiumNews': False, 'isPremiumFreeNews': False}}, 'storyline': None}
- {'id': 'f1344859-d72b-33db-8876-471fce9c3eb4', 'contentType': 'STORY', 'title': "India's TCS warns US tariff chaos hurting client sentiment", 'description': '', 'summary': "BENGALURU (Reuters) -India's top software-services exporter Tata Consultancy Services reported weaker-than-expected quarterly results on Thursday and warned uncertainty around U.S. tariffs was prompting clients to rethink discretionary projects.  The $283 billion Indian IT sector was counting on the Trump administration's business-friendly policies to revive client confidence and spending in its biggest market, but the U.S. tariff saga has soured expectations of any immediate upswing in fortunes.", 'pubDate': '2025-04-10T10:46:40Z', 'displayTime': '2025-04-10T10:46:40Z', 'isHosted': True, 'bypassModal': False, 'previewUrl': None, 'thumbnail': {'originalUrl': 'https://media.zenfs.com/en/reuters.com/b3b2cabb8200f6c280fbf853979ae22a', 'originalWidth': 800, 'originalHeight': 512, 'caption': "A man walks past a logo of Tata Consultancy Services (TCS) before a press conference announcing the company's quarterly results in Mumbai", 'resolutions': [{'url': 'https://s.yimg.com/uu/api/res/1.2/p_8wAmgwYP7.gXqiHSQG2Q--~B/aD01MTI7dz04MDA7YXBwaWQ9eXRhY2h5b24-/https://media.zenfs.com/en/reuters.com/b3b2cabb8200f6c280fbf853979ae22a', 'width': 800, 'height': 512, 'tag': 'original'}, {'url': 'https://s.yimg.com/uu/api/res/1.2/qsi8zU9gdLmnPqg8PVS4og--~B/Zmk9c3RyaW07aD0xMjg7dz0xNzA7YXBwaWQ9eXRhY2h5b24-/https://media.zenfs.com/en/reuters.com/b3b2cabb8200f6c280fbf853979ae22a', 'width': 170, 'height': 128, 'tag': '170x128'}]}, 'provider': {'displayName': 'Reuters', 'url': 'https://www.reuters.com/'}, 'canonicalUrl': {'url': 'https://finance.yahoo.com/news/indias-tcs-misses-fourth-quarter-104640504.html', 'site': 'finance', 'region': 'US', 'lang': 'en-US'}, 'clickThroughUrl': {'url': 'https://finance.yahoo.com/news/indias-tcs-misses-fourth-quarter-104640504.html', 'site': 'finance', 'region': 'US', 'lang': 'en-US'}, 'metadata': {'editorsPick': False}, 'finance': {'premiumFinance': {'isPremiumNews': False, 'isPremiumFreeNews': False}}, 'storyline': None}
- {'id': '32367872-10e4-3788-8b13-e8eefc7b630e', 'contentType': 'STORY', 'title': 'The Cumberland taps TCS for core system overhaul', 'description': '', 'summary': "The partnership aims to “future-proof” The Cumberland's banking infrastructure and enhance service flexibility at its branches.", 'pubDate': '2025-03-21T12:17:28Z', 'displayTime': '2025-03-21T12:17:28Z', 'isHosted': True, 'bypassModal': False, 'previewUrl': None, 'thumbnail': {'originalUrl': 'https://media.zenfs.com/en/retail_banker_international_407/074eba11360eb8e40d8692cd12a7bdec', 'originalWidth': 1440, 'originalHeight': 810, 'caption': 'The collaboration will enable the implementation of TCS BaNCS for Core Banking to improve operational efficiency. Credit: Tada Images/Shutterstock.', 'resolutions': [{'url': 'https://s.yimg.com/uu/api/res/1.2/x72i_u96jk67chbrYr4_kw--~B/aD04MTA7dz0xNDQwO2FwcGlkPXl0YWNoeW9u/https://media.zenfs.com/en/retail_banker_international_407/074eba11360eb8e40d8692cd12a7bdec', 'width': 1440, 'height': 810, 'tag': 'original'}, {'url': 'https://s.yimg.com/uu/api/res/1.2/BtePQkfuz0BN.xldm3TnEw--~B/Zmk9c3RyaW07aD0xMjg7dz0xNzA7YXBwaWQ9eXRhY2h5b24-/https://media.zenfs.com/en/retail_banker_international_407/074eba11360eb8e40d8692cd12a7bdec', 'width': 170, 'height': 128, 'tag': '170x128'}]}, 'provider': {'displayName': 'Retail Banker International', 'url': 'https://www.globaldata.com/'}, 'canonicalUrl': {'url': 'https://www.retailbankerinternational.com/news/the-cumberland-taps-tcs-overhaul/', 'site': 'finance', 'region': 'US', 'lang': 'en-US'}, 'clickThroughUrl': {'url': 'https://finance.yahoo.com/news/cumberland-taps-tcs-core-system-121728910.html', 'site': 'finance', 'region': 'US', 'lang': 'en-US'}, 'metadata': {'editorsPick': False}, 'finance': {'premiumFinance': {'isPremiumNews': False, 'isPremiumFreeNews': False}}, 'storyline': None}
            
            Provide your analysis in this exact format (include all sections):
            
            SENTIMENT: [POSITIVE/NEGATIVE/NEUTRAL]
            CONFIDENCE: [0-100]
            KEY_THEMES: [comma-separated list of 2-3 key themes or topics]
            
            Be specific and focus on actionable insights. If unsure, mark as NEUTRAL with 50 confidence.
            
2025-05-25 00:09:22,893 - INFO - Sending request to Ollama with model: llama3.2:latest
2025-05-25 00:09:36,164 - INFO - Ollama response status: 200
2025-05-25 00:09:36,166 - INFO - Received LLM response: SENTIMENT: NEUTRAL
CONFIDENCE: 60

KEY_THEMES: TCS partnership with SAP, impact of US tariffs on Indian IT sector, core system overhaul for The Cumberland.

Analysis:

The recent news headlines about TCS.NS stock provide a mixed sentiment analysis. On one hand, the expansion of TCS' partnership with SAP to drive cloud adoption (Story 2) and the company's strong fiscal year growth despite margin pressures and regional revenue declines (Story 4) suggest a positive tone. These stories highlight TCS' ability to adapt to changing market conditions and its commitment to innovation.

On the other hand, the warning from India's top software-services exporter Tata Consultancy Services that US tariff chaos is hurting client sentiment (Story 5) and the impact of US tariffs on the Indian IT sector (Story 5) suggest a negative tone. These stories indicate that TCS is not immune to the global economic uncertainty caused by trade tensions.

The partnership with The Cumberland
2025-05-25 00:09:36,167 - INFO - Parsed sentiment result: {'sentiment': 'NEUTRAL', 'confidence': 60, 'themes': ['TCS partnership with SAP', 'impact of US tariffs on Indian IT sector', 'core system overhaul for The Cumberland']}
2025-05-25 00:09:36,167 - INFO - 
Sentiment Analysis Results:
2025-05-25 00:09:36,167 - INFO - Stock: TCS.NS
2025-05-25 00:09:36,167 - INFO - Sentiment: NEUTRAL
2025-05-25 00:09:36,167 - INFO - Confidence: 60
2025-05-25 00:09:36,167 - INFO - Themes: TCS partnership with SAP, impact of US tariffs on Indian IT sector, core system overhaul for The Cumberland
2025-05-25 00:09:38,172 - INFO - 
==================================================
2025-05-25 00:09:38,173 - INFO - Testing sentiment analysis for HDFCBANK.NS
2025-05-25 00:09:38,173 - INFO - ==================================================
2025-05-25 00:09:38,173 - INFO - Fetching news for ticker: HDFCBANK.NS
2025-05-25 00:09:38,429 - INFO - Found 10 total news items from Yahoo Finance
2025-05-25 00:09:38,430 - INFO - Found 5 relevant headlines from Yahoo Finance for HDFCBANK.NS
2025-05-25 00:09:38,430 - INFO - Analyzing sentiment for HDFCBANK.NS with headlines: ["{'id': '29c4caf5-a422-33e8-b735-e59f66299a75', 'contentType': 'STORY', 'title': 'Is the Options Market Predicting a Spike in HDFC Bank (HDB) Stock?', 'description': '', 'summary': 'Investors need to pay close attention to HDFC Bank (HDB) stock based on the movements in the options market lately.', 'pubDate': '2025-05-19T15:29:00Z', 'displayTime': '2025-05-19T15:29:00Z', 'isHosted': True, 'bypassModal': False, 'previewUrl': None, 'thumbnail': {'originalUrl': 'https://media.zenfs.com/en/zacks.com/9fff9f84f51f11966f715ae738f14e1c', 'originalWidth': 635, 'originalHeight': 400, 'caption': '', 'resolutions': [{'url': 'https://s.yimg.com/uu/api/res/1.2/C0A28mdnkvImCwAim9iKdA--~B/aD00MDA7dz02MzU7YXBwaWQ9eXRhY2h5b24-/https://media.zenfs.com/en/zacks.com/9fff9f84f51f11966f715ae738f14e1c', 'width': 635, 'height': 400, 'tag': 'original'}, {'url': 'https://s.yimg.com/uu/api/res/1.2/lb5OMPWWyNvq8R23p0SyrA--~B/Zmk9c3RyaW07aD0xMjg7dz0xNzA7YXBwaWQ9eXRhY2h5b24-/https://media.zenfs.com/en/zacks.com/9fff9f84f51f11966f715ae738f14e1c', 'width': 170, 'height': 128, 'tag': '170x128'}]}, 'provider': {'displayName': 'Zacks', 'url': 'http://www.zacks.com/'}, 'canonicalUrl': {'url': 'https://finance.yahoo.com/news/options-market-predicting-spike-hdfc-152900430.html', 'site': 'finance', 'region': 'US', 'lang': 'en-US'}, 'clickThroughUrl': {'url': 'https://finance.yahoo.com/news/options-market-predicting-spike-hdfc-152900430.html', 'site': 'finance', 'region': 'US', 'lang': 'en-US'}, 'metadata': {'editorsPick': False}, 'finance': {'premiumFinance': {'isPremiumNews': False, 'isPremiumFreeNews': False}}, 'storyline': None}", '{\'id\': \'2fe253a0-593b-3021-b5f3-dc0736ca4672\', \'contentType\': \'STORY\', \'title\': \'Indian benchmarks log biggest five-day gains in four years as financials rally\', \'description\': \'\', \'summary\': "India\'s benchmark indexes logged their biggest five-day gains since February 2021, boosted by heavyweight financials following better-than-expected earnings, while a weaker U.S. dollar further propped up investor sentiment.  The Nifty 50  gained 1.15% to 24,125.55 on Monday, while the BSE Sensex rose 1.09% to 79,408.50.  Financials, which comprise over 37% of the Nifty 50, have jumped 9.5% in five sessions and hit lifetime highs.", \'pubDate\': \'2025-04-21T02:43:42Z\', \'displayTime\': \'2025-04-21T02:43:42Z\', \'isHosted\': True, \'bypassModal\': False, \'previewUrl\': None, \'thumbnail\': {\'originalUrl\': \'https://media.zenfs.com/en/reuters.com/a29b30409a67269f7ab6188accf2caa9\', \'originalWidth\': 800, \'originalHeight\': 542, \'caption\': \'Men walk past a screen displaying market results outside the Bombay Stock Exchange (BSE) in Mumbai\', \'resolutions\': [{\'url\': \'https://s.yimg.com/uu/api/res/1.2/0wNn94tQJHO66RPLDPPPrg--~B/aD01NDI7dz04MDA7YXBwaWQ9eXRhY2h5b24-/https://media.zenfs.com/en/reuters.com/a29b30409a67269f7ab6188accf2caa9\', \'width\': 800, \'height\': 542, \'tag\': \'original\'}, {\'url\': \'https://s.yimg.com/uu/api/res/1.2/leb_zy8aFZk9jKpa1IukhQ--~B/Zmk9c3RyaW07aD0xMjg7dz0xNzA7YXBwaWQ9eXRhY2h5b24-/https://media.zenfs.com/en/reuters.com/a29b30409a67269f7ab6188accf2caa9\', \'width\': 170, \'height\': 128, \'tag\': \'170x128\'}]}, \'provider\': {\'displayName\': \'Reuters\', \'url\': \'https://www.reuters.com/\'}, \'canonicalUrl\': {\'url\': \'https://sg.finance.yahoo.com/news/indian-benchmarks-likely-open-flat-024342790.html\', \'site\': \'finance\', \'region\': \'SG\', \'lang\': \'en-SG\'}, \'clickThroughUrl\': {\'url\': \'https://finance.yahoo.com/news/indian-benchmarks-likely-open-flat-024342790.html\', \'site\': \'finance\', \'region\': \'US\', \'lang\': \'en-US\'}, \'metadata\': {\'editorsPick\': False}, \'finance\': {\'premiumFinance\': {\'isPremiumNews\': False, \'isPremiumFreeNews\': False}}, \'storyline\': None}', "{'id': '2d323c37-703b-3340-837f-94ef3205fe1f', 'contentType': 'STORY', 'title': 'HDFC Bank Ltd (HDB) Q4 2025 Earnings Call Highlights: Strong Deposit Growth and Pristine Asset ...', 'description': '', 'summary': 'HDFC Bank Ltd (HDB) showcases robust financial stability with reduced credit deposit ratio and stable net interest margins, despite facing global economic challenges.', 'pubDate': '2025-04-20T07:00:21Z', 'displayTime': '2025-04-20T07:00:21Z', 'isHosted': True, 'bypassModal': False, 'previewUrl': None, 'thumbnail': {'originalUrl': 'https://media.zenfs.com/en/us.finance.gurufocus/5e2475e282daf59dda755837d90721a9', 'originalWidth': 134, 'originalHeight': 134, 'caption': '', 'resolutions': [{'url': 'https://s.yimg.com/uu/api/res/1.2/xlS5jajQAJ2k10VicwV6_g--~B/aD0xMzQ7dz0xMzQ7YXBwaWQ9eXRhY2h5b24-/https://media.zenfs.com/en/us.finance.gurufocus/5e2475e282daf59dda755837d90721a9', 'width': 134, 'height': 134, 'tag': 'original'}, {'url': 'https://s.yimg.com/uu/api/res/1.2/KEdqSExSYqgOD6Q4jIa7Tg--~B/Zmk9c3RyaW07aD0xMjg7dz0xNzA7YXBwaWQ9eXRhY2h5b24-/https://media.zenfs.com/en/us.finance.gurufocus/5e2475e282daf59dda755837d90721a9', 'width': 170, 'height': 128, 'tag': '170x128'}]}, 'provider': {'displayName': 'GuruFocus.com', 'url': 'http://www.gurufocus.com/'}, 'canonicalUrl': {'url': 'https://finance.yahoo.com/news/hdfc-bank-ltd-hdb-q4-070021819.html', 'site': 'finance', 'region': 'US', 'lang': 'en-US'}, 'clickThroughUrl': {'url': 'https://finance.yahoo.com/news/hdfc-bank-ltd-hdb-q4-070021819.html', 'site': 'finance', 'region': 'US', 'lang': 'en-US'}, 'metadata': {'editorsPick': False}, 'finance': {'premiumFinance': {'isPremiumNews': False, 'isPremiumFreeNews': False}}, 'storyline': None}", '{\'id\': \'4bfce8a9-2116-30eb-94ea-75ba088ddb5f\', \'contentType\': \'STORY\', \'title\': "India\'s HDFC Bank hits four-month high as deposit rate cut seen lifting margins", \'description\': \'\', \'summary\': "Shares of India\'s HDFC Bank rose as much as 4% on Tuesday to 1,876.80 rupees and were set for their best day in 10 months, after its deposit rate cuts were seen as a margin boost amid slowing loan growth in the industry.  India\'s largest private lender rose to 1,876.80 rupees as of 8:53 a.m. GMT, its highest since early December, after the bank cut savings deposit rates by 25 basis points across tiers - its first cut in the under-5-million-rupee ($58,263) category in five years.  Brokerage Macquarie said the rate cut could boost HDFC Bank\'s margins by five basis points starting the first quarter of fiscal 2026, while Jefferies estimated it would reduce costs on 23% of its deposits.", \'pubDate\': \'2025-04-15T08:47:24Z\', \'displayTime\': \'2025-04-15T08:47:24Z\', \'isHosted\': True, \'bypassModal\': False, \'previewUrl\': None, \'thumbnail\': {\'originalUrl\': \'https://media.zenfs.com/en/reuters.com/c16af189f4dcc9f240b5a384acfa4c16\', \'originalWidth\': 800, \'originalHeight\': 552, \'caption\': "The headquarters of India\'s HDFC bank is pictured in Mumbai", \'resolutions\': [{\'url\': \'https://s.yimg.com/uu/api/res/1.2/Y8sX7nGUC5jgaucS6RtWLg--~B/aD01NTI7dz04MDA7YXBwaWQ9eXRhY2h5b24-/https://media.zenfs.com/en/reuters.com/c16af189f4dcc9f240b5a384acfa4c16\', \'width\': 800, \'height\': 552, \'tag\': \'original\'}, {\'url\': \'https://s.yimg.com/uu/api/res/1.2/OM1nWpXIr62T21H_fAkbLw--~B/Zmk9c3RyaW07aD0xMjg7dz0xNzA7YXBwaWQ9eXRhY2h5b24-/https://media.zenfs.com/en/reuters.com/c16af189f4dcc9f240b5a384acfa4c16\', \'width\': 170, \'height\': 128, \'tag\': \'170x128\'}]}, \'provider\': {\'displayName\': \'Reuters\', \'url\': \'https://www.reuters.com/\'}, \'canonicalUrl\': {\'url\': \'https://sg.finance.yahoo.com/news/indias-hdfc-bank-hits-four-084724842.html\', \'site\': \'finance\', \'region\': \'SG\', \'lang\': \'en-SG\'}, \'clickThroughUrl\': {\'url\': \'https://finance.yahoo.com/news/indias-hdfc-bank-hits-four-084724842.html\', \'site\': \'finance\', \'region\': \'US\', \'lang\': \'en-US\'}, \'metadata\': {\'editorsPick\': False}, \'finance\': {\'premiumFinance\': {\'isPremiumNews\': False, \'isPremiumFreeNews\': False}}, \'storyline\': None}', "{'id': '2d731b88-f598-385f-8c54-d0b8e34a34be', 'contentType': 'STORY', 'title': 'HDFC Bank (HDB): The Best Indian Stock to Buy According to Billionaires', 'description': '', 'summary': 'We recently published a list of the 10 Best Indian Stocks to Buy According to Billionaires. In this article, we will take a look at where HDFC Bank Limited (NYSE:HDB) stands against other best Indian stocks. India’s stock market had a rough ride during the second half of FY25, amid uncertainty around US tariffs, weak […]', 'pubDate': '2025-04-14T14:11:48Z', 'displayTime': '2025-04-14T14:11:48Z', 'isHosted': True, 'bypassModal': False, 'previewUrl': None, 'thumbnail': {'originalUrl': 'https://media.zenfs.com/en/insidermonkey.com/666484a7dbf9a580c51efd5fef381187', 'originalWidth': 1456, 'originalHeight': 816, 'caption': 'Is HDFC Bank Limited (HDB) Among the Best Indian Stocks to Buy According to Billionaires?', 'resolutions': [{'url': 'https://s.yimg.com/uu/api/res/1.2/IKk5.O3E0m.0Vy3jsnFNyQ--~B/aD04MTY7dz0xNDU2O2FwcGlkPXl0YWNoeW9u/https://media.zenfs.com/en/insidermonkey.com/666484a7dbf9a580c51efd5fef381187', 'width': 1456, 'height': 816, 'tag': 'original'}, {'url': 'https://s.yimg.com/uu/api/res/1.2/Wfo.Vg5zsuFmyFPU6f8WXw--~B/Zmk9c3RyaW07aD0xMjg7dz0xNzA7YXBwaWQ9eXRhY2h5b24-/https://media.zenfs.com/en/insidermonkey.com/666484a7dbf9a580c51efd5fef381187', 'width': 170, 'height': 128, 'tag': '170x128'}]}, 'provider': {'displayName': 'Insider Monkey', 'url': 'http://www.insidermonkey.com'}, 'canonicalUrl': {'url': 'https://finance.yahoo.com/news/hdfc-bank-hdb-best-indian-141148135.html', 'site': 'finance', 'region': 'US', 'lang': 'en-US'}, 'clickThroughUrl': {'url': 'https://finance.yahoo.com/news/hdfc-bank-hdb-best-indian-141148135.html', 'site': 'finance', 'region': 'US', 'lang': 'en-US'}, 'metadata': {'editorsPick': False}, 'finance': {'premiumFinance': {'isPremiumNews': False, 'isPremiumFreeNews': False}}, 'storyline': None}"]
2025-05-25 00:09:38,431 - INFO - Sending prompt to LLM: 
            Analyze the sentiment of these recent news headlines for HDFCBANK.NS stock.
            Consider the overall tone, specific events, and market implications.
            
            Headlines:
            - {'id': '29c4caf5-a422-33e8-b735-e59f66299a75', 'contentType': 'STORY', 'title': 'Is the Options Market Predicting a Spike in HDFC Bank (HDB) Stock?', 'description': '', 'summary': 'Investors need to pay close attention to HDFC Bank (HDB) stock based on the movements in the options market lately.', 'pubDate': '2025-05-19T15:29:00Z', 'displayTime': '2025-05-19T15:29:00Z', 'isHosted': True, 'bypassModal': False, 'previewUrl': None, 'thumbnail': {'originalUrl': 'https://media.zenfs.com/en/zacks.com/9fff9f84f51f11966f715ae738f14e1c', 'originalWidth': 635, 'originalHeight': 400, 'caption': '', 'resolutions': [{'url': 'https://s.yimg.com/uu/api/res/1.2/C0A28mdnkvImCwAim9iKdA--~B/aD00MDA7dz02MzU7YXBwaWQ9eXRhY2h5b24-/https://media.zenfs.com/en/zacks.com/9fff9f84f51f11966f715ae738f14e1c', 'width': 635, 'height': 400, 'tag': 'original'}, {'url': 'https://s.yimg.com/uu/api/res/1.2/lb5OMPWWyNvq8R23p0SyrA--~B/Zmk9c3RyaW07aD0xMjg7dz0xNzA7YXBwaWQ9eXRhY2h5b24-/https://media.zenfs.com/en/zacks.com/9fff9f84f51f11966f715ae738f14e1c', 'width': 170, 'height': 128, 'tag': '170x128'}]}, 'provider': {'displayName': 'Zacks', 'url': 'http://www.zacks.com/'}, 'canonicalUrl': {'url': 'https://finance.yahoo.com/news/options-market-predicting-spike-hdfc-152900430.html', 'site': 'finance', 'region': 'US', 'lang': 'en-US'}, 'clickThroughUrl': {'url': 'https://finance.yahoo.com/news/options-market-predicting-spike-hdfc-152900430.html', 'site': 'finance', 'region': 'US', 'lang': 'en-US'}, 'metadata': {'editorsPick': False}, 'finance': {'premiumFinance': {'isPremiumNews': False, 'isPremiumFreeNews': False}}, 'storyline': None}
- {'id': '2fe253a0-593b-3021-b5f3-dc0736ca4672', 'contentType': 'STORY', 'title': 'Indian benchmarks log biggest five-day gains in four years as financials rally', 'description': '', 'summary': "India's benchmark indexes logged their biggest five-day gains since February 2021, boosted by heavyweight financials following better-than-expected earnings, while a weaker U.S. dollar further propped up investor sentiment.  The Nifty 50  gained 1.15% to 24,125.55 on Monday, while the BSE Sensex rose 1.09% to 79,408.50.  Financials, which comprise over 37% of the Nifty 50, have jumped 9.5% in five sessions and hit lifetime highs.", 'pubDate': '2025-04-21T02:43:42Z', 'displayTime': '2025-04-21T02:43:42Z', 'isHosted': True, 'bypassModal': False, 'previewUrl': None, 'thumbnail': {'originalUrl': 'https://media.zenfs.com/en/reuters.com/a29b30409a67269f7ab6188accf2caa9', 'originalWidth': 800, 'originalHeight': 542, 'caption': 'Men walk past a screen displaying market results outside the Bombay Stock Exchange (BSE) in Mumbai', 'resolutions': [{'url': 'https://s.yimg.com/uu/api/res/1.2/0wNn94tQJHO66RPLDPPPrg--~B/aD01NDI7dz04MDA7YXBwaWQ9eXRhY2h5b24-/https://media.zenfs.com/en/reuters.com/a29b30409a67269f7ab6188accf2caa9', 'width': 800, 'height': 542, 'tag': 'original'}, {'url': 'https://s.yimg.com/uu/api/res/1.2/leb_zy8aFZk9jKpa1IukhQ--~B/Zmk9c3RyaW07aD0xMjg7dz0xNzA7YXBwaWQ9eXRhY2h5b24-/https://media.zenfs.com/en/reuters.com/a29b30409a67269f7ab6188accf2caa9', 'width': 170, 'height': 128, 'tag': '170x128'}]}, 'provider': {'displayName': 'Reuters', 'url': 'https://www.reuters.com/'}, 'canonicalUrl': {'url': 'https://sg.finance.yahoo.com/news/indian-benchmarks-likely-open-flat-024342790.html', 'site': 'finance', 'region': 'SG', 'lang': 'en-SG'}, 'clickThroughUrl': {'url': 'https://finance.yahoo.com/news/indian-benchmarks-likely-open-flat-024342790.html', 'site': 'finance', 'region': 'US', 'lang': 'en-US'}, 'metadata': {'editorsPick': False}, 'finance': {'premiumFinance': {'isPremiumNews': False, 'isPremiumFreeNews': False}}, 'storyline': None}
- {'id': '2d323c37-703b-3340-837f-94ef3205fe1f', 'contentType': 'STORY', 'title': 'HDFC Bank Ltd (HDB) Q4 2025 Earnings Call Highlights: Strong Deposit Growth and Pristine Asset ...', 'description': '', 'summary': 'HDFC Bank Ltd (HDB) showcases robust financial stability with reduced credit deposit ratio and stable net interest margins, despite facing global economic challenges.', 'pubDate': '2025-04-20T07:00:21Z', 'displayTime': '2025-04-20T07:00:21Z', 'isHosted': True, 'bypassModal': False, 'previewUrl': None, 'thumbnail': {'originalUrl': 'https://media.zenfs.com/en/us.finance.gurufocus/5e2475e282daf59dda755837d90721a9', 'originalWidth': 134, 'originalHeight': 134, 'caption': '', 'resolutions': [{'url': 'https://s.yimg.com/uu/api/res/1.2/xlS5jajQAJ2k10VicwV6_g--~B/aD0xMzQ7dz0xMzQ7YXBwaWQ9eXRhY2h5b24-/https://media.zenfs.com/en/us.finance.gurufocus/5e2475e282daf59dda755837d90721a9', 'width': 134, 'height': 134, 'tag': 'original'}, {'url': 'https://s.yimg.com/uu/api/res/1.2/KEdqSExSYqgOD6Q4jIa7Tg--~B/Zmk9c3RyaW07aD0xMjg7dz0xNzA7YXBwaWQ9eXRhY2h5b24-/https://media.zenfs.com/en/us.finance.gurufocus/5e2475e282daf59dda755837d90721a9', 'width': 170, 'height': 128, 'tag': '170x128'}]}, 'provider': {'displayName': 'GuruFocus.com', 'url': 'http://www.gurufocus.com/'}, 'canonicalUrl': {'url': 'https://finance.yahoo.com/news/hdfc-bank-ltd-hdb-q4-070021819.html', 'site': 'finance', 'region': 'US', 'lang': 'en-US'}, 'clickThroughUrl': {'url': 'https://finance.yahoo.com/news/hdfc-bank-ltd-hdb-q4-070021819.html', 'site': 'finance', 'region': 'US', 'lang': 'en-US'}, 'metadata': {'editorsPick': False}, 'finance': {'premiumFinance': {'isPremiumNews': False, 'isPremiumFreeNews': False}}, 'storyline': None}
- {'id': '4bfce8a9-2116-30eb-94ea-75ba088ddb5f', 'contentType': 'STORY', 'title': "India's HDFC Bank hits four-month high as deposit rate cut seen lifting margins", 'description': '', 'summary': "Shares of India's HDFC Bank rose as much as 4% on Tuesday to 1,876.80 rupees and were set for their best day in 10 months, after its deposit rate cuts were seen as a margin boost amid slowing loan growth in the industry.  India's largest private lender rose to 1,876.80 rupees as of 8:53 a.m. GMT, its highest since early December, after the bank cut savings deposit rates by 25 basis points across tiers - its first cut in the under-5-million-rupee ($58,263) category in five years.  Brokerage Macquarie said the rate cut could boost HDFC Bank's margins by five basis points starting the first quarter of fiscal 2026, while Jefferies estimated it would reduce costs on 23% of its deposits.", 'pubDate': '2025-04-15T08:47:24Z', 'displayTime': '2025-04-15T08:47:24Z', 'isHosted': True, 'bypassModal': False, 'previewUrl': None, 'thumbnail': {'originalUrl': 'https://media.zenfs.com/en/reuters.com/c16af189f4dcc9f240b5a384acfa4c16', 'originalWidth': 800, 'originalHeight': 552, 'caption': "The headquarters of India's HDFC bank is pictured in Mumbai", 'resolutions': [{'url': 'https://s.yimg.com/uu/api/res/1.2/Y8sX7nGUC5jgaucS6RtWLg--~B/aD01NTI7dz04MDA7YXBwaWQ9eXRhY2h5b24-/https://media.zenfs.com/en/reuters.com/c16af189f4dcc9f240b5a384acfa4c16', 'width': 800, 'height': 552, 'tag': 'original'}, {'url': 'https://s.yimg.com/uu/api/res/1.2/OM1nWpXIr62T21H_fAkbLw--~B/Zmk9c3RyaW07aD0xMjg7dz0xNzA7YXBwaWQ9eXRhY2h5b24-/https://media.zenfs.com/en/reuters.com/c16af189f4dcc9f240b5a384acfa4c16', 'width': 170, 'height': 128, 'tag': '170x128'}]}, 'provider': {'displayName': 'Reuters', 'url': 'https://www.reuters.com/'}, 'canonicalUrl': {'url': 'https://sg.finance.yahoo.com/news/indias-hdfc-bank-hits-four-084724842.html', 'site': 'finance', 'region': 'SG', 'lang': 'en-SG'}, 'clickThroughUrl': {'url': 'https://finance.yahoo.com/news/indias-hdfc-bank-hits-four-084724842.html', 'site': 'finance', 'region': 'US', 'lang': 'en-US'}, 'metadata': {'editorsPick': False}, 'finance': {'premiumFinance': {'isPremiumNews': False, 'isPremiumFreeNews': False}}, 'storyline': None}
- {'id': '2d731b88-f598-385f-8c54-d0b8e34a34be', 'contentType': 'STORY', 'title': 'HDFC Bank (HDB): The Best Indian Stock to Buy According to Billionaires', 'description': '', 'summary': 'We recently published a list of the 10 Best Indian Stocks to Buy According to Billionaires. In this article, we will take a look at where HDFC Bank Limited (NYSE:HDB) stands against other best Indian stocks. India’s stock market had a rough ride during the second half of FY25, amid uncertainty around US tariffs, weak […]', 'pubDate': '2025-04-14T14:11:48Z', 'displayTime': '2025-04-14T14:11:48Z', 'isHosted': True, 'bypassModal': False, 'previewUrl': None, 'thumbnail': {'originalUrl': 'https://media.zenfs.com/en/insidermonkey.com/666484a7dbf9a580c51efd5fef381187', 'originalWidth': 1456, 'originalHeight': 816, 'caption': 'Is HDFC Bank Limited (HDB) Among the Best Indian Stocks to Buy According to Billionaires?', 'resolutions': [{'url': 'https://s.yimg.com/uu/api/res/1.2/IKk5.O3E0m.0Vy3jsnFNyQ--~B/aD04MTY7dz0xNDU2O2FwcGlkPXl0YWNoeW9u/https://media.zenfs.com/en/insidermonkey.com/666484a7dbf9a580c51efd5fef381187', 'width': 1456, 'height': 816, 'tag': 'original'}, {'url': 'https://s.yimg.com/uu/api/res/1.2/Wfo.Vg5zsuFmyFPU6f8WXw--~B/Zmk9c3RyaW07aD0xMjg7dz0xNzA7YXBwaWQ9eXRhY2h5b24-/https://media.zenfs.com/en/insidermonkey.com/666484a7dbf9a580c51efd5fef381187', 'width': 170, 'height': 128, 'tag': '170x128'}]}, 'provider': {'displayName': 'Insider Monkey', 'url': 'http://www.insidermonkey.com'}, 'canonicalUrl': {'url': 'https://finance.yahoo.com/news/hdfc-bank-hdb-best-indian-141148135.html', 'site': 'finance', 'region': 'US', 'lang': 'en-US'}, 'clickThroughUrl': {'url': 'https://finance.yahoo.com/news/hdfc-bank-hdb-best-indian-141148135.html', 'site': 'finance', 'region': 'US', 'lang': 'en-US'}, 'metadata': {'editorsPick': False}, 'finance': {'premiumFinance': {'isPremiumNews': False, 'isPremiumFreeNews': False}}, 'storyline': None}
            
            Provide your analysis in this exact format (include all sections):
            
            SENTIMENT: [POSITIVE/NEGATIVE/NEUTRAL]
            CONFIDENCE: [0-100]
            KEY_THEMES: [comma-separated list of 2-3 key themes or topics]
            
            Be specific and focus on actionable insights. If unsure, mark as NEUTRAL with 50 confidence.
            
2025-05-25 00:09:38,431 - INFO - Sending request to Ollama with model: llama3.2:latest
2025-05-25 00:09:53,461 - INFO - Ollama response status: 200
2025-05-25 00:09:53,464 - INFO - Received LLM response: SENTIMENT: POSITIVE
CONFIDENCE: 80
KEY_THEMES: HDFC Bank's deposit rate cuts, strong financial stability, rising stock prices, positive earnings reports, bullish outlook from billionaires and experts.

Analysis:

The recent news headlines for HDFCBANK.NS stock suggest a positive sentiment towards the company. The headlines highlight HDFC Bank's decision to cut its deposit rates, which is seen as a margin boost amid slowing loan growth in the industry. This move has been accompanied by strong financial stability, with reduced credit deposit ratio and stable net interest margins.

The rising stock prices of HDFC Bank are also a positive indicator, with shares increasing as much as 4% on Tuesday to 1,876.80 rupees. This is the highest since early December, according to Reuters.

Additionally, the company's earnings reports have been positive, with HDFC Bank showcasing robust financial stability despite facing global economic challenges. The bank's ability to maintain its financial stability and reduce its credit
2025-05-25 00:09:53,464 - WARNING - Error parsing quoted themes: No closing quotation
2025-05-25 00:09:53,464 - INFO - Parsed sentiment result: {'sentiment': 'POSITIVE', 'confidence': 80, 'themes': ["HDFC Bank's deposit rate cuts", 'strong financial stability', 'rising stock prices']}
2025-05-25 00:09:53,464 - INFO - 
Sentiment Analysis Results:
2025-05-25 00:09:53,465 - INFO - Stock: HDFCBANK.NS
2025-05-25 00:09:53,465 - INFO - Sentiment: POSITIVE
2025-05-25 00:09:53,465 - INFO - Confidence: 80
2025-05-25 00:09:53,465 - INFO - Themes: HDFC Bank's deposit rate cuts, strong financial stability, rising stock prices
2025-05-25 00:09:55,466 - INFO - 
Testing sector analysis...
2025-05-25 00:09:55,467 - INFO - Sending request to Ollama with model: llama3.2:latest
2025-05-25 00:10:01,041 - INFO - Ollama response status: 200
2025-05-25 00:10:01,043 - INFO - 
Sector Analysis Results:
2025-05-25 00:10:01,043 - INFO - Sector: Technology
2025-05-25 00:10:01,043 - INFO - Outlook: NEUTRAL
2025-05-25 00:10:01,043 - INFO - Drivers: None
2025-05-25 00:10:01,043 - INFO - Risks: None
2025-05-25 00:10:01,043 - INFO - 
Test completed. Check sentiment_analysis.log for detailed logs.
2025-05-25 00:12:45,172 - INFO - Starting sentiment analysis test...
2025-05-25 00:12:45,173 - INFO - 
==================================================
2025-05-25 00:12:45,173 - INFO - Testing sentiment analysis for RELIANCE.NS
2025-05-25 00:12:45,173 - INFO - ==================================================
2025-05-25 00:12:45,173 - INFO - Fetching news for ticker: RELIANCE.NS
2025-05-25 00:12:45,778 - INFO - Found 10 total news items from Yahoo Finance
2025-05-25 00:12:45,779 - INFO - Found 5 relevant headlines from Yahoo Finance for RELIANCE.NS
2025-05-25 00:12:45,779 - INFO - Sending prompt to LLM: 
            Analyze the sentiment of these recent news headlines for RELIANCE.NS stock.
            Consider the overall tone, specific events, and market implications.
            
            Headlines:
            - {'id': '506744b7-1fb8-33ce-a5ec-96487d533aa2', 'contentType': 'STORY', 'title': "India's Reliance to start solar module factory this year, exec says", 'description': '', 'summary': '"We are today building three bigger factories... in order to produce clean energy requirements," said Partha P Maitra, President, Strategy and Initiatives at Reliance Industries.  Reliance aims to eventually scale up solar module capacity to 20 GW per year, Maitra said.', 'pubDate': '2025-05-22T07:37:54Z', 'displayTime': '2025-05-22T07:37:54Z', 'isHosted': True, 'bypassModal': False, 'previewUrl': None, 'thumbnail': {'originalUrl': 'https://media.zenfs.com/en/reuters.com/80df2ac4029b940dcceda9cdeca654c7', 'originalWidth': 800, 'originalHeight': 580, 'caption': 'FILE PHOTO: A guard walks past the Reliance Industries logo near the entrance of Dhirubhai Ambani Knowledge City in Navi Mumbai', 'resolutions': [{'url': 'https://s.yimg.com/uu/api/res/1.2/b.BMyZSgLRcIhJeC8otx8w--~B/aD01ODA7dz04MDA7YXBwaWQ9eXRhY2h5b24-/https://media.zenfs.com/en/reuters.com/80df2ac4029b940dcceda9cdeca654c7', 'width': 800, 'height': 580, 'tag': 'original'}, {'url': 'https://s.yimg.com/uu/api/res/1.2/wDgHem_ZaNykvF3P5vQbcA--~B/Zmk9c3RyaW07aD0xMjg7dz0xNzA7YXBwaWQ9eXRhY2h5b24-/https://media.zenfs.com/en/reuters.com/80df2ac4029b940dcceda9cdeca654c7', 'width': 170, 'height': 128, 'tag': '170x128'}]}, 'provider': {'displayName': 'Reuters', 'url': 'https://www.reuters.com/'}, 'canonicalUrl': {'url': 'https://sg.finance.yahoo.com/news/indias-reliance-start-solar-module-073754086.html', 'site': 'finance', 'region': 'SG', 'lang': 'en-SG'}, 'clickThroughUrl': {'url': 'https://finance.yahoo.com/news/indias-reliance-start-solar-module-073754086.html', 'site': 'finance', 'region': 'US', 'lang': 'en-US'}, 'metadata': {'editorsPick': False}, 'finance': {'premiumFinance': {'isPremiumNews': False, 'isPremiumFreeNews': False}}, 'storyline': None}
- {'id': 'd72999bc-b28d-38cd-9b5a-54faf626678f', 'contentType': 'STORY', 'title': 'Indian billionaire Ambani to meet Trump, Qatar emir in Doha, sources say', 'description': '', 'summary': "NEW DELHI (Reuters) -Indian billionaire Mukesh Ambani will meet U.S. President Donald Trump and the emir of Qatar in Doha on Wednesday, two sources told Reuters, as his company Reliance Industries looks to foster ties with authorities in both nations.  Qatar's sovereign wealth fund, QIA, has invested in Reliance businesses over the years, and Ambani, who is Asia's richest man, has many business partnerships with the likes of U.S. tech giants such as Google and Meta.  Ambani will attend a state dinner for Trump at the Lusail Palace in Doha, but did not plan to hold any investment or business discussions, said the first source, who had direct knowledge of the matter.", 'pubDate': '2025-05-14T09:08:43Z', 'displayTime': '2025-05-14T09:08:43Z', 'isHosted': True, 'bypassModal': False, 'previewUrl': None, 'thumbnail': {'originalUrl': 'https://media.zenfs.com/en/reuters.com/f79808db95b5eba52463805745f17d86', 'originalWidth': 800, 'originalHeight': 533, 'caption': 'Vibrant Gujarat Global Summit, in Gandhinagar', 'resolutions': [{'url': 'https://s.yimg.com/uu/api/res/1.2/N9oGthKEoDRLmyqjYIY9Wg--~B/aD01MzM7dz04MDA7YXBwaWQ9eXRhY2h5b24-/https://media.zenfs.com/en/reuters.com/f79808db95b5eba52463805745f17d86', 'width': 800, 'height': 533, 'tag': 'original'}, {'url': 'https://s.yimg.com/uu/api/res/1.2/CPOVculvoNGRxM4H4hDLfQ--~B/Zmk9c3RyaW07aD0xMjg7dz0xNzA7YXBwaWQ9eXRhY2h5b24-/https://media.zenfs.com/en/reuters.com/f79808db95b5eba52463805745f17d86', 'width': 170, 'height': 128, 'tag': '170x128'}]}, 'provider': {'displayName': 'Reuters', 'url': 'https://www.reuters.com/'}, 'canonicalUrl': {'url': 'https://finance.yahoo.com/news/indian-billionaire-ambani-meet-trump-090843927.html', 'site': 'finance', 'region': 'US', 'lang': 'en-US'}, 'clickThroughUrl': {'url': 'https://finance.yahoo.com/news/indian-billionaire-ambani-meet-trump-090843927.html', 'site': 'finance', 'region': 'US', 'lang': 'en-US'}, 'metadata': {'editorsPick': False}, 'finance': {'premiumFinance': {'isPremiumNews': False, 'isPremiumFreeNews': False}}, 'storyline': None}
- {'id': '7d82daf0-c9e4-38f0-83fd-30ea4e4a7680', 'contentType': 'STORY', 'title': "India's April diesel exports likely hit lowest level in over a decade, sources say", 'description': '', 'summary': 'SINGAPORE (Reuters) -India\'s diesel exports likely hit their lowest level in over a decade in April as major exporter Reliance cut refining output for maintenance at a time when domestic demand was robust, trade sources and analysts said.  India, one of Asia\'s top-three diesel exporters, exported around 1.15 million metric tons (9.69 million barrels) of the industrial and transportation fuel in April, an average of data from LSEG, Kpler, Vortexa and two trade sources showed.  "The unexpectedly low outflows from India for April resulted in limited supplies heading for Asia and Europe," LSEG Oil Research senior analyst Charles Ong wrote in a note.', 'pubDate': '2025-05-06T07:45:00Z', 'displayTime': '2025-05-06T07:45:00Z', 'isHosted': True, 'bypassModal': False, 'previewUrl': None, 'thumbnail': {'originalUrl': 'https://media.zenfs.com/en/reuters.com/33e703c88677146cc6eb02247020c872', 'originalWidth': 800, 'originalHeight': 501, 'caption': 'A worker fills diesel in a container at a fuel station in Kolkata', 'resolutions': [{'url': 'https://s.yimg.com/uu/api/res/1.2/I9VdEjunE8gc34d8h6uCxQ--~B/aD01MDE7dz04MDA7YXBwaWQ9eXRhY2h5b24-/https://media.zenfs.com/en/reuters.com/33e703c88677146cc6eb02247020c872', 'width': 800, 'height': 501, 'tag': 'original'}, {'url': 'https://s.yimg.com/uu/api/res/1.2/dfzgU7L7iSSD0lDuCQNgjw--~B/Zmk9c3RyaW07aD0xMjg7dz0xNzA7YXBwaWQ9eXRhY2h5b24-/https://media.zenfs.com/en/reuters.com/33e703c88677146cc6eb02247020c872', 'width': 170, 'height': 128, 'tag': '170x128'}]}, 'provider': {'displayName': 'Reuters', 'url': 'https://www.reuters.com/'}, 'canonicalUrl': {'url': 'https://sg.finance.yahoo.com/news/indias-april-diesel-exports-likely-074500388.html', 'site': 'finance', 'region': 'SG', 'lang': 'en-SG'}, 'clickThroughUrl': {'url': 'https://finance.yahoo.com/news/indias-april-diesel-exports-likely-074500388.html', 'site': 'finance', 'region': 'US', 'lang': 'en-US'}, 'metadata': {'editorsPick': False}, 'finance': {'premiumFinance': {'isPremiumNews': False, 'isPremiumFreeNews': False}}, 'storyline': None}
- {'id': '18b5c5c2-5d65-3bf6-b0bd-aee865e45f42', 'contentType': 'VIDEO', 'title': "How Ambani's Campa Cola is Hurting Coke, Pepsi in India", 'description': "Asia's richest man, Mukesh Ambani, is challenging Coca-Cola and PepsiCo's dominance in India with Reliance Industries' Campa Cola brand.\nBloomberg's Satviki Sanjay appeared on Insight with Haslinda Amin to discuss what's behind the growing success of the brand.", 'summary': "Asia's richest man, Mukesh Ambani, is challenging Coca-Cola and PepsiCo's dominance in India with Reliance Industries' Campa Cola brand. Bloomberg's Satviki Sanjay appeared on Insight with Haslinda Amin to discuss what's behind the growing success of the brand.", 'pubDate': '2025-05-06T05:36:43Z', 'displayTime': '', 'isHosted': True, 'bypassModal': False, 'previewUrl': None, 'thumbnail': {'originalUrl': 'https://media.zenfs.com/en/bloomberg_markets_video_2/12310404b077c8de4f929ec72b95679d', 'originalWidth': 1280, 'originalHeight': 720, 'caption': '', 'resolutions': [{'url': 'https://s.yimg.com/uu/api/res/1.2/kB_Nhx1U6kkOYfbwbkrPLA--~B/aD03MjA7dz0xMjgwO2FwcGlkPXl0YWNoeW9u/https://media.zenfs.com/en/bloomberg_markets_video_2/12310404b077c8de4f929ec72b95679d', 'width': 1280, 'height': 720, 'tag': 'original'}, {'url': 'https://s.yimg.com/uu/api/res/1.2/3QIyuTdJS_HRkieGNQAoHQ--~B/Zmk9c3RyaW07aD0xMjg7dz0xNzA7YXBwaWQ9eXRhY2h5b24-/https://media.zenfs.com/en/bloomberg_markets_video_2/12310404b077c8de4f929ec72b95679d', 'width': 170, 'height': 128, 'tag': '170x128'}]}, 'provider': {'displayName': 'Bloomberg', 'url': 'https://www.bloomberg.com/'}, 'canonicalUrl': {'url': 'https://finance.yahoo.com/video/ambanis-campa-cola-hurting-coke-053643944.html', 'site': 'finance', 'region': 'US', 'lang': 'en-US'}, 'clickThroughUrl': {'url': 'https://finance.yahoo.com/video/ambanis-campa-cola-hurting-coke-053643944.html', 'site': 'finance', 'region': 'US', 'lang': 'en-US'}, 'metadata': {'editorsPick': False}, 'finance': {'premiumFinance': {'isPremiumNews': False, 'isPremiumFreeNews': False}}, 'storyline': None}
- {'id': 'e31eb9d7-b117-4bc3-bd2a-d0f79716b1eb', 'contentType': 'STORY', 'title': 'Trending tickers: Deliveroo, Reliance, Toyota, Novavax and M&S', 'description': '', 'summary': 'The latest investor updates on stocks that are trending on Monday', 'pubDate': '2025-04-28T09:44:36Z', 'displayTime': '2025-04-28T09:44:36Z', 'isHosted': True, 'bypassModal': False, 'previewUrl': None, 'thumbnail': {'originalUrl': 'https://s.yimg.com/os/creatr-uploaded-images/2025-04/d9028e40-2412-11f0-a77e-e6460752fb57', 'originalWidth': 4313, 'originalHeight': 2871, 'caption': '', 'resolutions': [{'url': 'https://s.yimg.com/uu/api/res/1.2/L13AVNw_ziMsQdRzLif9Fg--~B/aD0yODcxO3c9NDMxMzthcHBpZD15dGFjaHlvbg--/https://s.yimg.com/os/creatr-uploaded-images/2025-04/d9028e40-2412-11f0-a77e-e6460752fb57', 'width': 4313, 'height': 2871, 'tag': 'original'}, {'url': 'https://s.yimg.com/uu/api/res/1.2/gzlCxUYD4cjqGXjxHfGu9g--~B/Zmk9c3RyaW07aD0xMjg7dz0xNzA7YXBwaWQ9eXRhY2h5b24-/https://s.yimg.com/os/creatr-uploaded-images/2025-04/d9028e40-2412-11f0-a77e-e6460752fb57', 'width': 170, 'height': 128, 'tag': '170x128'}]}, 'provider': {'displayName': 'Yahoo Finance UK', 'url': 'http://uk.finance.yahoo.com/'}, 'canonicalUrl': {'url': 'https://uk.finance.yahoo.com/news/deliveroo-reliance-toyota-novavax-ms-trending-tickers-094342819.html', 'site': 'finance', 'region': 'GB', 'lang': 'en-GB'}, 'clickThroughUrl': {'url': 'https://finance.yahoo.com/news/deliveroo-reliance-toyota-novavax-ms-trending-tickers-094342819.html', 'site': 'finance', 'region': 'US', 'lang': 'en-US'}, 'metadata': {'editorsPick': False}, 'finance': {'premiumFinance': {'isPremiumNews': False, 'isPremiumFreeNews': False}}, 'storyline': None}
            
            Provide your analysis in this exact format (include all sections):
            
            SENTIMENT: [POSITIVE/NEGATIVE/NEUTRAL]
            CONFIDENCE: [0-100]
            KEY_THEMES: [comma-separated list of 2-3 key themes or topics]
            
            Be specific and focus on actionable insights. If unsure, mark as NEUTRAL with 50 confidence.
            
2025-05-25 00:12:45,780 - INFO - Sending request to Ollama with model: llama3.2:latest
2025-05-25 00:12:47,344 - INFO - 
Test completed. Check sentiment_analysis.log for detailed logs.
2025-05-25 00:15:42,370 - INFO - Starting sentiment analysis test...
2025-05-25 00:15:42,370 - INFO - 
==================================================
2025-05-25 00:15:42,370 - INFO - Testing sentiment analysis for RELIANCE.NS
2025-05-25 00:15:42,370 - INFO - ==================================================
2025-05-25 00:15:42,370 - INFO - Fetching news for ticker: RELIANCE.NS
2025-05-25 00:15:43,149 - INFO - Found 10 total news items from Yahoo Finance
2025-05-25 00:15:43,149 - INFO - Found headline: {'id': '506744b7-1fb8-33ce-a5ec-96487d533aa2', 'contentType': 'STORY', 'title': "India's Reliance to start solar module factory this year, exec says", 'description': '', 'summary': '"We are today building three bigger factories... in order to produce clean energy requirements," said Partha P Maitra, President, Strategy and Initiatives at Reliance Industries.  Reliance aims to eventually scale up solar module capacity to 20 GW per year, Maitra said.', 'pubDate': '2025-05-22T07:37:54Z', 'displayTime': '2025-05-22T07:37:54Z', 'isHosted': True, 'bypassModal': False, 'previewUrl': None, 'thumbnail': {'originalUrl': 'https://media.zenfs.com/en/reuters.com/80df2ac4029b940dcceda9cdeca654c7', 'originalWidth': 800, 'originalHeight': 580, 'caption': 'FILE PHOTO: A guard walks past the Reliance Industries logo near the entrance of Dhirubhai Ambani Knowledge City in Navi Mumbai', 'resolutions': [{'url': 'https://s.yimg.com/uu/api/res/1.2/b.BMyZSgLRcIhJeC8otx8w--~B/aD01ODA7dz04MDA7YXBwaWQ9eXRhY2h5b24-/https://media.zenfs.com/en/reuters.com/80df2ac4029b940dcceda9cdeca654c7', 'width': 800, 'height': 580, 'tag': 'original'}, {'url': 'https://s.yimg.com/uu/api/res/1.2/wDgHem_ZaNykvF3P5vQbcA--~B/Zmk9c3RyaW07aD0xMjg7dz0xNzA7YXBwaWQ9eXRhY2h5b24-/https://media.zenfs.com/en/reuters.com/80df2ac4029b940dcceda9cdeca654c7', 'width': 170, 'height': 128, 'tag': '170x128'}]}, 'provider': {'displayName': 'Reuters', 'url': 'https://www.reuters.com/'}, 'canonicalUrl': {'url': 'https://sg.finance.yahoo.com/news/indias-reliance-start-solar-module-073754086.html', 'site': 'finance', 'region': 'SG', 'lang': 'en-SG'}, 'clickThroughUrl': {'url': 'https://finance.yahoo.com/news/indias-reliance-start-solar-module-073754086.html', 'site': 'finance', 'region': 'US', 'lang': 'en-US'}, 'metadata': {'editorsPick': False}, 'finance': {'premiumFinance': {'isPremiumNews': False, 'isPremiumFreeNews': False}}, 'storyline': None}
2025-05-25 00:15:43,149 - INFO - Found headline: {'id': '3733040f-ca67-3706-bb76-0c2601eb765f', 'contentType': 'STORY', 'title': 'Indian billionaire Ambani to meet Trump, Qatar emir in Doha, sources say', 'description': '', 'summary': "NEW DELHI (Reuters) -Indian billionaire Mukesh Ambani will meet U.S. President Donald Trump and the emir of Qatar in Doha on Wednesday, two sources told Reuters, as his company Reliance Industries looks to foster ties with authorities in both nations.  Qatar's sovereign wealth fund, QIA, has invested in Reliance businesses over the years, and Ambani, who is Asia's richest man, has many business partnerships with the likes of U.S. tech giants such as Google and Meta.  Ambani will attend a state dinner for Trump at the Lusail Palace in Doha, but did not plan to hold any investment or business discussions, said the first source, who had direct knowledge of the matter.", 'pubDate': '2025-05-14T09:08:43Z', 'displayTime': '2025-05-14T09:08:43Z', 'isHosted': True, 'bypassModal': False, 'previewUrl': None, 'thumbnail': {'originalUrl': 'https://media.zenfs.com/en/reuters-finance.com/f79808db95b5eba52463805745f17d86', 'originalWidth': 800, 'originalHeight': 533, 'caption': 'Vibrant Gujarat Global Summit, in Gandhinagar', 'resolutions': [{'url': 'https://s.yimg.com/uu/api/res/1.2/htbhm6Cq9xaBPdxvZdWKkg--~B/aD01MzM7dz04MDA7YXBwaWQ9eXRhY2h5b24-/https://media.zenfs.com/en/reuters-finance.com/f79808db95b5eba52463805745f17d86', 'width': 800, 'height': 533, 'tag': 'original'}, {'url': 'https://s.yimg.com/uu/api/res/1.2/Z.8vQN0k4QsVbd2PoPyuXw--~B/Zmk9c3RyaW07aD0xMjg7dz0xNzA7YXBwaWQ9eXRhY2h5b24-/https://media.zenfs.com/en/reuters-finance.com/f79808db95b5eba52463805745f17d86', 'width': 170, 'height': 128, 'tag': '170x128'}]}, 'provider': {'displayName': 'Reuters', 'url': 'http://www.reuters.com/'}, 'canonicalUrl': {'url': 'https://finance.yahoo.com/news/indian-billionaire-ambani-meet-trump-090843484.html', 'site': 'finance', 'region': 'US', 'lang': 'en-US'}, 'clickThroughUrl': {'url': 'https://finance.yahoo.com/news/indian-billionaire-ambani-meet-trump-090843484.html', 'site': 'finance', 'region': 'US', 'lang': 'en-US'}, 'metadata': {'editorsPick': False}, 'finance': {'premiumFinance': {'isPremiumNews': False, 'isPremiumFreeNews': False}}, 'storyline': None}
2025-05-25 00:15:43,149 - INFO - Found headline: {'id': '7d82daf0-c9e4-38f0-83fd-30ea4e4a7680', 'contentType': 'STORY', 'title': "India's April diesel exports likely hit lowest level in over a decade, sources say", 'description': '', 'summary': 'SINGAPORE (Reuters) -India\'s diesel exports likely hit their lowest level in over a decade in April as major exporter Reliance cut refining output for maintenance at a time when domestic demand was robust, trade sources and analysts said.  India, one of Asia\'s top-three diesel exporters, exported around 1.15 million metric tons (9.69 million barrels) of the industrial and transportation fuel in April, an average of data from LSEG, Kpler, Vortexa and two trade sources showed.  "The unexpectedly low outflows from India for April resulted in limited supplies heading for Asia and Europe," LSEG Oil Research senior analyst Charles Ong wrote in a note.', 'pubDate': '2025-05-06T07:45:00Z', 'displayTime': '2025-05-06T07:45:00Z', 'isHosted': True, 'bypassModal': False, 'previewUrl': None, 'thumbnail': {'originalUrl': 'https://media.zenfs.com/en/reuters.com/33e703c88677146cc6eb02247020c872', 'originalWidth': 800, 'originalHeight': 501, 'caption': 'A worker fills diesel in a container at a fuel station in Kolkata', 'resolutions': [{'url': 'https://s.yimg.com/uu/api/res/1.2/I9VdEjunE8gc34d8h6uCxQ--~B/aD01MDE7dz04MDA7YXBwaWQ9eXRhY2h5b24-/https://media.zenfs.com/en/reuters.com/33e703c88677146cc6eb02247020c872', 'width': 800, 'height': 501, 'tag': 'original'}, {'url': 'https://s.yimg.com/uu/api/res/1.2/dfzgU7L7iSSD0lDuCQNgjw--~B/Zmk9c3RyaW07aD0xMjg7dz0xNzA7YXBwaWQ9eXRhY2h5b24-/https://media.zenfs.com/en/reuters.com/33e703c88677146cc6eb02247020c872', 'width': 170, 'height': 128, 'tag': '170x128'}]}, 'provider': {'displayName': 'Reuters', 'url': 'https://www.reuters.com/'}, 'canonicalUrl': {'url': 'https://sg.finance.yahoo.com/news/indias-april-diesel-exports-likely-074500388.html', 'site': 'finance', 'region': 'SG', 'lang': 'en-SG'}, 'clickThroughUrl': {'url': 'https://finance.yahoo.com/news/indias-april-diesel-exports-likely-074500388.html', 'site': 'finance', 'region': 'US', 'lang': 'en-US'}, 'metadata': {'editorsPick': False}, 'finance': {'premiumFinance': {'isPremiumNews': False, 'isPremiumFreeNews': False}}, 'storyline': None}
2025-05-25 00:15:43,150 - INFO - Found headline: {'id': '18b5c5c2-5d65-3bf6-b0bd-aee865e45f42', 'contentType': 'VIDEO', 'title': "How Ambani's Campa Cola is Hurting Coke, Pepsi in India", 'description': "Asia's richest man, Mukesh Ambani, is challenging Coca-Cola and PepsiCo's dominance in India with Reliance Industries' Campa Cola brand.\nBloomberg's Satviki Sanjay appeared on Insight with Haslinda Amin to discuss what's behind the growing success of the brand.", 'summary': "Asia's richest man, Mukesh Ambani, is challenging Coca-Cola and PepsiCo's dominance in India with Reliance Industries' Campa Cola brand. Bloomberg's Satviki Sanjay appeared on Insight with Haslinda Amin to discuss what's behind the growing success of the brand.", 'pubDate': '2025-05-06T05:36:43Z', 'displayTime': '', 'isHosted': True, 'bypassModal': False, 'previewUrl': None, 'thumbnail': {'originalUrl': 'https://media.zenfs.com/en/bloomberg_markets_video_2/12310404b077c8de4f929ec72b95679d', 'originalWidth': 1280, 'originalHeight': 720, 'caption': '', 'resolutions': [{'url': 'https://s.yimg.com/uu/api/res/1.2/kB_Nhx1U6kkOYfbwbkrPLA--~B/aD03MjA7dz0xMjgwO2FwcGlkPXl0YWNoeW9u/https://media.zenfs.com/en/bloomberg_markets_video_2/12310404b077c8de4f929ec72b95679d', 'width': 1280, 'height': 720, 'tag': 'original'}, {'url': 'https://s.yimg.com/uu/api/res/1.2/3QIyuTdJS_HRkieGNQAoHQ--~B/Zmk9c3RyaW07aD0xMjg7dz0xNzA7YXBwaWQ9eXRhY2h5b24-/https://media.zenfs.com/en/bloomberg_markets_video_2/12310404b077c8de4f929ec72b95679d', 'width': 170, 'height': 128, 'tag': '170x128'}]}, 'provider': {'displayName': 'Bloomberg', 'url': 'https://www.bloomberg.com/'}, 'canonicalUrl': {'url': 'https://finance.yahoo.com/video/ambanis-campa-cola-hurting-coke-053643944.html', 'site': 'finance', 'region': 'US', 'lang': 'en-US'}, 'clickThroughUrl': {'url': 'https://finance.yahoo.com/video/ambanis-campa-cola-hurting-coke-053643944.html', 'site': 'finance', 'region': 'US', 'lang': 'en-US'}, 'metadata': {'editorsPick': False}, 'finance': {'premiumFinance': {'isPremiumNews': False, 'isPremiumFreeNews': False}}, 'storyline': None}
2025-05-25 00:15:43,150 - INFO - Found headline: {'id': 'e31eb9d7-b117-4bc3-bd2a-d0f79716b1eb', 'contentType': 'STORY', 'title': 'Trending tickers: Deliveroo, Reliance, Toyota, Novavax and M&S', 'description': '', 'summary': 'The latest investor updates on stocks that are trending on Monday', 'pubDate': '2025-04-28T09:44:36Z', 'displayTime': '2025-04-28T09:44:36Z', 'isHosted': True, 'bypassModal': False, 'previewUrl': None, 'thumbnail': {'originalUrl': 'https://s.yimg.com/os/creatr-uploaded-images/2025-04/d9028e40-2412-11f0-a77e-e6460752fb57', 'originalWidth': 4313, 'originalHeight': 2871, 'caption': '', 'resolutions': [{'url': 'https://s.yimg.com/uu/api/res/1.2/L13AVNw_ziMsQdRzLif9Fg--~B/aD0yODcxO3c9NDMxMzthcHBpZD15dGFjaHlvbg--/https://s.yimg.com/os/creatr-uploaded-images/2025-04/d9028e40-2412-11f0-a77e-e6460752fb57', 'width': 4313, 'height': 2871, 'tag': 'original'}, {'url': 'https://s.yimg.com/uu/api/res/1.2/gzlCxUYD4cjqGXjxHfGu9g--~B/Zmk9c3RyaW07aD0xMjg7dz0xNzA7YXBwaWQ9eXRhY2h5b24-/https://s.yimg.com/os/creatr-uploaded-images/2025-04/d9028e40-2412-11f0-a77e-e6460752fb57', 'width': 170, 'height': 128, 'tag': '170x128'}]}, 'provider': {'displayName': 'Yahoo Finance UK', 'url': 'http://uk.finance.yahoo.com/'}, 'canonicalUrl': {'url': 'https://uk.finance.yahoo.com/news/deliveroo-reliance-toyota-novavax-ms-trending-tickers-094342819.html', 'site': 'finance', 'region': 'GB', 'lang': 'en-GB'}, 'clickThroughUrl': {'url': 'https://finance.yahoo.com/news/deliveroo-reliance-toyota-novavax-ms-trending-tickers-094342819.html', 'site': 'finance', 'region': 'US', 'lang': 'en-US'}, 'metadata': {'editorsPick': False}, 'finance': {'premiumFinance': {'isPremiumNews': False, 'isPremiumFreeNews': False}}, 'storyline': None}
2025-05-25 00:15:43,150 - INFO - Found 5 relevant headlines from Yahoo Finance for RELIANCE.NS
2025-05-25 00:15:43,150 - INFO - Sending prompt to LLM: 
            Analyze the sentiment of these recent news headlines for RELIANCE.NS stock.
            Consider the overall tone, specific events, and market implications.
            
            Headlines:
            - {'id': '506744b7-1fb8-33ce-a5ec-96487d533aa2', 'contentType': 'STORY', 'title': "India's Reliance to start solar module factory this year, exec says", 'description': '', 'summary': '"We are today building three bigger factories... in order to produce clean energy requirements," said Partha P Maitra, President, Strategy and Initiatives at Reliance Industries.  Reliance aims to eventually scale up solar module capacity to 20 GW per year, Maitra said.', 'pubDate': '2025-05-22T07:37:54Z', 'displayTime': '2025-05-22T07:37:54Z', 'isHosted': True, 'bypassModal': False, 'previewUrl': None, 'thumbnail': {'originalUrl': 'https://media.zenfs.com/en/reuters.com/80df2ac4029b940dcceda9cdeca654c7', 'originalWidth': 800, 'originalHeight': 580, 'caption': 'FILE PHOTO: A guard walks past the Reliance Industries logo near the entrance of Dhirubhai Ambani Knowledge City in Navi Mumbai', 'resolutions': [{'url': 'https://s.yimg.com/uu/api/res/1.2/b.BMyZSgLRcIhJeC8otx8w--~B/aD01ODA7dz04MDA7YXBwaWQ9eXRhY2h5b24-/https://media.zenfs.com/en/reuters.com/80df2ac4029b940dcceda9cdeca654c7', 'width': 800, 'height': 580, 'tag': 'original'}, {'url': 'https://s.yimg.com/uu/api/res/1.2/wDgHem_ZaNykvF3P5vQbcA--~B/Zmk9c3RyaW07aD0xMjg7dz0xNzA7YXBwaWQ9eXRhY2h5b24-/https://media.zenfs.com/en/reuters.com/80df2ac4029b940dcceda9cdeca654c7', 'width': 170, 'height': 128, 'tag': '170x128'}]}, 'provider': {'displayName': 'Reuters', 'url': 'https://www.reuters.com/'}, 'canonicalUrl': {'url': 'https://sg.finance.yahoo.com/news/indias-reliance-start-solar-module-073754086.html', 'site': 'finance', 'region': 'SG', 'lang': 'en-SG'}, 'clickThroughUrl': {'url': 'https://finance.yahoo.com/news/indias-reliance-start-solar-module-073754086.html', 'site': 'finance', 'region': 'US', 'lang': 'en-US'}, 'metadata': {'editorsPick': False}, 'finance': {'premiumFinance': {'isPremiumNews': False, 'isPremiumFreeNews': False}}, 'storyline': None}
- {'id': '3733040f-ca67-3706-bb76-0c2601eb765f', 'contentType': 'STORY', 'title': 'Indian billionaire Ambani to meet Trump, Qatar emir in Doha, sources say', 'description': '', 'summary': "NEW DELHI (Reuters) -Indian billionaire Mukesh Ambani will meet U.S. President Donald Trump and the emir of Qatar in Doha on Wednesday, two sources told Reuters, as his company Reliance Industries looks to foster ties with authorities in both nations.  Qatar's sovereign wealth fund, QIA, has invested in Reliance businesses over the years, and Ambani, who is Asia's richest man, has many business partnerships with the likes of U.S. tech giants such as Google and Meta.  Ambani will attend a state dinner for Trump at the Lusail Palace in Doha, but did not plan to hold any investment or business discussions, said the first source, who had direct knowledge of the matter.", 'pubDate': '2025-05-14T09:08:43Z', 'displayTime': '2025-05-14T09:08:43Z', 'isHosted': True, 'bypassModal': False, 'previewUrl': None, 'thumbnail': {'originalUrl': 'https://media.zenfs.com/en/reuters-finance.com/f79808db95b5eba52463805745f17d86', 'originalWidth': 800, 'originalHeight': 533, 'caption': 'Vibrant Gujarat Global Summit, in Gandhinagar', 'resolutions': [{'url': 'https://s.yimg.com/uu/api/res/1.2/htbhm6Cq9xaBPdxvZdWKkg--~B/aD01MzM7dz04MDA7YXBwaWQ9eXRhY2h5b24-/https://media.zenfs.com/en/reuters-finance.com/f79808db95b5eba52463805745f17d86', 'width': 800, 'height': 533, 'tag': 'original'}, {'url': 'https://s.yimg.com/uu/api/res/1.2/Z.8vQN0k4QsVbd2PoPyuXw--~B/Zmk9c3RyaW07aD0xMjg7dz0xNzA7YXBwaWQ9eXRhY2h5b24-/https://media.zenfs.com/en/reuters-finance.com/f79808db95b5eba52463805745f17d86', 'width': 170, 'height': 128, 'tag': '170x128'}]}, 'provider': {'displayName': 'Reuters', 'url': 'http://www.reuters.com/'}, 'canonicalUrl': {'url': 'https://finance.yahoo.com/news/indian-billionaire-ambani-meet-trump-090843484.html', 'site': 'finance', 'region': 'US', 'lang': 'en-US'}, 'clickThroughUrl': {'url': 'https://finance.yahoo.com/news/indian-billionaire-ambani-meet-trump-090843484.html', 'site': 'finance', 'region': 'US', 'lang': 'en-US'}, 'metadata': {'editorsPick': False}, 'finance': {'premiumFinance': {'isPremiumNews': False, 'isPremiumFreeNews': False}}, 'storyline': None}
- {'id': '7d82daf0-c9e4-38f0-83fd-30ea4e4a7680', 'contentType': 'STORY', 'title': "India's April diesel exports likely hit lowest level in over a decade, sources say", 'description': '', 'summary': 'SINGAPORE (Reuters) -India\'s diesel exports likely hit their lowest level in over a decade in April as major exporter Reliance cut refining output for maintenance at a time when domestic demand was robust, trade sources and analysts said.  India, one of Asia\'s top-three diesel exporters, exported around 1.15 million metric tons (9.69 million barrels) of the industrial and transportation fuel in April, an average of data from LSEG, Kpler, Vortexa and two trade sources showed.  "The unexpectedly low outflows from India for April resulted in limited supplies heading for Asia and Europe," LSEG Oil Research senior analyst Charles Ong wrote in a note.', 'pubDate': '2025-05-06T07:45:00Z', 'displayTime': '2025-05-06T07:45:00Z', 'isHosted': True, 'bypassModal': False, 'previewUrl': None, 'thumbnail': {'originalUrl': 'https://media.zenfs.com/en/reuters.com/33e703c88677146cc6eb02247020c872', 'originalWidth': 800, 'originalHeight': 501, 'caption': 'A worker fills diesel in a container at a fuel station in Kolkata', 'resolutions': [{'url': 'https://s.yimg.com/uu/api/res/1.2/I9VdEjunE8gc34d8h6uCxQ--~B/aD01MDE7dz04MDA7YXBwaWQ9eXRhY2h5b24-/https://media.zenfs.com/en/reuters.com/33e703c88677146cc6eb02247020c872', 'width': 800, 'height': 501, 'tag': 'original'}, {'url': 'https://s.yimg.com/uu/api/res/1.2/dfzgU7L7iSSD0lDuCQNgjw--~B/Zmk9c3RyaW07aD0xMjg7dz0xNzA7YXBwaWQ9eXRhY2h5b24-/https://media.zenfs.com/en/reuters.com/33e703c88677146cc6eb02247020c872', 'width': 170, 'height': 128, 'tag': '170x128'}]}, 'provider': {'displayName': 'Reuters', 'url': 'https://www.reuters.com/'}, 'canonicalUrl': {'url': 'https://sg.finance.yahoo.com/news/indias-april-diesel-exports-likely-074500388.html', 'site': 'finance', 'region': 'SG', 'lang': 'en-SG'}, 'clickThroughUrl': {'url': 'https://finance.yahoo.com/news/indias-april-diesel-exports-likely-074500388.html', 'site': 'finance', 'region': 'US', 'lang': 'en-US'}, 'metadata': {'editorsPick': False}, 'finance': {'premiumFinance': {'isPremiumNews': False, 'isPremiumFreeNews': False}}, 'storyline': None}
- {'id': '18b5c5c2-5d65-3bf6-b0bd-aee865e45f42', 'contentType': 'VIDEO', 'title': "How Ambani's Campa Cola is Hurting Coke, Pepsi in India", 'description': "Asia's richest man, Mukesh Ambani, is challenging Coca-Cola and PepsiCo's dominance in India with Reliance Industries' Campa Cola brand.\nBloomberg's Satviki Sanjay appeared on Insight with Haslinda Amin to discuss what's behind the growing success of the brand.", 'summary': "Asia's richest man, Mukesh Ambani, is challenging Coca-Cola and PepsiCo's dominance in India with Reliance Industries' Campa Cola brand. Bloomberg's Satviki Sanjay appeared on Insight with Haslinda Amin to discuss what's behind the growing success of the brand.", 'pubDate': '2025-05-06T05:36:43Z', 'displayTime': '', 'isHosted': True, 'bypassModal': False, 'previewUrl': None, 'thumbnail': {'originalUrl': 'https://media.zenfs.com/en/bloomberg_markets_video_2/12310404b077c8de4f929ec72b95679d', 'originalWidth': 1280, 'originalHeight': 720, 'caption': '', 'resolutions': [{'url': 'https://s.yimg.com/uu/api/res/1.2/kB_Nhx1U6kkOYfbwbkrPLA--~B/aD03MjA7dz0xMjgwO2FwcGlkPXl0YWNoeW9u/https://media.zenfs.com/en/bloomberg_markets_video_2/12310404b077c8de4f929ec72b95679d', 'width': 1280, 'height': 720, 'tag': 'original'}, {'url': 'https://s.yimg.com/uu/api/res/1.2/3QIyuTdJS_HRkieGNQAoHQ--~B/Zmk9c3RyaW07aD0xMjg7dz0xNzA7YXBwaWQ9eXRhY2h5b24-/https://media.zenfs.com/en/bloomberg_markets_video_2/12310404b077c8de4f929ec72b95679d', 'width': 170, 'height': 128, 'tag': '170x128'}]}, 'provider': {'displayName': 'Bloomberg', 'url': 'https://www.bloomberg.com/'}, 'canonicalUrl': {'url': 'https://finance.yahoo.com/video/ambanis-campa-cola-hurting-coke-053643944.html', 'site': 'finance', 'region': 'US', 'lang': 'en-US'}, 'clickThroughUrl': {'url': 'https://finance.yahoo.com/video/ambanis-campa-cola-hurting-coke-053643944.html', 'site': 'finance', 'region': 'US', 'lang': 'en-US'}, 'metadata': {'editorsPick': False}, 'finance': {'premiumFinance': {'isPremiumNews': False, 'isPremiumFreeNews': False}}, 'storyline': None}
- {'id': 'e31eb9d7-b117-4bc3-bd2a-d0f79716b1eb', 'contentType': 'STORY', 'title': 'Trending tickers: Deliveroo, Reliance, Toyota, Novavax and M&S', 'description': '', 'summary': 'The latest investor updates on stocks that are trending on Monday', 'pubDate': '2025-04-28T09:44:36Z', 'displayTime': '2025-04-28T09:44:36Z', 'isHosted': True, 'bypassModal': False, 'previewUrl': None, 'thumbnail': {'originalUrl': 'https://s.yimg.com/os/creatr-uploaded-images/2025-04/d9028e40-2412-11f0-a77e-e6460752fb57', 'originalWidth': 4313, 'originalHeight': 2871, 'caption': '', 'resolutions': [{'url': 'https://s.yimg.com/uu/api/res/1.2/L13AVNw_ziMsQdRzLif9Fg--~B/aD0yODcxO3c9NDMxMzthcHBpZD15dGFjaHlvbg--/https://s.yimg.com/os/creatr-uploaded-images/2025-04/d9028e40-2412-11f0-a77e-e6460752fb57', 'width': 4313, 'height': 2871, 'tag': 'original'}, {'url': 'https://s.yimg.com/uu/api/res/1.2/gzlCxUYD4cjqGXjxHfGu9g--~B/Zmk9c3RyaW07aD0xMjg7dz0xNzA7YXBwaWQ9eXRhY2h5b24-/https://s.yimg.com/os/creatr-uploaded-images/2025-04/d9028e40-2412-11f0-a77e-e6460752fb57', 'width': 170, 'height': 128, 'tag': '170x128'}]}, 'provider': {'displayName': 'Yahoo Finance UK', 'url': 'http://uk.finance.yahoo.com/'}, 'canonicalUrl': {'url': 'https://uk.finance.yahoo.com/news/deliveroo-reliance-toyota-novavax-ms-trending-tickers-094342819.html', 'site': 'finance', 'region': 'GB', 'lang': 'en-GB'}, 'clickThroughUrl': {'url': 'https://finance.yahoo.com/news/deliveroo-reliance-toyota-novavax-ms-trending-tickers-094342819.html', 'site': 'finance', 'region': 'US', 'lang': 'en-US'}, 'metadata': {'editorsPick': False}, 'finance': {'premiumFinance': {'isPremiumNews': False, 'isPremiumFreeNews': False}}, 'storyline': None}
            
            Provide your analysis in this exact format (include all sections):
            
            SENTIMENT: [POSITIVE/NEGATIVE/NEUTRAL]
            CONFIDENCE: [0-100]
            KEY_THEMES: [comma-separated list of 2-3 key themes or topics]
            
            Be specific and focus on actionable insights. If unsure, mark as NEUTRAL with 50 confidence.
            
2025-05-25 00:15:43,151 - INFO - Sending request to Ollama with model: llama3.2:latest
2025-05-25 00:15:58,273 - INFO - Ollama response status: 200
2025-05-25 00:15:58,275 - INFO - Received LLM response: SENTIMENT: NEUTRAL
CONFIDENCE: 50

KEY_THEMES: Reliance Industries' expansion plans, India's energy sector, Mukesh Ambani's business partnerships, diesel exports, Campa Cola brand.

Analysis:

The recent news headlines provide a mixed bag of information about Reliance Industries and its various business ventures. On one hand, the company is set to start a solar module factory this year, which indicates a positive development in the renewable energy sector. Additionally, Mukesh Ambani's meeting with US President Donald Trump and the emir of Qatar suggests that Reliance Industries is exploring new business opportunities.

On the other hand, the news about India's diesel exports likely hitting their lowest level in over a decade in April raises concerns about the country's energy security. Furthermore, the growing success of the Campa Cola brand, which is challenging Coca-Cola and PepsiCo's dominance in India, may have negative implications for these established companies.

Overall, the sentiment of these
2025-05-25 00:15:58,275 - WARNING - Error parsing quoted themes: No closing quotation
2025-05-25 00:15:58,275 - INFO - Parsed sentiment result: {'sentiment': 'NEUTRAL', 'confidence': 50, 'themes': ["Reliance Industries' expansion plans", "India's energy sector", "Mukesh Ambani's business partnerships"]}
2025-05-25 00:15:58,275 - INFO - 
Sentiment Analysis Results:
2025-05-25 00:15:58,276 - INFO - Stock: RELIANCE.NS
2025-05-25 00:15:58,276 - INFO - Sentiment: NEUTRAL
2025-05-25 00:15:58,276 - INFO - Confidence: 50
2025-05-25 00:15:58,276 - INFO - Themes: Reliance Industries' expansion plans, India's energy sector, Mukesh Ambani's business partnerships
2025-05-25 00:16:00,279 - INFO - 
==================================================
2025-05-25 00:16:00,279 - INFO - Testing sentiment analysis for TCS.NS
2025-05-25 00:16:00,279 - INFO - ==================================================
2025-05-25 00:16:00,280 - INFO - Fetching news for ticker: TCS.NS
2025-05-25 00:16:00,595 - INFO - Found 10 total news items from Yahoo Finance
2025-05-25 00:16:00,595 - INFO - Found headline: {'id': '1bb70d34-f3a3-3347-bbd9-cd7965d6824f', 'contentType': 'STORY', 'title': 'Tata Consultancy Services carries out internal probe into M&S hack, FT reports', 'description': '', 'summary': 'M&S declined to comment and TCS did not immediately respond to a Reuters request for comment.  The cyberattack which M&S disclosed in April will cost the company about 300 million pounds ($404.9 million) in lost operating profit, and disruption to online services is likely until July.', 'pubDate': '2025-05-23T10:44:27Z', 'displayTime': '2025-05-23T10:44:27Z', 'isHosted': True, 'bypassModal': False, 'previewUrl': None, 'thumbnail': {'originalUrl': 'https://media.zenfs.com/en/reuters.com/d608865eabed4b90a88270d90a6e47b5', 'originalWidth': 800, 'originalHeight': 505, 'caption': 'Illustration shows TCS: Tata Consultancy Services logo', 'resolutions': [{'url': 'https://s.yimg.com/uu/api/res/1.2/tm.iNfN97Y5xaQqqJmpAWg--~B/aD01MDU7dz04MDA7YXBwaWQ9eXRhY2h5b24-/https://media.zenfs.com/en/reuters.com/d608865eabed4b90a88270d90a6e47b5', 'width': 800, 'height': 505, 'tag': 'original'}, {'url': 'https://s.yimg.com/uu/api/res/1.2/BfBYoswdb.IM2UGXL7YlQA--~B/Zmk9c3RyaW07aD0xMjg7dz0xNzA7YXBwaWQ9eXRhY2h5b24-/https://media.zenfs.com/en/reuters.com/d608865eabed4b90a88270d90a6e47b5', 'width': 170, 'height': 128, 'tag': '170x128'}]}, 'provider': {'displayName': 'Reuters', 'url': 'https://www.reuters.com/'}, 'canonicalUrl': {'url': 'https://finance.yahoo.com/news/tata-consultancy-services-carries-internal-104427057.html', 'site': 'finance', 'region': 'US', 'lang': 'en-US'}, 'clickThroughUrl': {'url': 'https://finance.yahoo.com/news/tata-consultancy-services-carries-internal-104427057.html', 'site': 'finance', 'region': 'US', 'lang': 'en-US'}, 'metadata': {'editorsPick': False}, 'finance': {'premiumFinance': {'isPremiumNews': False, 'isPremiumFreeNews': False}}, 'storyline': None}
2025-05-25 00:16:00,595 - INFO - Found headline: {'id': 'c85b93c8-9a78-3ccb-a202-a795542ea6d9', 'contentType': 'STORY', 'title': 'TCS expands partnership with SAP to drive cloud adoption', 'description': '', 'summary': "The two companies will jointly work to support customers through the 'RISE with SAP' initiative.", 'pubDate': '2025-05-02T10:12:48Z', 'displayTime': '2025-05-02T10:12:48Z', 'isHosted': True, 'bypassModal': False, 'previewUrl': None, 'thumbnail': {'originalUrl': 'https://media.zenfs.com/en/verdict_626/bb981f6c3332bb3037894d2d505ba89f', 'originalWidth': 1437, 'originalHeight': 811, 'caption': 'TCS will leverage its TCS Pace Port innovation network. Credit: Piotr Swat/Shutterstock.', 'resolutions': [{'url': 'https://s.yimg.com/uu/api/res/1.2/oEcWZB5k9XjZ8PDsaFejDg--~B/aD04MTE7dz0xNDM3O2FwcGlkPXl0YWNoeW9u/https://media.zenfs.com/en/verdict_626/bb981f6c3332bb3037894d2d505ba89f', 'width': 1437, 'height': 811, 'tag': 'original'}, {'url': 'https://s.yimg.com/uu/api/res/1.2/9Qmdc8QLoVDr5WaMmqdneA--~B/Zmk9c3RyaW07aD0xMjg7dz0xNzA7YXBwaWQ9eXRhY2h5b24-/https://media.zenfs.com/en/verdict_626/bb981f6c3332bb3037894d2d505ba89f', 'width': 170, 'height': 128, 'tag': '170x128'}]}, 'provider': {'displayName': 'Verdict', 'url': 'https://www.globaldata.com/'}, 'canonicalUrl': {'url': 'https://www.verdict.co.uk/tcs-sap-cloud-adoption/', 'site': 'finance', 'region': 'US', 'lang': 'en-US'}, 'clickThroughUrl': {'url': 'https://finance.yahoo.com/news/tcs-expands-partnership-sap-drive-101248167.html', 'site': 'finance', 'region': 'US', 'lang': 'en-US'}, 'metadata': {'editorsPick': False}, 'finance': {'premiumFinance': {'isPremiumNews': False, 'isPremiumFreeNews': False}}, 'storyline': None}
2025-05-25 00:16:00,595 - INFO - Found headline: {'id': '4aac023d-6d8c-3420-ba4b-7c4fa6a2537c', 'contentType': 'STORY', 'title': 'Tata Consultancy Services Ltd (BOM:532540) Q4 2025 Earnings Call Highlights: Surpassing $30 ...', 'description': '', 'summary': 'Tata Consultancy Services Ltd (BOM:532540) reports strong fiscal year growth despite margin pressures and regional revenue declines.', 'pubDate': '2025-04-11T07:01:18Z', 'displayTime': '2025-04-11T07:01:18Z', 'isHosted': True, 'bypassModal': False, 'previewUrl': None, 'thumbnail': None, 'provider': {'displayName': 'GuruFocus.com', 'url': 'http://www.gurufocus.com/'}, 'canonicalUrl': {'url': 'https://finance.yahoo.com/news/tata-consultancy-services-ltd-bom-070118452.html', 'site': 'finance', 'region': 'US', 'lang': 'en-US'}, 'clickThroughUrl': {'url': 'https://finance.yahoo.com/news/tata-consultancy-services-ltd-bom-070118452.html', 'site': 'finance', 'region': 'US', 'lang': 'en-US'}, 'metadata': {'editorsPick': False}, 'finance': {'premiumFinance': {'isPremiumNews': False, 'isPremiumFreeNews': False}}, 'storyline': None}
2025-05-25 00:16:00,596 - INFO - Found headline: {'id': 'f1344859-d72b-33db-8876-471fce9c3eb4', 'contentType': 'STORY', 'title': "India's TCS warns US tariff chaos hurting client sentiment", 'description': '', 'summary': "BENGALURU (Reuters) -India's top software-services exporter Tata Consultancy Services reported weaker-than-expected quarterly results on Thursday and warned uncertainty around U.S. tariffs was prompting clients to rethink discretionary projects.  The $283 billion Indian IT sector was counting on the Trump administration's business-friendly policies to revive client confidence and spending in its biggest market, but the U.S. tariff saga has soured expectations of any immediate upswing in fortunes.", 'pubDate': '2025-04-10T10:46:40Z', 'displayTime': '2025-04-10T10:46:40Z', 'isHosted': True, 'bypassModal': False, 'previewUrl': None, 'thumbnail': {'originalUrl': 'https://media.zenfs.com/en/reuters.com/b3b2cabb8200f6c280fbf853979ae22a', 'originalWidth': 800, 'originalHeight': 512, 'caption': "A man walks past a logo of Tata Consultancy Services (TCS) before a press conference announcing the company's quarterly results in Mumbai", 'resolutions': [{'url': 'https://s.yimg.com/uu/api/res/1.2/p_8wAmgwYP7.gXqiHSQG2Q--~B/aD01MTI7dz04MDA7YXBwaWQ9eXRhY2h5b24-/https://media.zenfs.com/en/reuters.com/b3b2cabb8200f6c280fbf853979ae22a', 'width': 800, 'height': 512, 'tag': 'original'}, {'url': 'https://s.yimg.com/uu/api/res/1.2/qsi8zU9gdLmnPqg8PVS4og--~B/Zmk9c3RyaW07aD0xMjg7dz0xNzA7YXBwaWQ9eXRhY2h5b24-/https://media.zenfs.com/en/reuters.com/b3b2cabb8200f6c280fbf853979ae22a', 'width': 170, 'height': 128, 'tag': '170x128'}]}, 'provider': {'displayName': 'Reuters', 'url': 'https://www.reuters.com/'}, 'canonicalUrl': {'url': 'https://finance.yahoo.com/news/indias-tcs-misses-fourth-quarter-104640504.html', 'site': 'finance', 'region': 'US', 'lang': 'en-US'}, 'clickThroughUrl': {'url': 'https://finance.yahoo.com/news/indias-tcs-misses-fourth-quarter-104640504.html', 'site': 'finance', 'region': 'US', 'lang': 'en-US'}, 'metadata': {'editorsPick': False}, 'finance': {'premiumFinance': {'isPremiumNews': False, 'isPremiumFreeNews': False}}, 'storyline': None}
2025-05-25 00:16:00,596 - INFO - Found headline: {'id': '32367872-10e4-3788-8b13-e8eefc7b630e', 'contentType': 'STORY', 'title': 'The Cumberland taps TCS for core system overhaul', 'description': '', 'summary': "The partnership aims to “future-proof” The Cumberland's banking infrastructure and enhance service flexibility at its branches.", 'pubDate': '2025-03-21T12:17:28Z', 'displayTime': '2025-03-21T12:17:28Z', 'isHosted': True, 'bypassModal': False, 'previewUrl': None, 'thumbnail': {'originalUrl': 'https://media.zenfs.com/en/retail_banker_international_407/074eba11360eb8e40d8692cd12a7bdec', 'originalWidth': 1440, 'originalHeight': 810, 'caption': 'The collaboration will enable the implementation of TCS BaNCS for Core Banking to improve operational efficiency. Credit: Tada Images/Shutterstock.', 'resolutions': [{'url': 'https://s.yimg.com/uu/api/res/1.2/x72i_u96jk67chbrYr4_kw--~B/aD04MTA7dz0xNDQwO2FwcGlkPXl0YWNoeW9u/https://media.zenfs.com/en/retail_banker_international_407/074eba11360eb8e40d8692cd12a7bdec', 'width': 1440, 'height': 810, 'tag': 'original'}, {'url': 'https://s.yimg.com/uu/api/res/1.2/BtePQkfuz0BN.xldm3TnEw--~B/Zmk9c3RyaW07aD0xMjg7dz0xNzA7YXBwaWQ9eXRhY2h5b24-/https://media.zenfs.com/en/retail_banker_international_407/074eba11360eb8e40d8692cd12a7bdec', 'width': 170, 'height': 128, 'tag': '170x128'}]}, 'provider': {'displayName': 'Retail Banker International', 'url': 'https://www.globaldata.com/'}, 'canonicalUrl': {'url': 'https://www.retailbankerinternational.com/news/the-cumberland-taps-tcs-overhaul/', 'site': 'finance', 'region': 'US', 'lang': 'en-US'}, 'clickThroughUrl': {'url': 'https://finance.yahoo.com/news/cumberland-taps-tcs-core-system-121728910.html', 'site': 'finance', 'region': 'US', 'lang': 'en-US'}, 'metadata': {'editorsPick': False}, 'finance': {'premiumFinance': {'isPremiumNews': False, 'isPremiumFreeNews': False}}, 'storyline': None}
2025-05-25 00:16:00,596 - INFO - Found 5 relevant headlines from Yahoo Finance for TCS.NS
2025-05-25 00:16:00,596 - INFO - Sending prompt to LLM: 
            Analyze the sentiment of these recent news headlines for TCS.NS stock.
            Consider the overall tone, specific events, and market implications.
            
            Headlines:
            - {'id': '1bb70d34-f3a3-3347-bbd9-cd7965d6824f', 'contentType': 'STORY', 'title': 'Tata Consultancy Services carries out internal probe into M&S hack, FT reports', 'description': '', 'summary': 'M&S declined to comment and TCS did not immediately respond to a Reuters request for comment.  The cyberattack which M&S disclosed in April will cost the company about 300 million pounds ($404.9 million) in lost operating profit, and disruption to online services is likely until July.', 'pubDate': '2025-05-23T10:44:27Z', 'displayTime': '2025-05-23T10:44:27Z', 'isHosted': True, 'bypassModal': False, 'previewUrl': None, 'thumbnail': {'originalUrl': 'https://media.zenfs.com/en/reuters.com/d608865eabed4b90a88270d90a6e47b5', 'originalWidth': 800, 'originalHeight': 505, 'caption': 'Illustration shows TCS: Tata Consultancy Services logo', 'resolutions': [{'url': 'https://s.yimg.com/uu/api/res/1.2/tm.iNfN97Y5xaQqqJmpAWg--~B/aD01MDU7dz04MDA7YXBwaWQ9eXRhY2h5b24-/https://media.zenfs.com/en/reuters.com/d608865eabed4b90a88270d90a6e47b5', 'width': 800, 'height': 505, 'tag': 'original'}, {'url': 'https://s.yimg.com/uu/api/res/1.2/BfBYoswdb.IM2UGXL7YlQA--~B/Zmk9c3RyaW07aD0xMjg7dz0xNzA7YXBwaWQ9eXRhY2h5b24-/https://media.zenfs.com/en/reuters.com/d608865eabed4b90a88270d90a6e47b5', 'width': 170, 'height': 128, 'tag': '170x128'}]}, 'provider': {'displayName': 'Reuters', 'url': 'https://www.reuters.com/'}, 'canonicalUrl': {'url': 'https://finance.yahoo.com/news/tata-consultancy-services-carries-internal-104427057.html', 'site': 'finance', 'region': 'US', 'lang': 'en-US'}, 'clickThroughUrl': {'url': 'https://finance.yahoo.com/news/tata-consultancy-services-carries-internal-104427057.html', 'site': 'finance', 'region': 'US', 'lang': 'en-US'}, 'metadata': {'editorsPick': False}, 'finance': {'premiumFinance': {'isPremiumNews': False, 'isPremiumFreeNews': False}}, 'storyline': None}
- {'id': 'c85b93c8-9a78-3ccb-a202-a795542ea6d9', 'contentType': 'STORY', 'title': 'TCS expands partnership with SAP to drive cloud adoption', 'description': '', 'summary': "The two companies will jointly work to support customers through the 'RISE with SAP' initiative.", 'pubDate': '2025-05-02T10:12:48Z', 'displayTime': '2025-05-02T10:12:48Z', 'isHosted': True, 'bypassModal': False, 'previewUrl': None, 'thumbnail': {'originalUrl': 'https://media.zenfs.com/en/verdict_626/bb981f6c3332bb3037894d2d505ba89f', 'originalWidth': 1437, 'originalHeight': 811, 'caption': 'TCS will leverage its TCS Pace Port innovation network. Credit: Piotr Swat/Shutterstock.', 'resolutions': [{'url': 'https://s.yimg.com/uu/api/res/1.2/oEcWZB5k9XjZ8PDsaFejDg--~B/aD04MTE7dz0xNDM3O2FwcGlkPXl0YWNoeW9u/https://media.zenfs.com/en/verdict_626/bb981f6c3332bb3037894d2d505ba89f', 'width': 1437, 'height': 811, 'tag': 'original'}, {'url': 'https://s.yimg.com/uu/api/res/1.2/9Qmdc8QLoVDr5WaMmqdneA--~B/Zmk9c3RyaW07aD0xMjg7dz0xNzA7YXBwaWQ9eXRhY2h5b24-/https://media.zenfs.com/en/verdict_626/bb981f6c3332bb3037894d2d505ba89f', 'width': 170, 'height': 128, 'tag': '170x128'}]}, 'provider': {'displayName': 'Verdict', 'url': 'https://www.globaldata.com/'}, 'canonicalUrl': {'url': 'https://www.verdict.co.uk/tcs-sap-cloud-adoption/', 'site': 'finance', 'region': 'US', 'lang': 'en-US'}, 'clickThroughUrl': {'url': 'https://finance.yahoo.com/news/tcs-expands-partnership-sap-drive-101248167.html', 'site': 'finance', 'region': 'US', 'lang': 'en-US'}, 'metadata': {'editorsPick': False}, 'finance': {'premiumFinance': {'isPremiumNews': False, 'isPremiumFreeNews': False}}, 'storyline': None}
- {'id': '4aac023d-6d8c-3420-ba4b-7c4fa6a2537c', 'contentType': 'STORY', 'title': 'Tata Consultancy Services Ltd (BOM:532540) Q4 2025 Earnings Call Highlights: Surpassing $30 ...', 'description': '', 'summary': 'Tata Consultancy Services Ltd (BOM:532540) reports strong fiscal year growth despite margin pressures and regional revenue declines.', 'pubDate': '2025-04-11T07:01:18Z', 'displayTime': '2025-04-11T07:01:18Z', 'isHosted': True, 'bypassModal': False, 'previewUrl': None, 'thumbnail': None, 'provider': {'displayName': 'GuruFocus.com', 'url': 'http://www.gurufocus.com/'}, 'canonicalUrl': {'url': 'https://finance.yahoo.com/news/tata-consultancy-services-ltd-bom-070118452.html', 'site': 'finance', 'region': 'US', 'lang': 'en-US'}, 'clickThroughUrl': {'url': 'https://finance.yahoo.com/news/tata-consultancy-services-ltd-bom-070118452.html', 'site': 'finance', 'region': 'US', 'lang': 'en-US'}, 'metadata': {'editorsPick': False}, 'finance': {'premiumFinance': {'isPremiumNews': False, 'isPremiumFreeNews': False}}, 'storyline': None}
- {'id': 'f1344859-d72b-33db-8876-471fce9c3eb4', 'contentType': 'STORY', 'title': "India's TCS warns US tariff chaos hurting client sentiment", 'description': '', 'summary': "BENGALURU (Reuters) -India's top software-services exporter Tata Consultancy Services reported weaker-than-expected quarterly results on Thursday and warned uncertainty around U.S. tariffs was prompting clients to rethink discretionary projects.  The $283 billion Indian IT sector was counting on the Trump administration's business-friendly policies to revive client confidence and spending in its biggest market, but the U.S. tariff saga has soured expectations of any immediate upswing in fortunes.", 'pubDate': '2025-04-10T10:46:40Z', 'displayTime': '2025-04-10T10:46:40Z', 'isHosted': True, 'bypassModal': False, 'previewUrl': None, 'thumbnail': {'originalUrl': 'https://media.zenfs.com/en/reuters.com/b3b2cabb8200f6c280fbf853979ae22a', 'originalWidth': 800, 'originalHeight': 512, 'caption': "A man walks past a logo of Tata Consultancy Services (TCS) before a press conference announcing the company's quarterly results in Mumbai", 'resolutions': [{'url': 'https://s.yimg.com/uu/api/res/1.2/p_8wAmgwYP7.gXqiHSQG2Q--~B/aD01MTI7dz04MDA7YXBwaWQ9eXRhY2h5b24-/https://media.zenfs.com/en/reuters.com/b3b2cabb8200f6c280fbf853979ae22a', 'width': 800, 'height': 512, 'tag': 'original'}, {'url': 'https://s.yimg.com/uu/api/res/1.2/qsi8zU9gdLmnPqg8PVS4og--~B/Zmk9c3RyaW07aD0xMjg7dz0xNzA7YXBwaWQ9eXRhY2h5b24-/https://media.zenfs.com/en/reuters.com/b3b2cabb8200f6c280fbf853979ae22a', 'width': 170, 'height': 128, 'tag': '170x128'}]}, 'provider': {'displayName': 'Reuters', 'url': 'https://www.reuters.com/'}, 'canonicalUrl': {'url': 'https://finance.yahoo.com/news/indias-tcs-misses-fourth-quarter-104640504.html', 'site': 'finance', 'region': 'US', 'lang': 'en-US'}, 'clickThroughUrl': {'url': 'https://finance.yahoo.com/news/indias-tcs-misses-fourth-quarter-104640504.html', 'site': 'finance', 'region': 'US', 'lang': 'en-US'}, 'metadata': {'editorsPick': False}, 'finance': {'premiumFinance': {'isPremiumNews': False, 'isPremiumFreeNews': False}}, 'storyline': None}
- {'id': '32367872-10e4-3788-8b13-e8eefc7b630e', 'contentType': 'STORY', 'title': 'The Cumberland taps TCS for core system overhaul', 'description': '', 'summary': "The partnership aims to “future-proof” The Cumberland's banking infrastructure and enhance service flexibility at its branches.", 'pubDate': '2025-03-21T12:17:28Z', 'displayTime': '2025-03-21T12:17:28Z', 'isHosted': True, 'bypassModal': False, 'previewUrl': None, 'thumbnail': {'originalUrl': 'https://media.zenfs.com/en/retail_banker_international_407/074eba11360eb8e40d8692cd12a7bdec', 'originalWidth': 1440, 'originalHeight': 810, 'caption': 'The collaboration will enable the implementation of TCS BaNCS for Core Banking to improve operational efficiency. Credit: Tada Images/Shutterstock.', 'resolutions': [{'url': 'https://s.yimg.com/uu/api/res/1.2/x72i_u96jk67chbrYr4_kw--~B/aD04MTA7dz0xNDQwO2FwcGlkPXl0YWNoeW9u/https://media.zenfs.com/en/retail_banker_international_407/074eba11360eb8e40d8692cd12a7bdec', 'width': 1440, 'height': 810, 'tag': 'original'}, {'url': 'https://s.yimg.com/uu/api/res/1.2/BtePQkfuz0BN.xldm3TnEw--~B/Zmk9c3RyaW07aD0xMjg7dz0xNzA7YXBwaWQ9eXRhY2h5b24-/https://media.zenfs.com/en/retail_banker_international_407/074eba11360eb8e40d8692cd12a7bdec', 'width': 170, 'height': 128, 'tag': '170x128'}]}, 'provider': {'displayName': 'Retail Banker International', 'url': 'https://www.globaldata.com/'}, 'canonicalUrl': {'url': 'https://www.retailbankerinternational.com/news/the-cumberland-taps-tcs-overhaul/', 'site': 'finance', 'region': 'US', 'lang': 'en-US'}, 'clickThroughUrl': {'url': 'https://finance.yahoo.com/news/cumberland-taps-tcs-core-system-121728910.html', 'site': 'finance', 'region': 'US', 'lang': 'en-US'}, 'metadata': {'editorsPick': False}, 'finance': {'premiumFinance': {'isPremiumNews': False, 'isPremiumFreeNews': False}}, 'storyline': None}
            
            Provide your analysis in this exact format (include all sections):
            
            SENTIMENT: [POSITIVE/NEGATIVE/NEUTRAL]
            CONFIDENCE: [0-100]
            KEY_THEMES: [comma-separated list of 2-3 key themes or topics]
            
            Be specific and focus on actionable insights. If unsure, mark as NEUTRAL with 50 confidence.
            
2025-05-25 00:16:00,596 - INFO - Sending request to Ollama with model: llama3.2:latest
2025-05-25 00:16:13,813 - INFO - Ollama response status: 200
2025-05-25 00:16:13,816 - INFO - Received LLM response: SENTIMENT: NEUTRAL
CONFIDENCE: 70
KEY_THEMES: TCS partnership with SAP for cloud adoption, impact of US tariffs on Indian IT sector, banking infrastructure overhaul by The Cumberland.

Analysis:

The recent news headlines about TCS.NS stock provide a mixed picture. On one hand, the company's expansion of its partnership with SAP to drive cloud adoption (Story 2) and its internal probe into the M&S hack (Story 1) suggest that TCS is taking proactive steps to address security concerns and stay ahead in the market.

On the other hand, the company's weaker-than-expected quarterly results due to uncertainty around US tariffs (Story 4) and its warning about clients rethinking discretionary projects indicate that the Indian IT sector is facing challenges. Additionally, The Cumberland's partnership with TCS for a core system overhaul (Story 3) suggests that the company is looking to improve operational efficiency.

Overall, while there are some positive developments, such as
2025-05-25 00:16:13,816 - INFO - Parsed sentiment result: {'sentiment': 'NEUTRAL', 'confidence': 70, 'themes': ['TCS partnership with SAP for cloud adoption', 'impact of US tariffs on Indian IT sector', 'banking infrastructure overhaul by The Cumberland']}
2025-05-25 00:16:13,816 - INFO - 
Sentiment Analysis Results:
2025-05-25 00:16:13,816 - INFO - Stock: TCS.NS
2025-05-25 00:16:13,816 - INFO - Sentiment: NEUTRAL
2025-05-25 00:16:13,816 - INFO - Confidence: 70
2025-05-25 00:16:13,816 - INFO - Themes: TCS partnership with SAP for cloud adoption, impact of US tariffs on Indian IT sector, banking infrastructure overhaul by The Cumberland
2025-05-25 00:16:15,819 - INFO - 
==================================================
2025-05-25 00:16:15,820 - INFO - Testing sentiment analysis for HDFCBANK.NS
2025-05-25 00:16:15,820 - INFO - ==================================================
2025-05-25 00:16:15,821 - INFO - Fetching news for ticker: HDFCBANK.NS
2025-05-25 00:16:15,975 - INFO - Found 10 total news items from Yahoo Finance
2025-05-25 00:16:15,976 - INFO - Found headline: {'id': '29c4caf5-a422-33e8-b735-e59f66299a75', 'contentType': 'STORY', 'title': 'Is the Options Market Predicting a Spike in HDFC Bank (HDB) Stock?', 'description': '', 'summary': 'Investors need to pay close attention to HDFC Bank (HDB) stock based on the movements in the options market lately.', 'pubDate': '2025-05-19T15:29:00Z', 'displayTime': '2025-05-19T15:29:00Z', 'isHosted': True, 'bypassModal': False, 'previewUrl': None, 'thumbnail': {'originalUrl': 'https://media.zenfs.com/en/zacks.com/9fff9f84f51f11966f715ae738f14e1c', 'originalWidth': 635, 'originalHeight': 400, 'caption': '', 'resolutions': [{'url': 'https://s.yimg.com/uu/api/res/1.2/C0A28mdnkvImCwAim9iKdA--~B/aD00MDA7dz02MzU7YXBwaWQ9eXRhY2h5b24-/https://media.zenfs.com/en/zacks.com/9fff9f84f51f11966f715ae738f14e1c', 'width': 635, 'height': 400, 'tag': 'original'}, {'url': 'https://s.yimg.com/uu/api/res/1.2/lb5OMPWWyNvq8R23p0SyrA--~B/Zmk9c3RyaW07aD0xMjg7dz0xNzA7YXBwaWQ9eXRhY2h5b24-/https://media.zenfs.com/en/zacks.com/9fff9f84f51f11966f715ae738f14e1c', 'width': 170, 'height': 128, 'tag': '170x128'}]}, 'provider': {'displayName': 'Zacks', 'url': 'http://www.zacks.com/'}, 'canonicalUrl': {'url': 'https://finance.yahoo.com/news/options-market-predicting-spike-hdfc-152900430.html', 'site': 'finance', 'region': 'US', 'lang': 'en-US'}, 'clickThroughUrl': {'url': 'https://finance.yahoo.com/news/options-market-predicting-spike-hdfc-152900430.html', 'site': 'finance', 'region': 'US', 'lang': 'en-US'}, 'metadata': {'editorsPick': False}, 'finance': {'premiumFinance': {'isPremiumNews': False, 'isPremiumFreeNews': False}}, 'storyline': None}
2025-05-25 00:16:15,976 - INFO - Found headline: {'id': '2fe253a0-593b-3021-b5f3-dc0736ca4672', 'contentType': 'STORY', 'title': 'Indian benchmarks log biggest five-day gains in four years as financials rally', 'description': '', 'summary': "India's benchmark indexes logged their biggest five-day gains since February 2021, boosted by heavyweight financials following better-than-expected earnings, while a weaker U.S. dollar further propped up investor sentiment.  The Nifty 50  gained 1.15% to 24,125.55 on Monday, while the BSE Sensex rose 1.09% to 79,408.50.  Financials, which comprise over 37% of the Nifty 50, have jumped 9.5% in five sessions and hit lifetime highs.", 'pubDate': '2025-04-21T02:43:42Z', 'displayTime': '2025-04-21T02:43:42Z', 'isHosted': True, 'bypassModal': False, 'previewUrl': None, 'thumbnail': {'originalUrl': 'https://media.zenfs.com/en/reuters.com/a29b30409a67269f7ab6188accf2caa9', 'originalWidth': 800, 'originalHeight': 542, 'caption': 'Men walk past a screen displaying market results outside the Bombay Stock Exchange (BSE) in Mumbai', 'resolutions': [{'url': 'https://s.yimg.com/uu/api/res/1.2/0wNn94tQJHO66RPLDPPPrg--~B/aD01NDI7dz04MDA7YXBwaWQ9eXRhY2h5b24-/https://media.zenfs.com/en/reuters.com/a29b30409a67269f7ab6188accf2caa9', 'width': 800, 'height': 542, 'tag': 'original'}, {'url': 'https://s.yimg.com/uu/api/res/1.2/leb_zy8aFZk9jKpa1IukhQ--~B/Zmk9c3RyaW07aD0xMjg7dz0xNzA7YXBwaWQ9eXRhY2h5b24-/https://media.zenfs.com/en/reuters.com/a29b30409a67269f7ab6188accf2caa9', 'width': 170, 'height': 128, 'tag': '170x128'}]}, 'provider': {'displayName': 'Reuters', 'url': 'https://www.reuters.com/'}, 'canonicalUrl': {'url': 'https://sg.finance.yahoo.com/news/indian-benchmarks-likely-open-flat-024342790.html', 'site': 'finance', 'region': 'SG', 'lang': 'en-SG'}, 'clickThroughUrl': {'url': 'https://finance.yahoo.com/news/indian-benchmarks-likely-open-flat-024342790.html', 'site': 'finance', 'region': 'US', 'lang': 'en-US'}, 'metadata': {'editorsPick': False}, 'finance': {'premiumFinance': {'isPremiumNews': False, 'isPremiumFreeNews': False}}, 'storyline': None}
2025-05-25 00:16:15,976 - INFO - Found headline: {'id': '2d323c37-703b-3340-837f-94ef3205fe1f', 'contentType': 'STORY', 'title': 'HDFC Bank Ltd (HDB) Q4 2025 Earnings Call Highlights: Strong Deposit Growth and Pristine Asset ...', 'description': '', 'summary': 'HDFC Bank Ltd (HDB) showcases robust financial stability with reduced credit deposit ratio and stable net interest margins, despite facing global economic challenges.', 'pubDate': '2025-04-20T07:00:21Z', 'displayTime': '2025-04-20T07:00:21Z', 'isHosted': True, 'bypassModal': False, 'previewUrl': None, 'thumbnail': {'originalUrl': 'https://media.zenfs.com/en/us.finance.gurufocus/5e2475e282daf59dda755837d90721a9', 'originalWidth': 134, 'originalHeight': 134, 'caption': '', 'resolutions': [{'url': 'https://s.yimg.com/uu/api/res/1.2/xlS5jajQAJ2k10VicwV6_g--~B/aD0xMzQ7dz0xMzQ7YXBwaWQ9eXRhY2h5b24-/https://media.zenfs.com/en/us.finance.gurufocus/5e2475e282daf59dda755837d90721a9', 'width': 134, 'height': 134, 'tag': 'original'}, {'url': 'https://s.yimg.com/uu/api/res/1.2/KEdqSExSYqgOD6Q4jIa7Tg--~B/Zmk9c3RyaW07aD0xMjg7dz0xNzA7YXBwaWQ9eXRhY2h5b24-/https://media.zenfs.com/en/us.finance.gurufocus/5e2475e282daf59dda755837d90721a9', 'width': 170, 'height': 128, 'tag': '170x128'}]}, 'provider': {'displayName': 'GuruFocus.com', 'url': 'http://www.gurufocus.com/'}, 'canonicalUrl': {'url': 'https://finance.yahoo.com/news/hdfc-bank-ltd-hdb-q4-070021819.html', 'site': 'finance', 'region': 'US', 'lang': 'en-US'}, 'clickThroughUrl': {'url': 'https://finance.yahoo.com/news/hdfc-bank-ltd-hdb-q4-070021819.html', 'site': 'finance', 'region': 'US', 'lang': 'en-US'}, 'metadata': {'editorsPick': False}, 'finance': {'premiumFinance': {'isPremiumNews': False, 'isPremiumFreeNews': False}}, 'storyline': None}
2025-05-25 00:16:15,977 - INFO - Found headline: {'id': '4bfce8a9-2116-30eb-94ea-75ba088ddb5f', 'contentType': 'STORY', 'title': "India's HDFC Bank hits four-month high as deposit rate cut seen lifting margins", 'description': '', 'summary': "Shares of India's HDFC Bank rose as much as 4% on Tuesday to 1,876.80 rupees and were set for their best day in 10 months, after its deposit rate cuts were seen as a margin boost amid slowing loan growth in the industry.  India's largest private lender rose to 1,876.80 rupees as of 8:53 a.m. GMT, its highest since early December, after the bank cut savings deposit rates by 25 basis points across tiers - its first cut in the under-5-million-rupee ($58,263) category in five years.  Brokerage Macquarie said the rate cut could boost HDFC Bank's margins by five basis points starting the first quarter of fiscal 2026, while Jefferies estimated it would reduce costs on 23% of its deposits.", 'pubDate': '2025-04-15T08:47:24Z', 'displayTime': '2025-04-15T08:47:24Z', 'isHosted': True, 'bypassModal': False, 'previewUrl': None, 'thumbnail': {'originalUrl': 'https://media.zenfs.com/en/reuters.com/c16af189f4dcc9f240b5a384acfa4c16', 'originalWidth': 800, 'originalHeight': 552, 'caption': "The headquarters of India's HDFC bank is pictured in Mumbai", 'resolutions': [{'url': 'https://s.yimg.com/uu/api/res/1.2/Y8sX7nGUC5jgaucS6RtWLg--~B/aD01NTI7dz04MDA7YXBwaWQ9eXRhY2h5b24-/https://media.zenfs.com/en/reuters.com/c16af189f4dcc9f240b5a384acfa4c16', 'width': 800, 'height': 552, 'tag': 'original'}, {'url': 'https://s.yimg.com/uu/api/res/1.2/OM1nWpXIr62T21H_fAkbLw--~B/Zmk9c3RyaW07aD0xMjg7dz0xNzA7YXBwaWQ9eXRhY2h5b24-/https://media.zenfs.com/en/reuters.com/c16af189f4dcc9f240b5a384acfa4c16', 'width': 170, 'height': 128, 'tag': '170x128'}]}, 'provider': {'displayName': 'Reuters', 'url': 'https://www.reuters.com/'}, 'canonicalUrl': {'url': 'https://sg.finance.yahoo.com/news/indias-hdfc-bank-hits-four-084724842.html', 'site': 'finance', 'region': 'SG', 'lang': 'en-SG'}, 'clickThroughUrl': {'url': 'https://finance.yahoo.com/news/indias-hdfc-bank-hits-four-084724842.html', 'site': 'finance', 'region': 'US', 'lang': 'en-US'}, 'metadata': {'editorsPick': False}, 'finance': {'premiumFinance': {'isPremiumNews': False, 'isPremiumFreeNews': False}}, 'storyline': None}
2025-05-25 00:16:15,977 - INFO - Found headline: {'id': '2d731b88-f598-385f-8c54-d0b8e34a34be', 'contentType': 'STORY', 'title': 'HDFC Bank (HDB): The Best Indian Stock to Buy According to Billionaires', 'description': '', 'summary': 'We recently published a list of the 10 Best Indian Stocks to Buy According to Billionaires. In this article, we will take a look at where HDFC Bank Limited (NYSE:HDB) stands against other best Indian stocks. India’s stock market had a rough ride during the second half of FY25, amid uncertainty around US tariffs, weak […]', 'pubDate': '2025-04-14T14:11:48Z', 'displayTime': '2025-04-14T14:11:48Z', 'isHosted': True, 'bypassModal': False, 'previewUrl': None, 'thumbnail': {'originalUrl': 'https://media.zenfs.com/en/insidermonkey.com/666484a7dbf9a580c51efd5fef381187', 'originalWidth': 1456, 'originalHeight': 816, 'caption': 'Is HDFC Bank Limited (HDB) Among the Best Indian Stocks to Buy According to Billionaires?', 'resolutions': [{'url': 'https://s.yimg.com/uu/api/res/1.2/IKk5.O3E0m.0Vy3jsnFNyQ--~B/aD04MTY7dz0xNDU2O2FwcGlkPXl0YWNoeW9u/https://media.zenfs.com/en/insidermonkey.com/666484a7dbf9a580c51efd5fef381187', 'width': 1456, 'height': 816, 'tag': 'original'}, {'url': 'https://s.yimg.com/uu/api/res/1.2/Wfo.Vg5zsuFmyFPU6f8WXw--~B/Zmk9c3RyaW07aD0xMjg7dz0xNzA7YXBwaWQ9eXRhY2h5b24-/https://media.zenfs.com/en/insidermonkey.com/666484a7dbf9a580c51efd5fef381187', 'width': 170, 'height': 128, 'tag': '170x128'}]}, 'provider': {'displayName': 'Insider Monkey', 'url': 'http://www.insidermonkey.com'}, 'canonicalUrl': {'url': 'https://finance.yahoo.com/news/hdfc-bank-hdb-best-indian-141148135.html', 'site': 'finance', 'region': 'US', 'lang': 'en-US'}, 'clickThroughUrl': {'url': 'https://finance.yahoo.com/news/hdfc-bank-hdb-best-indian-141148135.html', 'site': 'finance', 'region': 'US', 'lang': 'en-US'}, 'metadata': {'editorsPick': False}, 'finance': {'premiumFinance': {'isPremiumNews': False, 'isPremiumFreeNews': False}}, 'storyline': None}
2025-05-25 00:16:15,977 - INFO - Found 5 relevant headlines from Yahoo Finance for HDFCBANK.NS
2025-05-25 00:16:15,977 - INFO - Sending prompt to LLM: 
            Analyze the sentiment of these recent news headlines for HDFCBANK.NS stock.
            Consider the overall tone, specific events, and market implications.
            
            Headlines:
            - {'id': '29c4caf5-a422-33e8-b735-e59f66299a75', 'contentType': 'STORY', 'title': 'Is the Options Market Predicting a Spike in HDFC Bank (HDB) Stock?', 'description': '', 'summary': 'Investors need to pay close attention to HDFC Bank (HDB) stock based on the movements in the options market lately.', 'pubDate': '2025-05-19T15:29:00Z', 'displayTime': '2025-05-19T15:29:00Z', 'isHosted': True, 'bypassModal': False, 'previewUrl': None, 'thumbnail': {'originalUrl': 'https://media.zenfs.com/en/zacks.com/9fff9f84f51f11966f715ae738f14e1c', 'originalWidth': 635, 'originalHeight': 400, 'caption': '', 'resolutions': [{'url': 'https://s.yimg.com/uu/api/res/1.2/C0A28mdnkvImCwAim9iKdA--~B/aD00MDA7dz02MzU7YXBwaWQ9eXRhY2h5b24-/https://media.zenfs.com/en/zacks.com/9fff9f84f51f11966f715ae738f14e1c', 'width': 635, 'height': 400, 'tag': 'original'}, {'url': 'https://s.yimg.com/uu/api/res/1.2/lb5OMPWWyNvq8R23p0SyrA--~B/Zmk9c3RyaW07aD0xMjg7dz0xNzA7YXBwaWQ9eXRhY2h5b24-/https://media.zenfs.com/en/zacks.com/9fff9f84f51f11966f715ae738f14e1c', 'width': 170, 'height': 128, 'tag': '170x128'}]}, 'provider': {'displayName': 'Zacks', 'url': 'http://www.zacks.com/'}, 'canonicalUrl': {'url': 'https://finance.yahoo.com/news/options-market-predicting-spike-hdfc-152900430.html', 'site': 'finance', 'region': 'US', 'lang': 'en-US'}, 'clickThroughUrl': {'url': 'https://finance.yahoo.com/news/options-market-predicting-spike-hdfc-152900430.html', 'site': 'finance', 'region': 'US', 'lang': 'en-US'}, 'metadata': {'editorsPick': False}, 'finance': {'premiumFinance': {'isPremiumNews': False, 'isPremiumFreeNews': False}}, 'storyline': None}
- {'id': '2fe253a0-593b-3021-b5f3-dc0736ca4672', 'contentType': 'STORY', 'title': 'Indian benchmarks log biggest five-day gains in four years as financials rally', 'description': '', 'summary': "India's benchmark indexes logged their biggest five-day gains since February 2021, boosted by heavyweight financials following better-than-expected earnings, while a weaker U.S. dollar further propped up investor sentiment.  The Nifty 50  gained 1.15% to 24,125.55 on Monday, while the BSE Sensex rose 1.09% to 79,408.50.  Financials, which comprise over 37% of the Nifty 50, have jumped 9.5% in five sessions and hit lifetime highs.", 'pubDate': '2025-04-21T02:43:42Z', 'displayTime': '2025-04-21T02:43:42Z', 'isHosted': True, 'bypassModal': False, 'previewUrl': None, 'thumbnail': {'originalUrl': 'https://media.zenfs.com/en/reuters.com/a29b30409a67269f7ab6188accf2caa9', 'originalWidth': 800, 'originalHeight': 542, 'caption': 'Men walk past a screen displaying market results outside the Bombay Stock Exchange (BSE) in Mumbai', 'resolutions': [{'url': 'https://s.yimg.com/uu/api/res/1.2/0wNn94tQJHO66RPLDPPPrg--~B/aD01NDI7dz04MDA7YXBwaWQ9eXRhY2h5b24-/https://media.zenfs.com/en/reuters.com/a29b30409a67269f7ab6188accf2caa9', 'width': 800, 'height': 542, 'tag': 'original'}, {'url': 'https://s.yimg.com/uu/api/res/1.2/leb_zy8aFZk9jKpa1IukhQ--~B/Zmk9c3RyaW07aD0xMjg7dz0xNzA7YXBwaWQ9eXRhY2h5b24-/https://media.zenfs.com/en/reuters.com/a29b30409a67269f7ab6188accf2caa9', 'width': 170, 'height': 128, 'tag': '170x128'}]}, 'provider': {'displayName': 'Reuters', 'url': 'https://www.reuters.com/'}, 'canonicalUrl': {'url': 'https://sg.finance.yahoo.com/news/indian-benchmarks-likely-open-flat-024342790.html', 'site': 'finance', 'region': 'SG', 'lang': 'en-SG'}, 'clickThroughUrl': {'url': 'https://finance.yahoo.com/news/indian-benchmarks-likely-open-flat-024342790.html', 'site': 'finance', 'region': 'US', 'lang': 'en-US'}, 'metadata': {'editorsPick': False}, 'finance': {'premiumFinance': {'isPremiumNews': False, 'isPremiumFreeNews': False}}, 'storyline': None}
- {'id': '2d323c37-703b-3340-837f-94ef3205fe1f', 'contentType': 'STORY', 'title': 'HDFC Bank Ltd (HDB) Q4 2025 Earnings Call Highlights: Strong Deposit Growth and Pristine Asset ...', 'description': '', 'summary': 'HDFC Bank Ltd (HDB) showcases robust financial stability with reduced credit deposit ratio and stable net interest margins, despite facing global economic challenges.', 'pubDate': '2025-04-20T07:00:21Z', 'displayTime': '2025-04-20T07:00:21Z', 'isHosted': True, 'bypassModal': False, 'previewUrl': None, 'thumbnail': {'originalUrl': 'https://media.zenfs.com/en/us.finance.gurufocus/5e2475e282daf59dda755837d90721a9', 'originalWidth': 134, 'originalHeight': 134, 'caption': '', 'resolutions': [{'url': 'https://s.yimg.com/uu/api/res/1.2/xlS5jajQAJ2k10VicwV6_g--~B/aD0xMzQ7dz0xMzQ7YXBwaWQ9eXRhY2h5b24-/https://media.zenfs.com/en/us.finance.gurufocus/5e2475e282daf59dda755837d90721a9', 'width': 134, 'height': 134, 'tag': 'original'}, {'url': 'https://s.yimg.com/uu/api/res/1.2/KEdqSExSYqgOD6Q4jIa7Tg--~B/Zmk9c3RyaW07aD0xMjg7dz0xNzA7YXBwaWQ9eXRhY2h5b24-/https://media.zenfs.com/en/us.finance.gurufocus/5e2475e282daf59dda755837d90721a9', 'width': 170, 'height': 128, 'tag': '170x128'}]}, 'provider': {'displayName': 'GuruFocus.com', 'url': 'http://www.gurufocus.com/'}, 'canonicalUrl': {'url': 'https://finance.yahoo.com/news/hdfc-bank-ltd-hdb-q4-070021819.html', 'site': 'finance', 'region': 'US', 'lang': 'en-US'}, 'clickThroughUrl': {'url': 'https://finance.yahoo.com/news/hdfc-bank-ltd-hdb-q4-070021819.html', 'site': 'finance', 'region': 'US', 'lang': 'en-US'}, 'metadata': {'editorsPick': False}, 'finance': {'premiumFinance': {'isPremiumNews': False, 'isPremiumFreeNews': False}}, 'storyline': None}
- {'id': '4bfce8a9-2116-30eb-94ea-75ba088ddb5f', 'contentType': 'STORY', 'title': "India's HDFC Bank hits four-month high as deposit rate cut seen lifting margins", 'description': '', 'summary': "Shares of India's HDFC Bank rose as much as 4% on Tuesday to 1,876.80 rupees and were set for their best day in 10 months, after its deposit rate cuts were seen as a margin boost amid slowing loan growth in the industry.  India's largest private lender rose to 1,876.80 rupees as of 8:53 a.m. GMT, its highest since early December, after the bank cut savings deposit rates by 25 basis points across tiers - its first cut in the under-5-million-rupee ($58,263) category in five years.  Brokerage Macquarie said the rate cut could boost HDFC Bank's margins by five basis points starting the first quarter of fiscal 2026, while Jefferies estimated it would reduce costs on 23% of its deposits.", 'pubDate': '2025-04-15T08:47:24Z', 'displayTime': '2025-04-15T08:47:24Z', 'isHosted': True, 'bypassModal': False, 'previewUrl': None, 'thumbnail': {'originalUrl': 'https://media.zenfs.com/en/reuters.com/c16af189f4dcc9f240b5a384acfa4c16', 'originalWidth': 800, 'originalHeight': 552, 'caption': "The headquarters of India's HDFC bank is pictured in Mumbai", 'resolutions': [{'url': 'https://s.yimg.com/uu/api/res/1.2/Y8sX7nGUC5jgaucS6RtWLg--~B/aD01NTI7dz04MDA7YXBwaWQ9eXRhY2h5b24-/https://media.zenfs.com/en/reuters.com/c16af189f4dcc9f240b5a384acfa4c16', 'width': 800, 'height': 552, 'tag': 'original'}, {'url': 'https://s.yimg.com/uu/api/res/1.2/OM1nWpXIr62T21H_fAkbLw--~B/Zmk9c3RyaW07aD0xMjg7dz0xNzA7YXBwaWQ9eXRhY2h5b24-/https://media.zenfs.com/en/reuters.com/c16af189f4dcc9f240b5a384acfa4c16', 'width': 170, 'height': 128, 'tag': '170x128'}]}, 'provider': {'displayName': 'Reuters', 'url': 'https://www.reuters.com/'}, 'canonicalUrl': {'url': 'https://sg.finance.yahoo.com/news/indias-hdfc-bank-hits-four-084724842.html', 'site': 'finance', 'region': 'SG', 'lang': 'en-SG'}, 'clickThroughUrl': {'url': 'https://finance.yahoo.com/news/indias-hdfc-bank-hits-four-084724842.html', 'site': 'finance', 'region': 'US', 'lang': 'en-US'}, 'metadata': {'editorsPick': False}, 'finance': {'premiumFinance': {'isPremiumNews': False, 'isPremiumFreeNews': False}}, 'storyline': None}
- {'id': '2d731b88-f598-385f-8c54-d0b8e34a34be', 'contentType': 'STORY', 'title': 'HDFC Bank (HDB): The Best Indian Stock to Buy According to Billionaires', 'description': '', 'summary': 'We recently published a list of the 10 Best Indian Stocks to Buy According to Billionaires. In this article, we will take a look at where HDFC Bank Limited (NYSE:HDB) stands against other best Indian stocks. India’s stock market had a rough ride during the second half of FY25, amid uncertainty around US tariffs, weak […]', 'pubDate': '2025-04-14T14:11:48Z', 'displayTime': '2025-04-14T14:11:48Z', 'isHosted': True, 'bypassModal': False, 'previewUrl': None, 'thumbnail': {'originalUrl': 'https://media.zenfs.com/en/insidermonkey.com/666484a7dbf9a580c51efd5fef381187', 'originalWidth': 1456, 'originalHeight': 816, 'caption': 'Is HDFC Bank Limited (HDB) Among the Best Indian Stocks to Buy According to Billionaires?', 'resolutions': [{'url': 'https://s.yimg.com/uu/api/res/1.2/IKk5.O3E0m.0Vy3jsnFNyQ--~B/aD04MTY7dz0xNDU2O2FwcGlkPXl0YWNoeW9u/https://media.zenfs.com/en/insidermonkey.com/666484a7dbf9a580c51efd5fef381187', 'width': 1456, 'height': 816, 'tag': 'original'}, {'url': 'https://s.yimg.com/uu/api/res/1.2/Wfo.Vg5zsuFmyFPU6f8WXw--~B/Zmk9c3RyaW07aD0xMjg7dz0xNzA7YXBwaWQ9eXRhY2h5b24-/https://media.zenfs.com/en/insidermonkey.com/666484a7dbf9a580c51efd5fef381187', 'width': 170, 'height': 128, 'tag': '170x128'}]}, 'provider': {'displayName': 'Insider Monkey', 'url': 'http://www.insidermonkey.com'}, 'canonicalUrl': {'url': 'https://finance.yahoo.com/news/hdfc-bank-hdb-best-indian-141148135.html', 'site': 'finance', 'region': 'US', 'lang': 'en-US'}, 'clickThroughUrl': {'url': 'https://finance.yahoo.com/news/hdfc-bank-hdb-best-indian-141148135.html', 'site': 'finance', 'region': 'US', 'lang': 'en-US'}, 'metadata': {'editorsPick': False}, 'finance': {'premiumFinance': {'isPremiumNews': False, 'isPremiumFreeNews': False}}, 'storyline': None}
            
            Provide your analysis in this exact format (include all sections):
            
            SENTIMENT: [POSITIVE/NEGATIVE/NEUTRAL]
            CONFIDENCE: [0-100]
            KEY_THEMES: [comma-separated list of 2-3 key themes or topics]
            
            Be specific and focus on actionable insights. If unsure, mark as NEUTRAL with 50 confidence.
            
2025-05-25 00:16:15,977 - INFO - Sending request to Ollama with model: llama3.2:latest
2025-05-25 00:16:25,395 - INFO - Ollama response status: 200
2025-05-25 00:16:25,397 - INFO - Received LLM response: SENTIMENT: POSITIVE
CONFIDENCE: 80
KEY_THEMES: HDFC Bank's financial stability, deposit rate cuts, margin boosts, Indian stock market trends, billionaire recommendations
2025-05-25 00:16:25,397 - WARNING - Error parsing quoted themes: No closing quotation
2025-05-25 00:16:25,397 - INFO - Parsed sentiment result: {'sentiment': 'POSITIVE', 'confidence': 80, 'themes': ["HDFC Bank's financial stability", 'deposit rate cuts', 'margin boosts']}
2025-05-25 00:16:25,397 - INFO - 
Sentiment Analysis Results:
2025-05-25 00:16:25,397 - INFO - Stock: HDFCBANK.NS
2025-05-25 00:16:25,397 - INFO - Sentiment: POSITIVE
2025-05-25 00:16:25,397 - INFO - Confidence: 80
2025-05-25 00:16:25,397 - INFO - Themes: HDFC Bank's financial stability, deposit rate cuts, margin boosts
2025-05-25 00:16:27,402 - INFO - 
Testing sector analysis...
2025-05-25 00:16:27,403 - INFO - Sending request to Ollama with model: llama3.2:latest
2025-05-25 00:16:32,888 - INFO - Ollama response status: 200
2025-05-25 00:16:32,889 - INFO - Sending request to Ollama with model: llama3.2:latest
2025-05-25 00:16:38,313 - INFO - Ollama response status: 200
2025-05-25 00:16:38,314 - INFO - Sending request to Ollama with model: llama3.2:latest
2025-05-25 00:16:43,712 - INFO - Ollama response status: 200
2025-05-25 00:16:43,713 - INFO - Sending request to Ollama with model: llama3.2:latest
2025-05-25 00:16:49,166 - INFO - Ollama response status: 200
2025-05-25 00:16:49,167 - INFO - Sending request to Ollama with model: llama3.2:latest
2025-05-25 00:16:54,630 - INFO - Ollama response status: 200
2025-05-25 00:16:54,631 - INFO - Sending request to Ollama with model: llama3.2:latest
2025-05-25 00:17:00,180 - INFO - Ollama response status: 200
2025-05-25 00:17:00,185 - INFO - 
Sector Analysis Results:
2025-05-25 00:17:00,186 - INFO - Sector: Technology
2025-05-25 00:17:00,186 - INFO - Outlook: NEUTRAL
2025-05-25 00:17:00,186 - INFO - Drivers: None
2025-05-25 00:17:00,186 - INFO - Risks: None
2025-05-25 00:17:00,186 - INFO - 
Test completed. Check sentiment_analysis.log for detailed logs.
2025-05-25 00:18:35,284 - INFO - Starting sentiment analysis test...
2025-05-25 00:18:35,286 - INFO - 
==================================================
2025-05-25 00:18:35,287 - INFO - Testing sentiment analysis for RELIANCE.NS
2025-05-25 00:18:35,288 - INFO - ==================================================
2025-05-25 00:18:35,288 - INFO - Fetching news for ticker: RELIANCE.NS
2025-05-25 00:18:36,678 - INFO - Found 10 total news items from Yahoo Finance
2025-05-25 00:18:36,679 - INFO - Found headline: {'id': '506744b7-1fb8-33ce-a5ec-96487d533aa2', 'contentType': 'STORY', 'title': "India's Reliance to start solar module factory this year, exec says", 'description': '', 'summary': '"We are today building three bigger factories... in order to produce clean energy requirements," said Partha P Maitra, President, Strategy and Initiatives at Reliance Industries.  Reliance aims to eventually scale up solar module capacity to 20 GW per year, Maitra said.', 'pubDate': '2025-05-22T07:37:54Z', 'displayTime': '2025-05-22T07:37:54Z', 'isHosted': True, 'bypassModal': False, 'previewUrl': None, 'thumbnail': {'originalUrl': 'https://media.zenfs.com/en/reuters.com/80df2ac4029b940dcceda9cdeca654c7', 'originalWidth': 800, 'originalHeight': 580, 'caption': 'FILE PHOTO: A guard walks past the Reliance Industries logo near the entrance of Dhirubhai Ambani Knowledge City in Navi Mumbai', 'resolutions': [{'url': 'https://s.yimg.com/uu/api/res/1.2/b.BMyZSgLRcIhJeC8otx8w--~B/aD01ODA7dz04MDA7YXBwaWQ9eXRhY2h5b24-/https://media.zenfs.com/en/reuters.com/80df2ac4029b940dcceda9cdeca654c7', 'width': 800, 'height': 580, 'tag': 'original'}, {'url': 'https://s.yimg.com/uu/api/res/1.2/wDgHem_ZaNykvF3P5vQbcA--~B/Zmk9c3RyaW07aD0xMjg7dz0xNzA7YXBwaWQ9eXRhY2h5b24-/https://media.zenfs.com/en/reuters.com/80df2ac4029b940dcceda9cdeca654c7', 'width': 170, 'height': 128, 'tag': '170x128'}]}, 'provider': {'displayName': 'Reuters', 'url': 'https://www.reuters.com/'}, 'canonicalUrl': {'url': 'https://sg.finance.yahoo.com/news/indias-reliance-start-solar-module-073754086.html', 'site': 'finance', 'region': 'SG', 'lang': 'en-SG'}, 'clickThroughUrl': {'url': 'https://finance.yahoo.com/news/indias-reliance-start-solar-module-073754086.html', 'site': 'finance', 'region': 'US', 'lang': 'en-US'}, 'metadata': {'editorsPick': False}, 'finance': {'premiumFinance': {'isPremiumNews': False, 'isPremiumFreeNews': False}}, 'storyline': None}
2025-05-25 00:18:36,679 - INFO - Found headline: {'id': 'd72999bc-b28d-38cd-9b5a-54faf626678f', 'contentType': 'STORY', 'title': 'Indian billionaire Ambani to meet Trump, Qatar emir in Doha, sources say', 'description': '', 'summary': "NEW DELHI (Reuters) -Indian billionaire Mukesh Ambani will meet U.S. President Donald Trump and the emir of Qatar in Doha on Wednesday, two sources told Reuters, as his company Reliance Industries looks to foster ties with authorities in both nations.  Qatar's sovereign wealth fund, QIA, has invested in Reliance businesses over the years, and Ambani, who is Asia's richest man, has many business partnerships with the likes of U.S. tech giants such as Google and Meta.  Ambani will attend a state dinner for Trump at the Lusail Palace in Doha, but did not plan to hold any investment or business discussions, said the first source, who had direct knowledge of the matter.", 'pubDate': '2025-05-14T09:08:43Z', 'displayTime': '2025-05-14T09:08:43Z', 'isHosted': True, 'bypassModal': False, 'previewUrl': None, 'thumbnail': {'originalUrl': 'https://media.zenfs.com/en/reuters.com/f79808db95b5eba52463805745f17d86', 'originalWidth': 800, 'originalHeight': 533, 'caption': 'Vibrant Gujarat Global Summit, in Gandhinagar', 'resolutions': [{'url': 'https://s.yimg.com/uu/api/res/1.2/N9oGthKEoDRLmyqjYIY9Wg--~B/aD01MzM7dz04MDA7YXBwaWQ9eXRhY2h5b24-/https://media.zenfs.com/en/reuters.com/f79808db95b5eba52463805745f17d86', 'width': 800, 'height': 533, 'tag': 'original'}, {'url': 'https://s.yimg.com/uu/api/res/1.2/CPOVculvoNGRxM4H4hDLfQ--~B/Zmk9c3RyaW07aD0xMjg7dz0xNzA7YXBwaWQ9eXRhY2h5b24-/https://media.zenfs.com/en/reuters.com/f79808db95b5eba52463805745f17d86', 'width': 170, 'height': 128, 'tag': '170x128'}]}, 'provider': {'displayName': 'Reuters', 'url': 'https://www.reuters.com/'}, 'canonicalUrl': {'url': 'https://finance.yahoo.com/news/indian-billionaire-ambani-meet-trump-090843927.html', 'site': 'finance', 'region': 'US', 'lang': 'en-US'}, 'clickThroughUrl': {'url': 'https://finance.yahoo.com/news/indian-billionaire-ambani-meet-trump-090843927.html', 'site': 'finance', 'region': 'US', 'lang': 'en-US'}, 'metadata': {'editorsPick': False}, 'finance': {'premiumFinance': {'isPremiumNews': False, 'isPremiumFreeNews': False}}, 'storyline': None}
2025-05-25 00:18:36,680 - INFO - Found headline: {'id': '7d82daf0-c9e4-38f0-83fd-30ea4e4a7680', 'contentType': 'STORY', 'title': "India's April diesel exports likely hit lowest level in over a decade, sources say", 'description': '', 'summary': 'SINGAPORE (Reuters) -India\'s diesel exports likely hit their lowest level in over a decade in April as major exporter Reliance cut refining output for maintenance at a time when domestic demand was robust, trade sources and analysts said.  India, one of Asia\'s top-three diesel exporters, exported around 1.15 million metric tons (9.69 million barrels) of the industrial and transportation fuel in April, an average of data from LSEG, Kpler, Vortexa and two trade sources showed.  "The unexpectedly low outflows from India for April resulted in limited supplies heading for Asia and Europe," LSEG Oil Research senior analyst Charles Ong wrote in a note.', 'pubDate': '2025-05-06T07:45:00Z', 'displayTime': '2025-05-06T07:45:00Z', 'isHosted': True, 'bypassModal': False, 'previewUrl': None, 'thumbnail': {'originalUrl': 'https://media.zenfs.com/en/reuters.com/33e703c88677146cc6eb02247020c872', 'originalWidth': 800, 'originalHeight': 501, 'caption': 'A worker fills diesel in a container at a fuel station in Kolkata', 'resolutions': [{'url': 'https://s.yimg.com/uu/api/res/1.2/I9VdEjunE8gc34d8h6uCxQ--~B/aD01MDE7dz04MDA7YXBwaWQ9eXRhY2h5b24-/https://media.zenfs.com/en/reuters.com/33e703c88677146cc6eb02247020c872', 'width': 800, 'height': 501, 'tag': 'original'}, {'url': 'https://s.yimg.com/uu/api/res/1.2/dfzgU7L7iSSD0lDuCQNgjw--~B/Zmk9c3RyaW07aD0xMjg7dz0xNzA7YXBwaWQ9eXRhY2h5b24-/https://media.zenfs.com/en/reuters.com/33e703c88677146cc6eb02247020c872', 'width': 170, 'height': 128, 'tag': '170x128'}]}, 'provider': {'displayName': 'Reuters', 'url': 'https://www.reuters.com/'}, 'canonicalUrl': {'url': 'https://sg.finance.yahoo.com/news/indias-april-diesel-exports-likely-074500388.html', 'site': 'finance', 'region': 'SG', 'lang': 'en-SG'}, 'clickThroughUrl': {'url': 'https://finance.yahoo.com/news/indias-april-diesel-exports-likely-074500388.html', 'site': 'finance', 'region': 'US', 'lang': 'en-US'}, 'metadata': {'editorsPick': False}, 'finance': {'premiumFinance': {'isPremiumNews': False, 'isPremiumFreeNews': False}}, 'storyline': None}
2025-05-25 00:18:36,680 - INFO - Found headline: {'id': '18b5c5c2-5d65-3bf6-b0bd-aee865e45f42', 'contentType': 'VIDEO', 'title': "How Ambani's Campa Cola is Hurting Coke, Pepsi in India", 'description': "Asia's richest man, Mukesh Ambani, is challenging Coca-Cola and PepsiCo's dominance in India with Reliance Industries' Campa Cola brand.\nBloomberg's Satviki Sanjay appeared on Insight with Haslinda Amin to discuss what's behind the growing success of the brand.", 'summary': "Asia's richest man, Mukesh Ambani, is challenging Coca-Cola and PepsiCo's dominance in India with Reliance Industries' Campa Cola brand. Bloomberg's Satviki Sanjay appeared on Insight with Haslinda Amin to discuss what's behind the growing success of the brand.", 'pubDate': '2025-05-06T05:36:43Z', 'displayTime': '', 'isHosted': True, 'bypassModal': False, 'previewUrl': None, 'thumbnail': {'originalUrl': 'https://media.zenfs.com/en/bloomberg_markets_video_2/12310404b077c8de4f929ec72b95679d', 'originalWidth': 1280, 'originalHeight': 720, 'caption': '', 'resolutions': [{'url': 'https://s.yimg.com/uu/api/res/1.2/kB_Nhx1U6kkOYfbwbkrPLA--~B/aD03MjA7dz0xMjgwO2FwcGlkPXl0YWNoeW9u/https://media.zenfs.com/en/bloomberg_markets_video_2/12310404b077c8de4f929ec72b95679d', 'width': 1280, 'height': 720, 'tag': 'original'}, {'url': 'https://s.yimg.com/uu/api/res/1.2/3QIyuTdJS_HRkieGNQAoHQ--~B/Zmk9c3RyaW07aD0xMjg7dz0xNzA7YXBwaWQ9eXRhY2h5b24-/https://media.zenfs.com/en/bloomberg_markets_video_2/12310404b077c8de4f929ec72b95679d', 'width': 170, 'height': 128, 'tag': '170x128'}]}, 'provider': {'displayName': 'Bloomberg', 'url': 'https://www.bloomberg.com/'}, 'canonicalUrl': {'url': 'https://finance.yahoo.com/video/ambanis-campa-cola-hurting-coke-053643944.html', 'site': 'finance', 'region': 'US', 'lang': 'en-US'}, 'clickThroughUrl': {'url': 'https://finance.yahoo.com/video/ambanis-campa-cola-hurting-coke-053643944.html', 'site': 'finance', 'region': 'US', 'lang': 'en-US'}, 'metadata': {'editorsPick': False}, 'finance': {'premiumFinance': {'isPremiumNews': False, 'isPremiumFreeNews': False}}, 'storyline': None}
2025-05-25 00:18:36,681 - INFO - Found headline: {'id': 'e31eb9d7-b117-4bc3-bd2a-d0f79716b1eb', 'contentType': 'STORY', 'title': 'Trending tickers: Deliveroo, Reliance, Toyota, Novavax and M&S', 'description': '', 'summary': 'The latest investor updates on stocks that are trending on Monday', 'pubDate': '2025-04-28T09:44:36Z', 'displayTime': '2025-04-28T09:44:36Z', 'isHosted': True, 'bypassModal': False, 'previewUrl': None, 'thumbnail': {'originalUrl': 'https://s.yimg.com/os/creatr-uploaded-images/2025-04/d9028e40-2412-11f0-a77e-e6460752fb57', 'originalWidth': 4313, 'originalHeight': 2871, 'caption': '', 'resolutions': [{'url': 'https://s.yimg.com/uu/api/res/1.2/L13AVNw_ziMsQdRzLif9Fg--~B/aD0yODcxO3c9NDMxMzthcHBpZD15dGFjaHlvbg--/https://s.yimg.com/os/creatr-uploaded-images/2025-04/d9028e40-2412-11f0-a77e-e6460752fb57', 'width': 4313, 'height': 2871, 'tag': 'original'}, {'url': 'https://s.yimg.com/uu/api/res/1.2/gzlCxUYD4cjqGXjxHfGu9g--~B/Zmk9c3RyaW07aD0xMjg7dz0xNzA7YXBwaWQ9eXRhY2h5b24-/https://s.yimg.com/os/creatr-uploaded-images/2025-04/d9028e40-2412-11f0-a77e-e6460752fb57', 'width': 170, 'height': 128, 'tag': '170x128'}]}, 'provider': {'displayName': 'Yahoo Finance UK', 'url': 'http://uk.finance.yahoo.com/'}, 'canonicalUrl': {'url': 'https://uk.finance.yahoo.com/news/deliveroo-reliance-toyota-novavax-ms-trending-tickers-094342819.html', 'site': 'finance', 'region': 'GB', 'lang': 'en-GB'}, 'clickThroughUrl': {'url': 'https://finance.yahoo.com/news/deliveroo-reliance-toyota-novavax-ms-trending-tickers-094342819.html', 'site': 'finance', 'region': 'US', 'lang': 'en-US'}, 'metadata': {'editorsPick': False}, 'finance': {'premiumFinance': {'isPremiumNews': False, 'isPremiumFreeNews': False}}, 'storyline': None}
2025-05-25 00:18:36,681 - INFO - Found 5 relevant headlines from Yahoo Finance for RELIANCE.NS
2025-05-25 00:18:36,681 - INFO - Sending request to Ollama with model: llama3.2:latest
2025-05-25 00:18:52,650 - INFO - Ollama response status: 200
2025-05-25 00:18:52,653 - INFO - Received LLM response: SENTIMENT: NEUTRAL
CONFIDENCE: 60
KEY_THEMES: Reliance Industries' solar module factory launch, Mukesh Ambani's meetings with Trump and Qatar emir, India's diesel exports, Campa Cola brand's impact on Coca-Cola and PepsiCo in India.

Analysis:

The recent news headlines provide a mixed picture of Reliance Industries and its key stakeholders. On one hand, the company is set to launch a solar module factory this year, which is a positive development for the environment and the company's clean energy initiatives. This event suggests that Reliance Industries is investing in sustainable technologies, which could be a growth driver for the company.

On the other hand, Mukesh Ambani's meetings with Trump and the Qatar emir may indicate that the company is seeking to expand its business partnerships and investments in these regions. However, the specific details of these meetings are not provided, making it difficult to assess their potential impact on Reliance Industries' stock price.


2025-05-25 00:18:52,653 - INFO - Parsed sentiment result: {'sentiment': 'NEUTRAL', 'confidence': 60, 'themes': ['Reliance', 'Industries solar module factory launch, Mukesh Ambanis', 'meetings']}
2025-05-25 00:18:52,654 - INFO - 
Sentiment Analysis Results:
2025-05-25 00:18:52,654 - INFO - Stock: RELIANCE.NS
2025-05-25 00:18:52,654 - INFO - Sentiment: NEUTRAL
2025-05-25 00:18:52,654 - INFO - Confidence: 60
2025-05-25 00:18:52,654 - INFO - Themes: Reliance, Industries solar module factory launch, Mukesh Ambanis, meetings
2025-05-25 00:18:53,545 - INFO - 
Test completed. Check sentiment_analysis.log for detailed logs.
2025-05-25 00:18:55,140 - INFO - Starting sentiment analysis test...
2025-05-25 00:18:55,140 - INFO - 
==================================================
2025-05-25 00:18:55,140 - INFO - Testing sentiment analysis for RELIANCE.NS
2025-05-25 00:18:55,140 - INFO - ==================================================
2025-05-25 00:18:55,140 - INFO - Fetching news for ticker: RELIANCE.NS
2025-05-25 00:18:55,724 - INFO - Found 10 total news items from Yahoo Finance
2025-05-25 00:18:55,732 - INFO - Found 5 relevant headlines from Yahoo Finance for RELIANCE.NS
2025-05-25 00:18:55,735 - INFO - Sending request to Ollama with model: llama3.2:latest
2025-05-25 00:19:02,699 - INFO - Ollama response status: 200
2025-05-25 00:19:02,700 - INFO - Received LLM response: SENTIMENT: NEUTRAL
CONFIDENCE: 50
KEY_THEMES: Reliance Industries' solar module factory launch, Mukesh Ambani's meeting with Trump and Qatar emir, diesel exports, Campa Cola brand success, and market trends.

Analysis:

The recent news headlines about Reliance Industries provide a mixed picture of the company's performance. On one hand, the announcement of the solar module factory launch is a positive development, indicating the company's commitment to renewable energy and reducing its carbon footprint. This could be seen as a positive trend for the company's sustainability efforts.

On the other hand, the news about diesel exports hitting their lowest level in over a decade is a negative indicator. This suggests that Reliance Industries' refining output was reduced due to maintenance, which could impact the company's revenue and profitability.

The meeting between Mukesh Ambani and Trump and Qatar emir is also neutral, as it does not provide any specific information about potential business deals or investments.


2025-05-25 00:19:02,701 - INFO - Parsed sentiment result: {'sentiment': 'NEUTRAL', 'confidence': 50, 'themes': ['Reliance', 'Industries solar module factory launch, Mukesh Ambanis', 'meeting']}
2025-05-25 00:19:02,701 - INFO - 
Sentiment Analysis Results:
2025-05-25 00:19:02,701 - INFO - Stock: RELIANCE.NS
2025-05-25 00:19:02,701 - INFO - Sentiment: NEUTRAL
2025-05-25 00:19:02,701 - INFO - Confidence: 50
2025-05-25 00:19:02,701 - INFO - Themes: Reliance, Industries solar module factory launch, Mukesh Ambanis, meeting
2025-05-25 00:19:04,708 - INFO - 
==================================================
2025-05-25 00:19:04,708 - INFO - Testing sentiment analysis for TCS.NS
2025-05-25 00:19:04,708 - INFO - ==================================================
2025-05-25 00:19:04,715 - INFO - Fetching news for ticker: TCS.NS
2025-05-25 00:19:04,892 - INFO - Found 10 total news items from Yahoo Finance
2025-05-25 00:19:04,893 - INFO - Found 5 relevant headlines from Yahoo Finance for TCS.NS
2025-05-25 00:19:04,893 - INFO - Sending request to Ollama with model: llama3.2:latest
2025-05-25 00:19:18,131 - INFO - Ollama response status: 200
2025-05-25 00:19:18,133 - INFO - Received LLM response: SENTIMENT: NEUTRAL
CONFIDENCE: 60
KEY_THEMES: TCS partnership with SAP, India's IT sector, US tariff chaos affecting client sentiment, banking infrastructure overhaul.

Analysis:

The recent news headlines for TCS.NS stock suggest a neutral sentiment overall. While there are some negative mentions of the impact of US tariffs on client confidence and spending in India's IT sector, these are balanced by positive developments such as TCS's expansion of its partnership with SAP to drive cloud adoption.

The key themes that emerge from these headlines are:

* TCS's partnership with SAP: This is a significant development for TCS, as it highlights the company's ability to leverage its strengths in cloud computing and digital transformation to support its clients.
* India's IT sector: The impact of US tariffs on client confidence and spending in this sector is a concern, but it also underscores the importance of TCS and other Indian IT companies in driving growth and innovation in the region.
* Banking
2025-05-25 00:19:18,133 - WARNING - Error parsing quoted themes: No closing quotation
2025-05-25 00:19:18,133 - INFO - Parsed sentiment result: {'sentiment': 'NEUTRAL', 'confidence': 60, 'themes': ['TCS partnership with SAP', "India's IT sector", 'US tariff chaos affecting client sentiment']}
2025-05-25 00:19:18,133 - INFO - 
Sentiment Analysis Results:
2025-05-25 00:19:18,133 - INFO - Stock: TCS.NS
2025-05-25 00:19:18,133 - INFO - Sentiment: NEUTRAL
2025-05-25 00:19:18,133 - INFO - Confidence: 60
2025-05-25 00:19:18,134 - INFO - Themes: TCS partnership with SAP, India's IT sector, US tariff chaos affecting client sentiment
2025-05-25 00:19:20,136 - INFO - 
==================================================
2025-05-25 00:19:20,137 - INFO - Testing sentiment analysis for HDFCBANK.NS
2025-05-25 00:19:20,137 - INFO - ==================================================
2025-05-25 00:19:20,141 - INFO - Fetching news for ticker: HDFCBANK.NS
2025-05-25 00:19:20,451 - INFO - Found 10 total news items from Yahoo Finance
2025-05-25 00:19:20,451 - INFO - Found 5 relevant headlines from Yahoo Finance for HDFCBANK.NS
2025-05-25 00:19:20,452 - INFO - Sending request to Ollama with model: llama3.2:latest
2025-05-25 00:19:35,300 - INFO - Ollama response status: 200
2025-05-25 00:19:35,303 - INFO - Received LLM response: SENTIMENT: POSITIVE
CONFIDENCE: 80
KEY_THEMES: HDFC Bank's strong financial performance, deposit rate cuts, and positive sentiment from billionaire investors.

Analysis:

The recent news headlines for HDFCBANK.NS stock convey a predominantly positive sentiment. The articles highlight the bank's robust financial stability, reduced credit deposit ratio, and stable net interest margins despite facing global economic challenges. The deposit rate cuts are seen as a margin boost, which has led to an increase in the bank's shares.

The article from Reuters on April 15th ("India's HDFC Bank hits four-month high as deposit rate cut seen lifting margins") sets the tone for the positive sentiment, with the bank's shares rising as much as 4% and being set for their best day in 10 months. The Macquarie brokerage is also quoted as saying that the rate cut could boost HDFC Bank's margins by five basis points starting the first quarter of fiscal 2026.

The article
2025-05-25 00:19:35,304 - WARNING - Error parsing quoted themes: No closing quotation
2025-05-25 00:19:35,304 - INFO - Parsed sentiment result: {'sentiment': 'POSITIVE', 'confidence': 80, 'themes': ["HDFC Bank's strong financial performance", 'deposit rate cuts', 'and positive sentiment from billionaire investors']}
2025-05-25 00:19:35,304 - INFO - 
Sentiment Analysis Results:
2025-05-25 00:19:35,304 - INFO - Stock: HDFCBANK.NS
2025-05-25 00:19:35,304 - INFO - Sentiment: POSITIVE
2025-05-25 00:19:35,304 - INFO - Confidence: 80
2025-05-25 00:19:35,304 - INFO - Themes: HDFC Bank's strong financial performance, deposit rate cuts, and positive sentiment from billionaire investors
2025-05-25 00:19:37,314 - INFO - 
Testing sector analysis...
2025-05-25 00:19:37,315 - INFO - Sending request to Ollama with model: llama3.2:latest
2025-05-25 00:19:42,831 - INFO - Ollama response status: 200
2025-05-25 00:19:42,834 - INFO - Sending request to Ollama with model: llama3.2:latest
2025-05-25 00:19:48,204 - INFO - Ollama response status: 200
2025-05-25 00:19:48,205 - INFO - Sending request to Ollama with model: llama3.2:latest
2025-05-25 00:19:53,580 - INFO - Ollama response status: 200
2025-05-25 00:19:53,581 - INFO - Sending request to Ollama with model: llama3.2:latest
2025-05-25 00:19:58,987 - INFO - Ollama response status: 200
2025-05-25 00:19:58,987 - INFO - Sending request to Ollama with model: llama3.2:latest
2025-05-25 00:20:04,386 - INFO - Ollama response status: 200
2025-05-25 00:20:04,387 - INFO - Sending request to Ollama with model: llama3.2:latest
2025-05-25 00:20:09,753 - INFO - Ollama response status: 200
2025-05-25 00:20:09,754 - INFO - 
Sector Analysis Results:
2025-05-25 00:20:09,754 - INFO - Sector: Technology
2025-05-25 00:20:09,754 - INFO - Outlook: NEUTRAL
2025-05-25 00:20:09,755 - INFO - Drivers: None
2025-05-25 00:20:09,755 - INFO - Risks: None
2025-05-25 00:20:09,755 - INFO - 
Test completed. Check sentiment_analysis.log for detailed logs.
